domain,afm,afm_bias,afm_min,afm_rely,fc,mbfc,mbfc_bias,mbfc_fact,mbfc_min,lewandowsky_acc,lewandowsky_trans,lewandowsky_rely,lewandowsky_mean,lewandowsky_min,misinfome,misinfome_bin
whatdoesitmean.com,,,,,0,0.1111,,0.1111,0.1111,0,0,0,0,0,,1
blacklistednews.com,,,,,0,0.3889,,0.3889,0.3889,0,0,0,0,0,0.1485,0
angrypatriotmovement.com,,,,,0,0.3333,0.5,0.1667,0.1667,0,0,0,0,0,,1
bb4sp.com,,,,,0,0.4167,0.5,0.3333,0.3333,0,0,0,0,0,0.0165,0
beforeitsnews.com,0.0127,0.0254,0,0,0,0.4167,0.5,0.3333,0.3333,0,0,0,0,0,0.033,0
clashdaily.com,,,,,0,0.4167,0.5,0.3333,0.3333,0,0,0,0,0,0.0252,0
conservativedailypost.com,,,,,0,0.4167,0.5,0.3333,0.3333,0,0,0,0,0,0.0018,0
patriotpost.us,,,,,0,0.5833,0.6667,0.5,0.5,0.5,0.5,1,0.5,0.5,,1
dailysignal.com,0.4841,0.4292,0.4292,0.5391,0,0.5833,0.5,0.6667,0.5,0.5,0.5,1,0.5,0.5,,1
antiwar.com,,,,,0,0.75,0.8333,0.6667,0.6667,0.25,0,0,0.125,0,,1
now8news.com,,,,,0,,,,,0,0,0,0,0,0.0069,0
downtrend.com,,,,,0,,,,,0,0,0,0,0,,1
activepost.com,,,,,0,,,,,,,,,,,1
dailybuzzlive.com,,,,,0,,,,,0,0,0,0,0,0.0078,0
notallowedto.com,,,,,0,,,,,0,0,0,0,0,0.0127,0
onepoliticalplaza.com,,,,,0,,,,,0,0,0,0,0,,1
newsbreakshere.com,,,,,0,,,,,0,0,0,0,0,,1
americannews.com,,,,,0,,,,,0,0,0,0,0,,1
thenewyorkevening.com,,,,,0,,,,,0,0,0,0,0,,1
socialeverythings.com,,,,,0,,,,,0,0,0,0,0,,1
react365.com,,,,,0,,,,,0,0,0,0,0,0,0
realnewsrightnow.com,,,,,0,,,,,0,0,0,0,0,,1
infowars.com,0.1606,0.1331,0.1331,0.1881,0.033,0.1111,,0.1111,0.1111,0,0,0,0,0,0.0165,0
thepoliticalinsider.com,,,,,0.033,0.4167,0.5,0.3333,0.3333,0,0,0,0,0,,1
commondreams.org,0.604,0.4364,0.4364,0.7716,0.033,0.75,0.6667,0.8333,0.6667,0.25,0.5,1,0.375,0.25,,1
conservativetribune.com,,,,,0.033,,,,,0.5,0.5,1,0.5,0.5,,1
freedomdaily.com,,,,,0.033,,,,,0,0,0,0,0,0.0048,0
westernjournal.com,0.4547,0.3664,0.3664,0.5431,0.0659,0.3333,0.5,0.1667,0.1667,0,0,0,0,0,,1
newspunch.com,0.2824,0.2446,0.2446,0.3202,0.0659,0.3333,0.5,0.1667,0.1667,0,0,0,0,0,0.0124,0
redstate.com,0.3316,0.2769,0.2769,0.3863,0.0659,0.5,0.5,0.5,0.5,0,0,0,0,0,,1
yournewswire.com,,,,,0.0659,,,,,0,0,0,0,0,0.0322,0
channel24news.com,,,,,0.0659,,,,,0,0,0,0,0,,1
thedailysheeple.com,,,,,0.0989,0.3333,,0.3333,0.3333,0,0,0,0,0,0.1155,0
rawstory.com,0.5258,0.4474,0.4474,0.6043,0.0989,0.5833,0.6667,0.5,0.5,0.25,0.5,1,0.375,0.25,,1
ijr.com,,,,,0.0989,0.6667,0.6667,0.6667,0.6667,0.5,0.5,1,0.5,0.5,,1
newsmax.com,0.4852,0.4672,0.4672,0.5032,0.1429,0.5,0.5,0.5,0.5,0,0,0,0,0,0.1561,0
crooksandliars.com,0.4194,0.3193,0.3193,0.5195,0.1429,0.5833,0.5,0.6667,0.5,0.5,0.5,1,0.5,0.5,,1
dailycaller.com,0.5317,0.4885,0.4885,0.5748,0.1429,0.5833,0.6667,0.5,0.5,0.25,0.5,1,0.375,0.25,,1
breitbart.com,0.5109,0.4631,0.4631,0.5587,0.1758,0.5,0.5,0.5,0.5,0,0,0,0,0,0.1155,0
dailywire.com,0.6009,0.5469,0.5469,0.6549,0.1758,0.5,0.5,0.5,0.5,0,0,0,0,0,,1
dailykos.com,0.4574,0.3818,0.3818,0.5329,0.1758,0.5,0.5,0.5,0.5,0.25,0.5,1,0.375,0.25,,1
davidicke.com,,,,,,0.0556,,0.0556,0.0556,0,0,0,0,0,0.0353,0
educate-yourself.org,,,,,,0.0556,,0.0556,0.0556,0,0,0,0,0,0.1323,0
healthnutnews.com,,,,,,0.0556,,0.0556,0.0556,0,0,0,0,0,0.0165,0
jesus-is-savior.com,,,,,,0.0556,,0.0556,0.0556,0,0,0,0,0,0.1155,0
learntherisk.org,,,,,,0.0556,,0.0556,0.0556,0,0,0,0,0,0.165,0
oye.news,,,,,,0.0556,,0.0556,0.0556,0,0,0,0,0,0.165,0
pandemic.news,,,,,,0.0556,,0.0556,0.0556,0,0,0,0,0,0.165,0
prisonplanet.com,,,,,,0.0556,,0.0556,0.0556,0,0,0,0,0,0.1959,0
rense.com,,,,,,0.0556,,0.0556,0.0556,0,0,0,0,0,0.1701,0
stormfront.org,,,,,,0.0556,,0.0556,0.0556,0,0,0,0,0,0.1035,0
technocracy.news,,,,,,0.0556,,0.0556,0.0556,0,0,0,0,0,0,0
worldtruth.tv,0.1383,0.2057,0.0709,0.0709,,0.0556,,0.0556,0.0556,0,0,0,0,0,0.0403,0
alternativenews.com,,,,,,0.1111,,0.1111,0.1111,0,0,0,0,0,0.198,0
awarenessact.com,,,,,,0.1111,,0.1111,0.1111,0,0,0,0,0,0.0165,0
biggovernment.news,,,,,,0.1111,,0.1111,0.1111,0,0,0,0,0,0.165,0
biodefense.com,,,,,,0.1111,,0.1111,0.1111,0,0,0,0,0,0.165,0
bugout.news,,,,,,0.1111,,0.1111,0.1111,0,0,0,0,0,0.165,0
campusinsanity.com,,,,,,0.1111,,0.1111,0.1111,0,0,0,0,0,0.165,0
cancer.news,,,,,,0.1111,,0.1111,0.1111,0,0,0,0,0,0.165,0
chlorellafactor.com,,,,,,0.1111,,0.1111,0.1111,0,0,0,0,0,0.165,0
climate.news,,,,,,0.1111,,0.1111,0.1111,0,0,0,0,0,0.165,0
collapse.news,,,,,,0.1111,,0.1111,0.1111,0,0,0,0,0,0.165,0
conspiracydailyupdate.com,,,,,,0.1111,,0.1111,0.1111,0,0,0,0,0,0,0
counterthink.com,,,,,,0.1111,,0.1111,0.1111,0,0,0,0,0,0.165,0
darkjournalist.com,,,,,,0.1111,,0.1111,0.1111,0,0,0,0,0,0.165,0
ecology.news,,,,,,0.1111,,0.1111,0.1111,0,0,0,0,0,0.165,0
geoengineeringwatch.org,,,,,,0.1111,,0.1111,0.1111,0,0,0,0,0,0.0639,0
humansarefree.com,,,,,,0.1111,,0.1111,0.1111,0,0,0,0,0,0.066,0
naturalnews.com,0.0315,0,0,0.063,,0.1111,,0.1111,0.1111,0,0,0,0,0,0.0084,0
needtoknow.news,,,,,,0.1111,,0.1111,0.1111,0,0,0,0,0,0.165,0
neonnettle.com,,,,,,0.1111,,0.1111,0.1111,0,0,0,0,0,0.0102,0
newstarget.com,,,,,,0.1111,,0.1111,0.1111,0,0,0,0,0,0.0251,0
prepareforchange.net,,,,,,0.1111,,0.1111,0.1111,0,0,0,0,0,0.2013,0
qanon.pub,,,,,,0.1111,,0.1111,0.1111,0,0,0,0,0,0.0363,0
revolutionradio.org,,,,,,0.1111,,0.1111,0.1111,0,0,0,0,0,0.0302,0
sheepkillers.com,,,,,,0.1111,,0.1111,0.1111,0,0,0,0,0,0,0
skeptiko.com,,,,,,0.1111,,0.1111,0.1111,0,0,0,0,0,0.0678,0
thecommonsenseshow.com,,,,,,0.1111,,0.1111,0.1111,0,0,0,0,0,0.0165,0
thelibertybeacon.com,,,,,,0.1111,,0.1111,0.1111,0,0,0,0,0,0.033,0
thoughtcrimeradio.net,,,,,,0.1111,,0.1111,0.1111,0,0,0,0,0,0.165,0
usawatchdog.com,,,,,,0.1111,,0.1111,0.1111,0,0,0,0,0,0.1325,0
anonhq.com,,,,,,0.1111,,0.1111,0.1111,0,0,0,0,0,0.132,0
worldaffairsbrief.com,,,,,,0.1111,,0.1111,0.1111,0,0,0,0,0,0.2178,0
assassinationscience.com,,,,,,0.1667,,0.1667,0.1667,0,0,0,0,0,0.0825,0
childrenshealthdefense.org,,,,,,0.1667,,0.1667,0.1667,0,0,0,0,0,0.0358,0
climatism.blog,,,,,,0.1667,,0.1667,0.1667,0,0,0,0,0,0.165,0
consumerwellness.org,,,,,,0.1667,,0.1667,0.1667,0,0,0,0,0,0.2112,0
dailyhealthpost.com,,,,,,0.1667,,0.1667,0.1667,0,0,0,0,0,0.0477,0
disclose.tv,,,,,,0.1667,,0.1667,0.1667,0,0,0,0,0,0.0365,0
earthpulse.com,,,,,,0.1667,,0.1667,0.1667,0,0,0,0,0,0.198,0
fellowshipoftheminds.com,,,,,,0.1667,,0.1667,0.1667,0,0,0,0,0,0.0165,0
gaia.com,,,,,,0.1667,,0.1667,0.1667,0,0,0,0,0,0.1584,0
globalresearch.ca,,,,,,0.1667,,0.1667,0.1667,0,0,0,0,0,0.038,0
globalskywatch.com,,,,,,0.1667,,0.1667,0.1667,0,0,0,0,0,0.165,0
govtslaves.com,,,,,,0.1667,,0.1667,0.1667,0,0,0,0,0,0.165,0
savethemales.ca,,,,,,0.1667,,0.1667,0.1667,0,0,0,0,0,0.231,0
iceagenow.info,,,,,,0.1667,,0.1667,0.1667,0,0,0,0,0,0.198,0
infiniteunknown.net,,,,,,0.1667,,0.1667,0.1667,0,0,0,0,0,0.0825,0
junkscience.com,,,,,,0.1667,,0.1667,0.1667,0,0,0,0,0,0.2145,0
nationalfile.com,0.3021,0.3089,0.2953,0.2953,,0.1667,,0.1667,0.1667,0,0,0,0,0,0.0495,0
nowtheendbegins.com,,,,,,0.1667,,0.1667,0.1667,0,0,0,0,0,0.0561,0
pdmj.org,,,,,,0.1667,,0.1667,0.1667,0,0,0,0,0,0.165,0
realjewnews.com,,,,,,0.1667,,0.1667,0.1667,0,0,0,0,0,0.1683,0
realfarmacy.com,,,,,,0.1667,,0.1667,0.1667,0,0,0,0,0,0.0731,0
stillnessinthestorm.com,,,,,,0.1667,,0.1667,0.1667,0.25,0,0,0.125,0,0.165,0
thehighwire.com,,,,,,0.1667,,0.1667,0.1667,0,0,0,0,0,0.165,0
therundownlive.com,,,,,,0.1667,,0.1667,0.1667,0,0,0,0,0,0,0
trunews.com,,,,,,0.1667,,0.1667,0.1667,0,0,0,0,0,0.2112,0
usahitman.com,,,,,,0.1667,,0.1667,0.1667,0,0,0,0,0,0.0878,0
vaxxter.com,,,,,,0.1667,,0.1667,0.1667,0,0,0,0,0,0,0
amtvmedia.com,,,,,,0.2222,,0.2222,0.2222,0,0,0,0,0,0.198,0
althealthworks.com,,,,,,0.2222,,0.2222,0.2222,0,0,0,0,0,0.264,0
americanfreepress.net,,,,,,0.2222,,0.2222,0.2222,0,0,0,0,0,0.099,0
australiannationalreview.com,,,,,,0.2222,,0.2222,0.2222,0,0,0,0,0,0.165,0
creation.com,,,,,,0.2222,,0.2222,0.2222,0,0,0,0,0,0.2013,0
climatechangedispatch.com,,,,,,0.2222,,0.2222,0.2222,0,0,0,0,0,0.1518,0
coasttocoastam.com,,,,,,0.2222,,0.2222,0.2222,0,0,0,0,0,0.1518,0
collective-evolution.com,,,,,,0.2222,,0.2222,0.2222,0,0,0,0,0,0.0742,0
cfact.org,,,,,,0.2222,,0.2222,0.2222,0,0,0,0,0,0.198,0
csglobe.com,,,,,,0.2222,,0.2222,0.2222,0,0,0,0,0,0.0219,0
dailyoccupation.com,,,,,,0.2222,,0.2222,0.2222,0,0,0,0,0,0,0
escapeallthesethings.com,,,,,,0.2222,,0.2222,0.2222,0,0,0,0,0,0.2277,0
freedomadvocates.org,,,,,,0.2222,,0.2222,0.2222,0,0,0,0,0,0.165,0
fromthetrenchesworldreport.com,,,,,,0.2222,,0.2222,0.2222,0,0,0,0,0,0.0767,0
gulagbound.com,,,,,,0.2222,,0.2222,0.2222,0,0,0,0,0,0.1155,0
healingoracle.ch,,,,,,0.2222,,0.2222,0.2222,0,0,0,0,0,0.165,0
healthimpactnews.com,,,,,,0.2222,,0.2222,0.2222,0,0,0,0,0,0.033,0
healthy-holistic-living.com,,,,,,0.2222,,0.2222,0.2222,0,0,0,0,0,0.0165,0
ihealthtube.com,,,,,,0.2222,,0.2222,0.2222,0,0,0,0,0,0.231,0
icr.org,,,,,,0.2222,,0.2222,0.2222,0,0,0,0,0,0.132,0
iowaclimate.org,,,,,,0.2222,,0.2222,0.2222,0,0,0,0,0,0.165,0
larouchepac.com,,,,,,0.2222,,0.2222,0.2222,0,0,0,0,0,0.231,0
nvic.org,,,,,,0.2222,,0.2222,0.2222,0,0,0,0,0,0.1122,0
newamericannews.com,,,,,,0.2222,,0.2222,0.2222,0,0,0,0,0,0.165,0
newsinsideout.com,,,,,,0.2222,,0.2222,0.2222,0,0,0,0,0,0.165,0
organicconsumers.org,,,,,,0.2222,,0.2222,0.2222,0,0,0,0,0,0.1454,0
principia-scientific.org,,,,,,0.2222,,0.2222,0.2222,0,0,0,0,0,0.1881,0
rapturenewsnetwork.com,,,,,,0.2222,,0.2222,0.2222,0,0,0,0,0,0.165,0
realclimatescience.com,,,,,,0.2222,,0.2222,0.2222,0,0,0,0,0,0.0302,0
realnews24.com,,,,,,0.2222,,0.2222,0.2222,0,0,0,0,0,0.2013,0
sanevax.org,,,,,,0.2222,,0.2222,0.2222,0,0,0,0,0,0.1122,0
shoebat.com,,,,,,0.2222,,0.2222,0.2222,0,0,0,0,0,0.0333,0
sott.net,,,,,,0.2222,,0.2222,0.2222,0,0,0,0,0,0.0332,0
corbettreport.com,,,,,,0.2222,,0.2222,0.2222,0,0,0,0,0,0.0134,0
themindunleashed.com,,,,,,0.2222,,0.2222,0.2222,0,0,0,0,0,0,0
thetruthseeker.co.uk,,,,,,0.2222,,0.2222,0.2222,0,0,0,0,0,0.0394,0
thrivemovement.com,,,,,,0.2222,,0.2222,0.2222,0,0,0,0,0,0.297,0
vaccineimpact.com,,,,,,0.2222,,0.2222,0.2222,0,0,0,0,0,0.165,0
veteranstoday.com,,,,,,0.2222,,0.2222,0.2222,0,0,0,0,0,0.1058,0
vigilantcitizen.com,,,,,,0.2222,,0.2222,0.2222,0,0,0,0,0,0.0381,0
wattsupwiththat.com,,,,,,0.2222,,0.2222,0.2222,0,0,0,0,0,0.1096,0
x22report.com,,,,,,0.2222,,0.2222,0.2222,0,0,0,0,0,0.0673,0
abovetopsecret.com,,,,,,0.2778,,0.2778,0.2778,0,0,0,0,0,0.198,0
activistpost.com,,,,,,0.2778,,0.2778,0.2778,0,0,0,0,0,0.033,0
carm.org,,,,,,0.2778,,0.2778,0.2778,0,0,0,0,0,0.2475,0
christianscience.com,,,,,,0.2778,,0.2778,0.2778,0,0,0,0,0,0.2046,0
cosmicintelligenceagency.com,,,,,,0.2778,,0.2778,0.2778,0,0,0,0,0,0.165,0
curiousmindmagazine.com,,,,,,0.2778,,0.2778,0.2778,0,0,0,0,0,0.165,0
discovery.org,,,,,,0.2778,,0.2778,0.2778,0,0,0,0,0,0.1848,0
godandscience.org,,,,,,0.2778,,0.2778,0.2778,0,0,0,0,0,0.2739,0
evolutionnews.org,,,,,,0.2778,,0.2778,0.2778,0,0,0,0,0,0.1848,0
thefreethoughtproject.com,,,,,,0.2778,,0.2778,0.2778,0,0,0,0,0,0.0825,0
getholistichealth.com,,,,,,0.2778,,0.2778,0.2778,0,0,0,0,0,0.0116,0
godlikeproductions.com,,,,,,0.2778,,0.2778,0.2778,0,0,0,0,0,0.0553,0
goop.com,,,,,,0.2778,,0.2778,0.2778,0,0,0,0,0,0.264,0
gotquestions.org,,,,,,0.2778,,0.2778,0.2778,0,0,0,0,0,0.2937,0
hsionline.com,,,,,,0.2778,,0.2778,0.2778,0,0,0,0,0,0.165,0
healthyfoodhouse.com,,,,,,0.2778,,0.2778,0.2778,0,0,0,0,0,0.1155,0
illuminatiwatcher.com,,,,,,0.2778,,0.2778,0.2778,0,0,0,0,0,0.0165,0
libertyvideos.org,,,,,,0.2778,,0.2778,0.2778,0,0,0,0,0,0.0495,0
lifespa.com,,,,,,0.2778,,0.2778,0.2778,0,0,0,0,0,0.165,0
medicalmedium.com,,,,,,0.2778,,0.2778,0.2778,0,0,0,0,0,0.198,0
mercola.com,,,,,,0.2778,,0.2778,0.2778,0,0,0,0,0,0.165,0
notrickszone.com,,,,,,0.2778,,0.2778,0.2778,0,0,0,0,0,0.0403,0
prophecynewswatch.com,,,,,,0.2778,,0.2778,0.2778,0,0,0,0,0,0.2442,0
prophecytoday.com,,,,,,0.2778,,0.2778,0.2778,0,0,0,0,0,0.2046,0
returntonow.net,,,,,,0.2778,,0.2778,0.2778,0,0,0,0,0,0.165,0
sgtreport.com,,,,,,0.2778,,0.2778,0.2778,0,0,0,0,0,0.2145,0
truepundit.com,,,,,,0.2778,,0.2778,0.2778,0,0,0,0,0,0.001,0
ukcolumn.org,,,,,,0.2778,,0.2778,0.2778,0,0,0,0,0,0.2112,0
vactruth.com,,,,,,0.2778,,0.2778,0.2778,0,0,0,0,0,0.0064,0
foreverconscious.com,,,,,,0.3333,,0.3333,0.3333,0,0,0,0,0,0.2178,0
southfront.org,,,,,,0.3333,,0.3333,0.3333,0,0,0,0,0,0.1881,0
sustainablepulse.com,,,,,,0.3333,,0.3333,0.3333,0,0,0,0,0,0.2211,0
thetruthaboutcancer.com,,,,,,0.3333,,0.3333,0.3333,0,0,0,0,0,0.0474,0
zerohedge.com,0.5421,0.5673,0.5168,0.5168,,0.3333,,0.3333,0.3333,0,0,0,0,0,0.0337,0
jesusdaily.com,,,,,,0.3889,,0.3889,0.3889,0,0,0,0,0,0.264,0
dcdirtylaundry.com,,,,,,0.3333,0.5,0.1667,0.1667,0,0,0,0,0,0.165,0
en-volve.com,,,,,,0.3333,0.5,0.1667,0.1667,0,0,0,0,0,0,0
frankspeech.com,,,,,,0.3333,0.5,0.1667,0.1667,0,0,0,0,0,0.264,0
goodgopher.com,,,,,,0.4167,0.6667,0.1667,0.1667,0,0,0,0,0,0.165,0
ilovemyfreedom.org,,,,,,0.3333,0.5,0.1667,0.1667,0,0,0,0,0,0,0
imowired.com,,,,,,0.3333,0.5,0.1667,0.1667,0,0,0,0,0,,1
ihr.org,,,,,,0.3333,0.5,0.1667,0.1667,0,0,0,0,0,0.132,0
lindelltv.com,,,,,,0.3333,0.5,0.1667,0.1667,0,0,0,0,0,0,0
natall.com,,,,,,0.3333,0.5,0.1667,0.1667,0,0,0,0,0,0.0825,0
nationalvanguard.org,,,,,,0.3333,0.5,0.1667,0.1667,0,0,0,0,0,0.0978,0
newnation.org,,,,,,0.3333,0.5,0.1667,0.1667,0,0,0,0,0,0.1254,0
newsview.gr,,,,,,0.3333,0.5,0.1667,0.1667,0,0,0,0,0,0.0116,0
pravdareport.com,,,,,,0.3333,0.5,0.1667,0.1667,0,0,0,0,0,0.0429,0
rt.com,0.5967,0.622,0.5715,0.5715,,0.4167,0.6667,0.1667,0.1667,0,0,0,0,0,0.1724,0
sputniknews.com,0.7077,0.7171,0.6983,0.6983,,0.4167,0.6667,0.1667,0.1667,0,0,0,0,0,0.1475,0
strategic-culture.org,,,,,,0.3333,0.5,0.1667,0.1667,0,0,0,0,0,0.198,0
thegatewaypundit.com,0.2447,0.211,0.211,0.2784,,0.3333,0.5,0.1667,0.1667,0,0,0,0,0,0.0165,0
theredelephants.com,,,,,,0.3333,0.5,0.1667,0.1667,0,0,0,0,0,0.165,0
therightstuff.biz,,,,,,0.3333,0.5,0.1667,0.1667,0,0,0,0,0,0.1313,0
digifection.com,,,,,,0.3333,0.5,0.1667,0.1667,0,0,0,0,0,0.0033,0
usbacklash.org,,,,,,0.3333,0.5,0.1667,0.1667,0,0,0,0,0,0.165,0
usareally.com,,,,,,0.3333,0.5,0.1667,0.1667,0,0,0,0,0,0.165,0
usasupreme.com,,,,,,0.3333,0.5,0.1667,0.1667,0,0,0,0,0,0.0389,0
100percentfedup.com,,,,,,0.4167,0.5,0.3333,0.3333,0,0,0,0,0,0.0165,0
10news.one,,,,,,0.4167,0.5,0.3333,0.3333,0,0,0,0,0,0.165,0
avoiceformen.com,,,,,,0.5,0.6667,0.3333,0.3333,0,0,0,0,0,0.297,0
allnewspipeline.com,,,,,,0.4167,0.5,0.3333,0.3333,0,0,0,0,0,0.033,0
adflegal.org,,,,,,0.4167,0.5,0.3333,0.3333,0,0,0,0,0,0.165,0
alphanewsmn.com,,,,,,0.4167,0.5,0.3333,0.3333,0,0,0,0,0,0.165,0
afa.net,,,,,,0.4167,0.5,0.3333,0.3333,0,0,0,0,0,0.0495,0
americasfreedomfighters.com,,,,,,0.4167,0.5,0.3333,0.3333,0,0,0,0,0,0.033,0
americanlookout.com,,,,,,0.4167,0.5,0.3333,0.3333,0,0,0,0,0,0.198,0
americanprinciplesproject.org,,,,,,0.4167,0.5,0.3333,0.3333,0,0,0,0,0,0.132,0
amren.com,,,,,,0.4167,0.5,0.3333,0.3333,0,0,0,0,0,0.1485,0
tfp.org,,,,,,0.4167,0.5,0.3333,0.3333,0,0,0,0,0,0.198,0
americanthinker.com,0.2616,0.206,0.206,0.3173,,0.4167,0.5,0.3333,0.3333,0,0,0,0,0,0.0495,0
barenakedislam.com,,,,,,0.4167,0.5,0.3333,0.3333,0,0,0,0,0,0.0165,0
beckernews.com,,,,,,0.4167,0.5,0.3333,0.3333,,,,,,0,0
bigleaguepolitics.com,0.2542,0.2047,0.2047,0.3037,,0.4167,0.5,0.3333,0.3333,0,0,0,0,0,0.0165,0
blackgenocide.org,,,,,,0.4167,0.5,0.3333,0.3333,0,0,0,0,0,0.0495,0
blingnews.com,,,,,,0.4167,0.5,0.3333,0.3333,0,0,0,0,0,0.132,0
bluntforcetruth.com,,,,,,0.4167,0.5,0.3333,0.3333,0,0,0,0,0,0.033,0
canadafreepress.com,,,,,,0.4167,0.5,0.3333,0.3333,0,0,0,0,0,0.066,0
researchantisemitism.ca,,,,,,0.4167,0.5,0.3333,0.3333,0,0,0,0,0,0.165,0
christianaction.org,,,,,,0.4167,0.5,0.3333,0.3333,0,0,0,0,0,0.165,0
clarionproject.org,,,,,,0.4167,0.5,0.3333,0.3333,0,0,0,0,0,0.2046,0
cnsnews.com,0.5753,0.5102,0.5102,0.6404,,0.4167,0.5,0.3333,0.3333,0,0,0,0,0,0.051,0
cei.org,,,,,,0.4167,0.5,0.3333,0.3333,0,0,0,0,0,0.2112,0
concernedwomen.org,,,,,,0.4167,0.5,0.3333,0.3333,0,0,0,0,0,0.1023,0
conservativefreepress.com,,,,,,0.4167,0.5,0.3333,0.3333,0,0,0,0,0,0.165,0
conservativepost.com,,,,,,0.4167,0.5,0.3333,0.3333,0,0,0,0,0,0.0394,0
corona-transition.org,,,,,,0.4167,0.5,0.3333,0.3333,0,0,0,0,0,0.2282,0
dailyheadlines.net,,,,,,0.4167,0.5,0.3333,0.3333,0,0,0,0,0,0,0
dailysurge.com,,,,,,0.4167,0.5,0.3333,0.3333,0,0,0,0,0,0,0
dcgazette.com,,,,,,0.4167,0.5,0.3333,0.3333,0,0,0,0,0,0.018,0
defiantamerica.com,,,,,,0.4167,0.5,0.3333,0.3333,0,0,0,0,0,0.165,0
discoverthenetworks.org,,,,,,0.4167,0.5,0.3333,0.3333,0,0,0,0,0,0.2541,0
frc.org,,,,,,0.4167,0.5,0.3333,0.3333,0,0,0,0,0,0.2046,0
focusonthefamily.com,,,,,,0.4167,0.5,0.3333,0.3333,0,0,0,0,0,0.2739,0
politicsonline.net,,,,,,0.4167,0.5,0.3333,0.3333,,,,,,0,0
frontpagemag.com,,,,,,0.4167,0.5,0.3333,0.3333,0,0,0,0,0,0.0472,0
gellerreport.com,,,,,,0.4167,0.5,0.3333,0.3333,0.25,0,0,0.125,0,0.0043,0
hangthebankers.com,,,,,,0.4167,0.5,0.3333,0.3333,0,0,0,0,0,0.033,0
heartland.org,,,,,,0.4167,0.5,0.3333,0.3333,0,0,0,0,0,0.1155,0
hoggwatch.com,,,,,,0.4167,0.5,0.3333,0.3333,0,0,0,0,0,0.165,0
illicitinfo.com,,,,,,0.4167,0.5,0.3333,0.3333,0,0,0,0,0,0.165,0
infogalactic.com,,,,,,0.4167,0.5,0.3333,0.3333,0,0,0,0,0,0.165,0
profam.org,,,,,,0.4167,0.5,0.3333,0.3333,0,0,0,0,0,0.165,0
judicialwatch.org,0.3378,0.2641,0.2641,0.4116,,0.4167,0.5,0.3333,0.3333,0,0,0,0,0,0.198,0
leftaction.com,,,,,,0.4167,0.5,0.3333,0.3333,0,0,0,0,0,0.2475,0
libertyhangout.org,,,,,,0.4167,0.5,0.3333,0.3333,0,0,0,0,0,0.165,0
lifenews.com,0.3646,0.3146,0.3146,0.4147,,0.4167,0.5,0.3333,0.3333,0,0,0,0,0,0.0495,0
madworldnews.com,,,,,,0.4167,0.5,0.3333,0.3333,0,0,0,0,0,0.0495,0
meforum.org,,,,,,0.4167,0.5,0.3333,0.3333,0,0,0,0,0,0.264,0
mixi.media,,,,,,0.4167,0.5,0.3333,0.3333,0,0,0,0,0,0.165,0
myrightamerica.com,,,,,,0.4167,0.5,0.3333,0.3333,0,0,0,0,0,0.165,0
nationalenquirer.com,,,,,,0.5,0.6667,0.3333,0.3333,0,0,0,0,0,0.0495,0
geopol.institute,,,,,,0.4167,0.5,0.3333,0.3333,0,0,0,0,0,0.165,0
newsheist.com,,,,,,0.4167,0.5,0.3333,0.3333,0,0,0,0,0,0.165,0
newswithviews.com,,,,,,0.4167,0.5,0.3333,0.3333,0,0,0,0,0,0.1523,0
newswars.com,,,,,,0.4167,0.5,0.3333,0.3333,0,0,0,0,0,0,0
oathkeepers.org,,,,,,0.4167,0.5,0.3333,0.3333,0,0,0,0,0,0.0909,0
occupydemocrats.com,0.3272,0.2418,0.2418,0.4127,,0.4167,0.5,0.3333,0.3333,0,0,0,0,0,0.1348,0
pacificpundit.com,,,,,,0.4167,0.5,0.3333,0.3333,0,0,0,0,0,0.165,0
patrioticviralnews.com,,,,,,0.4167,0.5,0.3333,0.3333,0,0,0,0,0,0.165,0
personalliberty.com,,,,,,0.4167,0.5,0.3333,0.3333,0,0,0,0,0,0.2541,0
politifact.news,,,,,,0.4167,0.5,0.3333,0.3333,0,0,0,0,0,0.165,0
pop.org,,,,,,0.4167,0.5,0.3333,0.3333,0,0,0,0,0,0.198,0
powderedwigsociety.com,,,,,,0.4167,0.5,0.3333,0.3333,0,0,0,0,0,0.165,0
presstv.com,,,,,,0.4167,0.5,0.3333,0.3333,0,0,0,0,0,0.1211,0
prntly.com,,,,,,0.4167,0.5,0.3333,0.3333,0,0,0,0,0,0.0165,0
redice.tv,,,,,,0.4167,0.5,0.3333,0.3333,0,0,0,0,0,0.0191,0
redstatewatcher.com,,,,,,0.4167,0.5,0.3333,0.3333,0,0,0,0,0,0.0066,0
renewamerica.com,,,,,,0.4167,0.5,0.3333,0.3333,0,0,0,0,0,0.1485,0
rightwingnews.com,,,,,,0.4167,0.5,0.3333,0.3333,0,0,0,0,0,0.2001,0
rightwingtribune.com,,,,,,0.4167,0.5,0.3333,0.3333,0,0,0,0,0,0,0
staresattheworld.com,,,,,,0.4167,0.5,0.3333,0.3333,0,0,0,0,0,0.165,0
stateofthenation.co,,,,,,0.4167,0.5,0.3333,0.3333,0,0,0,0,0,0.165,0
steadfastandloyal.com,,,,,,0.4167,0.5,0.3333,0.3333,0,0,0,0,0,0,0
stonecoldtruth.com,,,,,,0.4167,0.5,0.3333,0.3333,0,0,0,0,0,0.198,0
swarajyamag.com,,,,,,0.4167,0.5,0.3333,0.3333,0,0,0,0,0,0.0327,0
takimag.com,,,,,,0.4167,0.5,0.3333,0.3333,0,0,0,0,0,0.1155,0
teaparty.org,,,,,,0.4167,0.5,0.3333,0.3333,0,0,0,0,0,0.0462,0
theamericanmirror.com,,,,,,0.4167,0.5,0.3333,0.3333,0,0,0,0,0,0.0228,0
dcclothesline.com,,,,,,0.4167,0.5,0.3333,0.3333,0,0,0,0,0,0.0632,0
thedailybell.com,,,,,,0.4167,0.5,0.3333,0.3333,0,0,0,0,0,0.2475,0
theduran.com,,,,,,0.4167,0.5,0.3333,0.3333,0,0,0,0,0,0.099,0
thefederalistpapers.org,,,,,,0.4167,0.5,0.3333,0.3333,0,0,0,0,0,0.0495,0
fairus.org,,,,,,0.4167,0.5,0.3333,0.3333,0,0,0,0,0,0.2046,0
thehornnews.com,,,,,,0.4167,0.5,0.3333,0.3333,0,0,0,0,0,0.2475,0
theconservativetreehouse.com,0.2195,0.1482,0.1482,0.2909,,0.4167,0.5,0.3333,0.3333,0,0,0,0,0,0.033,0
themillenniumreport.com,,,,,,0.4167,0.5,0.3333,0.3333,0,0,0,0,0,0,0
thenationalpatriot.com,,,,,,0.4167,0.5,0.3333,0.3333,0,0,0,0,0,0.165,0
other98.com,,,,,,0.4167,0.5,0.3333,0.3333,0,0,0,0,0,0.1556,0
thereligionofpeace.com,,,,,,0.4167,0.5,0.3333,0.3333,0,0,0,0,0,0.2145,0
remnantnewspaper.com,,,,,,0.4167,0.5,0.3333,0.3333,0,0,0,0,0,0.2211,0
thetruereporter.com,,,,,,0.4167,0.5,0.3333,0.3333,0,0,0,0,0,0,0
unz.com,,,,,,0.4167,0.5,0.3333,0.3333,0,0,0,0,0,0.1175,0
thewashingtonstandard.com,,,,,,0.4167,0.5,0.3333,0.3333,,,,,,0,0
triggerreset.net,,,,,,0.4167,0.5,0.3333,0.3333,0,0,0,0,0,0.165,0
trueactivist.com,,,,,,0.4167,0.5,0.3333,0.3333,0,0,0,0,0,0.115,0
truthandaction.org,,,,,,0.4167,0.5,0.3333,0.3333,0,0,0,0,0,0.0079,0
truthinmedia.com,,,,,,0.4167,0.5,0.3333,0.3333,0,0,0,0,0,0.2046,0
tpusa.com,0.4013,0.4575,0.3451,0.3451,,0.4167,0.5,0.3333,0.3333,0,0,0,0,0,0.0924,0
unclesamsmisguidedchildren.com,,,,,,0.4167,0.5,0.3333,0.3333,0,0,0,0,0,0.0825,0
understandingthethreat.com,,,,,,0.4167,0.5,0.3333,0.3333,0,0,0,0,0,0.1386,0
uschronicle.com,,,,,,0.4167,0.5,0.3333,0.3333,0,0,0,0,0,0,0
vdare.com,,,,,,0.4167,0.5,0.3333,0.3333,0,0,0,0,0,0.0879,0
vidmax.com,,,,,,0.4167,0.5,0.3333,0.3333,0,0,0,0,0,0.1947,0
wallbuilders.com,,,,,,0.4167,0.5,0.3333,0.3333,0,0,0,0,0,0.2442,0
thepublicdiscourse.com,,,,,,0.4167,0.5,0.3333,0.3333,0,0,0,0,0,0.2145,0
wnd.com,0.3591,0.3319,0.3319,0.3863,,0.4167,0.5,0.3333,0.3333,0,0,0,0,0,0.0705,0
yesimright.com,,,,,,0.4167,0.5,0.3333,0.3333,0,0,0,0,0,0,0
lifesitenews.com,,,,,,0.5,0.5,0.5,0.5,0,0,0,0,0,0.132,0
theepochtimes.com,0.3584,0.3454,0.3454,0.3715,,0.5833,0.6667,0.5,0.5,0,0,0,0,0,0.1815,0
thefederalist.com,0.4239,0.3642,0.3642,0.4836,,0.5,0.5,0.5,0.5,0,0,0,0,0,0.0825,0
tmz.com,0.6801,0.6565,0.6565,0.7036,,0.6667,0.8333,0.5,0.5,0.75,1,1,0.875,0.75,,1
syrianews.cc,,,,,,0.5,0.6667,0.3333,0.3333,0,0,0,0,0,0.165,0
79days.news,,,,,,0.5,1,0,0,0,0,0,0,0,0,0
banned.video,,,,,,0.5,1,0,0,0,0,0,0,0,0.0165,0
brandnewtube.com,,,,,,0.5,1,0,0,0,0,0,0,0,0.033,0
brighteon.com,,,,,,0.5,1,0,0,0,0,0,0,0,0.033,0
distributednews.com,,,,,,0.5,1,0,0,0,0,0,0,0,0,0
eugenics.news,,,,,,0.5,1,0,0,0,0,0,0,0,0.165,0
geoengineering.news,,,,,,0.5,1,0,0,0,0,0,0,0,0.165,0
glitch.news,,,,,,0.5,1,0,0,0,0,0,0,0,0.198,0
healingfoodreference.com,,,,,,0.5,1,0,0,0,0,0,0,0,0.2475,0
health.news,,,,,,0.5,1,0,0,0,0,0,0,0,0.165,0
healthrangerreport.com,,,,,,0.5,1,0,0,0,0,0,0,0,0.165,0
herbreference.com,,,,,,0.5,1,0,0,0,0,0,0,0,0.165,0
ingredients.news,,,,,,0.5,1,0,0,0,0,0,0,0,0.165,0
joebiden.news,,,,,,0.5,1,0,0,0,0,0,0,0,0.165,0
leftcult.com,,,,,,0.5,1,0,0,0,0,0,0,0,0.165,0
liberty.news,,,,,,0.5,1,0,0,0,0,0,0,0,0.165,0
libtards.news,,,,,,0.5,1,0,0,0,0,0,0,0,0.165,0
medicine.news,,,,,,0.5,1,0,0,0,0,0,0,0,0.165,0
nationalsecurity.news,,,,,,0.5,1,0,0,0,0,0,0,0,0.165,0
naturalnewsradio.com,,,,,,0.5,1,0,0,0,0,0,0,0,0.165,0
naturalmedicine.news,,,,,,0.5,1,0,0,0,0,0,0,0,0.165,0
naturalnewsblogs.com,,,,,,0.5,1,0,0,0,0,0,0,0,0.033,0
naturalpedia.com,,,,,,0.5,1,0,0,0,0,0,0,0,0.165,0
nutrientreference.com,,,,,,0.5,1,0,0,0,0,0,0,0,0.2013,0
patriots4truth.org,,,,,,0.5,1,0,0,0,0,0,0,0,0.0236,0
pollution.news,,,,,,0.5,1,0,0,0,0,0,0,0,0.165,0
randpaul.news,,,,,,0.5,1,0,0,0,0,0,0,0,0.066,0
science.news,,,,,,0.5,1,0,0,0,0,0,0,0,0.0924,0
snopes.news,,,,,,0.5,1,0,0,0,0,0,0,0,0.0825,0
supplementreference.com,,,,,,0.5,1,0,0,0,0,0,0,0,0.198,0
talknetwork.com,,,,,,0.5,1,0,0,0,0,0,0,0,0.165,0
healthranger.com,,,,,,0.5,1,0,0,0,0,0,0,0,0.1485,0
thehealthyamerican.org,,,,,,0.5,1,0,0,0,0,0,0,0,0.165,0
treason.news,,,,,,0.5,1,0,0,0,0,0,0,0,0.264,0
twisted.news,,,,,,0.5,1,0,0,0,0,0,0,0,0.165,0
votefraud.news,,,,,,0.5,1,0,0,0,0,0,0,0,0.165,0
whitehouse.news,,,,,,0.5,1,0,0,0,0,0,0,0,0.165,0
actionnews3.com,,,,,,0.1667,,0.1667,0.1667,0,0,0,0,0,0.0165,0
americansfortruth.com,,,,,,0.3333,0.5,0.1667,0.1667,0,0,0,0,0,0.099,0
billionbibles.org,,,,,,0.3333,0.5,0.1667,0.1667,0,0,0,0,0,0.165,0
bitchute.com,,,,,,0.3333,0.5,0.1667,0.1667,0,0,0,0,0,0.033,0
conservativebeaver.com,,,,,,0.3333,0.5,0.1667,0.1667,0,0,0,0,0,0,0
food.news,,,,,,0.4167,0.6667,0.1667,0.1667,0,0,0,0,0,0.165,0
grainoftruth.ca,,,,,,0.3333,0.5,0.1667,0.1667,0,0,0,0,0,0.165,0
intellihub.com,,,,,,0.5,0.8333,0.1667,0.1667,0,0,0,0,0,0.0495,0
rushlimbaugh.com,,,,,,0.3333,0.5,0.1667,0.1667,0,0,0,0,0,0.0398,0
thespectator.info,,,,,,0.3333,0.5,0.1667,0.1667,0,0,0,0,0,0.33,0
trueviralnews.com,,,,,,0.1667,,0.1667,0.1667,0,0,0,0,0,0.165,0
trump.news,,,,,,0.3333,0.5,0.1667,0.1667,0,0,0,0,0,0.2013,0
usaisonline.com,,,,,,0.3333,0.5,0.1667,0.1667,0,0,0,0,0,0.165,0
vaccines.news,,,,,,0.5833,1,0.1667,0.1667,0,0,0,0,0,0.165,0
worlddoctorsalliance.com,,,,,,0.4167,0.6667,0.1667,0.1667,0,0,0,0,0,0.165,0
12minutos.com,,,,,,0.3333,,0.3333,0.3333,0,0,0,0,0,0,0
us24news.com,,,,,,0.4167,0.5,0.3333,0.3333,0,0,0,0,0,0.165,0
secondamendmentdaily.com,,,,,,0.4167,0.5,0.3333,0.3333,0,0,0,0,0,0.165,0
americanpeopledaily.com,,,,,,0.4167,0.5,0.3333,0.3333,0,0,0,0,0,0.165,0
americanpolicy.org,,,,,,0.6667,1,0.3333,0.3333,0,0,0,0,0,0.198,0
americantruthtoday.com,,,,,,0.4167,0.5,0.3333,0.3333,0,0,0,0,0,0.264,0
aapsonline.org,,,,,,0.4167,0.5,0.3333,0.3333,0,0,0,0,0,0.066,0
blackeyepolitics.com,,,,,,0.4167,0.5,0.3333,0.3333,0,0,0,0,0,0.165,0
breakingchristiannews.com,,,,,,0.4167,0.5,0.3333,0.3333,0,0,0,0,0,0.2145,0
breakingfirst.com,,,,,,0.4167,0.5,0.3333,0.3333,0,0,0,0,0,0.165,0
conservativeammo.com,,,,,,0.4167,0.5,0.3333,0.3333,0,0,0,0,0,0.165,0
davidharrisjr.com,,,,,,0.4167,0.5,0.3333,0.3333,0,0,0,0,0,0,0
deplorablekel.com,,,,,,0.4167,0.5,0.3333,0.3333,0,0,0,0,0,0.165,0
djhjmedia.com,,,,,,0.4167,0.5,0.3333,0.3333,0,0,0,0,0,0.0337,0
electroverse.net,,,,,,0.5,0.6667,0.3333,0.3333,0,0,0,0,0,0.165,0
endthefed.org,,,,,,0.4167,0.5,0.3333,0.3333,0,0,0,0,0,0.165,0
everylegalvote.com,,,,,,0.4167,0.5,0.3333,0.3333,0,0,0,0,0,0.165,0
evil.news,,,,,,0.4167,0.5,0.3333,0.3333,0,0,0,0,0,0.165,0
fortherightnews.com,,,,,,0.4167,0.5,0.3333,0.3333,0,0,0,0,0,0.165,0
friatider.se,,,,,,0.4167,0.5,0.3333,0.3333,0,0,0,0,0,0.0281,0
gnews.org,,,,,,0.4167,0.5,0.3333,0.3333,0,0,0,0,0,0.0693,0
greatamericandaily.com,,,,,,0.4167,0.5,0.3333,0.3333,0,0,0,0,0,0.165,0
greatamericanrepublic.com,,,,,,0.4167,0.5,0.3333,0.3333,0,0,0,0,0,0.165,0
greenmedinfo.com,,,,,,0.5833,0.8333,0.3333,0.3333,0,0,0,0,0,0.066,0
hannity.com,,,,,,0.4167,0.5,0.3333,0.3333,0,0,0,0,0,0.1485,0
ihatethemedia.com,,,,,,0.4167,0.5,0.3333,0.3333,0,0,0,0,0,0.2475,0
inforos.ru,,,,,,0.4167,0.5,0.3333,0.3333,0,0,0,0,0,0.198,0
leftexposed.org,,,,,,0.4167,0.5,0.3333,0.3333,0,0,0,0,0,0.165,0
libertybell.com,,,,,,0.4167,0.5,0.3333,0.3333,0,0,0,0,0,0.1155,0
moonbattery.com,,,,,,0.4167,0.5,0.3333,0.3333,0,0,0,0,0,0.264,0
nrlc.org,,,,,,0.4167,0.5,0.3333,0.3333,0,0,0,0,0,0.2838,0
navarroreport.com,,,,,,0.4167,0.5,0.3333,0.3333,0,0,0,0,0,0.165,0
newspushed.com,,,,,,0.4167,0.5,0.3333,0.3333,0,0,0,0,0,0.165,0
nationalrighttolifenews.org,,,,,,0.4167,0.5,0.3333,0.3333,0,0,0,0,0,0.2541,0
outragedpatriot.com,,,,,,0.4167,0.5,0.3333,0.3333,0,0,0,0,0,0.165,0
pantsonfirenews.com,,,,,,0.4167,0.5,0.3333,0.3333,0.5,0.5,1,0.5,0.5,0.165,0
parler.com,,,,,,0.4167,0.5,0.3333,0.3333,0,0,0,0,0,0.0467,0
pcmustdie.com,,,,,,0.4167,0.5,0.3333,0.3333,0,0,0,0,0,0.165,0
populist.press,,,,,,0.4167,0.5,0.3333,0.3333,0,0,0,0,0,0.148,0
prageru.com,0.4095,0.4126,0.4065,0.4065,,0.4167,0.5,0.3333,0.3333,0,0,0,0,0,0.0455,0
protrumpnews.com,,,,,,0.4167,0.5,0.3333,0.3333,0,0,0,0,0,0.264,0
righterway.com,,,,,,0.4167,0.5,0.3333,0.3333,0,0,0,0,0,0.165,0
smobserved.com,,,,,,0.4167,0.5,0.3333,0.3333,0,0,0,0,0,0.165,0
sonsof1776.com,,,,,,0.4167,0.5,0.3333,0.3333,0,0,0,0,0,,1
summit.news,,,,,,0.4167,0.5,0.3333,0.3333,0,0,0,0,0,0.0168,0
survivalblog.com,,,,,,0.4167,0.5,0.3333,0.3333,0,0,0,0,0,0.2937,0
swampdrain.com,,,,,,0.4167,0.5,0.3333,0.3333,0,0,0,0,0,0.165,0
thebeardedpatriot.com,,,,,,0.4167,0.5,0.3333,0.3333,0,0,0,0,0,0.165,0
theconservativecentral.com,,,,,,0.4167,0.5,0.3333,0.3333,0,0,0,0,0,0.165,0
thedcpatriot.com,,,,,,0.4167,0.5,0.3333,0.3333,0,0,0,0,0,0,0
thefreedomtimes.com,,,,,,0.4167,0.5,0.3333,0.3333,0,0,0,0,0,0.165,0
thelaughclub.net,,,,,,0.3333,,0.3333,0.3333,0,0,0,0,0,0,0
theunionjournal.com,,,,,,0.3333,,0.3333,0.3333,0,0,0,0,0,0.165,0
thinkamericana.com,,,,,,0.4167,0.5,0.3333,0.3333,0,0,0,0,0,0,0
torontotoday.net,,,,,,0.5833,0.8333,0.3333,0.3333,0,0,0,0,0,0,0
uniteamericafirst.com,,,,,,0.4167,0.5,0.3333,0.3333,0,0,0,0,0,0.165,0
uslibertywire.com,,,,,,0.4167,0.5,0.3333,0.3333,0,0,0,0,0,0.165,0
viralcocaine.com,,,,,,0.3333,,0.3333,0.3333,0,0,0,0,0,,1
viralhatch.com,,,,,,0.3333,,0.3333,0.3333,0,0,0,0,0,0.165,0
waynedupree.com,,,,,,0.4167,0.5,0.3333,0.3333,0,0,0,0,0,0.165,0
worldhealth.net,,,,,,0.5,0.6667,0.3333,0.3333,0,0,0,0,0,0.2838,0
zenith.news,,,,,,0.4167,0.5,0.3333,0.3333,0,0,0,0,0,0.165,0
analyzingamerica.org,,,,,,0.5,0.5,0.5,0.5,0,0,0,0,0,0.198,0
bongino.com,,,,,,0.5,0.5,0.5,0.5,0,0,0,0,0,0.198,0
cloverchronicle.com,,,,,,0.1667,0,0.3333,0,0,0,0,0,0,0.165,0
thegreggjarrett.com,,,,,,0.5,0.5,0.5,0.5,0.5,0.5,1,0.5,0.5,,1
voxpoliticalonline.com,,,,,,,,,,,,,,,,1
jihadwatch.org,,,,,,,,,,0,0,0,0,0,,1
oann.com,0.4785,0.4782,0.4782,0.4787,,,,,,0.5,0.5,1,0.5,0.5,0.1025,0
newsfeedhunter.com,,,,,,,,,,0,0,0,0,0,0.0079,0
explainlife.com,,,,,,,,,,0,0,0,0,0,0,0
empireherald.com,,,,,,,,,,0,0,0,0,0,0,0
dataasylum.com,,,,,,,,,,0,0,0,0,0,0,0
viralnewsnetwork.net,,,,,,,,,,0,0,0,0,0,0,0
vaccinesrevealed.com,,,,,,,,,,0,0,0,0,0,0,0
stateofthenation2012.com,,,,,,,,,,,,,,,,1
russia-insider.com,,,,,,,,,,0,0,0,0,0,0.0203,0
informationliberation.com,,,,,,,,,,0,0,0,0,0,0.0165,0
illuminati-news.com,,,,,,,,,,0,0,0,0,0,,1
greatreject.org,,,,,,,,,,0,0,0,0,0,0.0165,0
cityworldnews.com,,,,,,,,,,0,0,0,0,0,0.0163,0
wakingtimes.com,,,,,,,,,,0,0,0,0,0,0.0233,0
rumble.com,,,,,,,,,,0,0,0,0,0,0.0332,0
cap-news.com,,,,,,,,,,0,0,0,0,0,0.033,0
sickchirpse.com,,,,,,,,,,0,0,0,0,0,0.0455,0
patribotics.blog,,,,,,,,,,0,0,0,0,0,0.0569,0
npr.news,,,,,,,,,,0,0,0,0,0,0.066,0
thinkingmomsrevolution.com,,,,,,,,,,0,0,0,0,0,0.0594,0
pakalertpress.com,,,,,,,,,,0,0,0,0,0,0.0642,0
breaking911.com,,,,,,,,,,0,0,0,0,0,0.0825,0
knowledgeoftoday.org,,,,,,,,,,0,0,0,0,0,0.0825,0
en.metapedia.org,,,,,,,,,,0,0,0,0,0,0.1056,0
stormcloudsgathering.com,,,,,,,,,,0,0,0,0,0,0.0926,0
whydontyoutrythis.com,,,,,,,,,,0,0,0,0,0,0.0936,0
progressivestoday.com,,,,,,,,,,0.5,0.5,1,0.5,0.5,0.1158,0
whale.to,,,,,,,,,,,,,,,0.132,0
ifyouonlynews.com,,,,,,,,,,0.25,0,0,0.125,0,,1
thegoldwater.com,,,,,,,,,,0.5,0.5,1,0.5,0.5,0.132,0
gmo.news,,,,,,,,,,,,,,,0.1287,0
welovetrump.com,,,,,,,,,,0,0,0,0,0,0.148,0
theforbiddenknowledge.com,,,,,,,,,,0,0,0,0,0,0.1485,0
altrighttv.com,,,,,,,,,,0,0,0,0,0,0.1485,0
londonwebnews.com,,,,,,,,,,0,0,0,0,0,0.165,0
globalinfotoday.com,,,,,,,,,,0.5,0.5,1,0.5,0.5,0.165,0
loonwatch.com,,,,,,,,,,,,,,,0.165,0
nationalpolicy.institute,,,,,,,,,,,,,,,,1
mediafactwatch.com,,,,,,,,,,0,0,0,0,0,0.165,0
greenvillegazette.com,,,,,,,,,,0,0,0,0,0,,1
thedailyconspiracy.com,,,,,,,,,,0,0,0,0,0,0.165,0
truthmonitor.com,,,,,,,,,,0.5,0.5,1,0.5,0.5,0.165,0
truthuncensored.net,,,,,,,,,,0,0,0,0,0,0.165,0
squawker.org,,,,,,,,,,,,,,,0.165,0
patriotfires.com,,,,,,,,,,0,0,0,0,0,0.165,0
rightwing.news,,,,,,,,,,,,,,,0.165,0
returnofkings.com,,,,,,,,,,0.25,0,0,0.125,0,0.1711,0
redwhiteandright.com,,,,,,,,,,0.5,0.5,1,0.5,0.5,0.165,0
fury.news,,,,,,,,,,0.5,0.5,1,0.5,0.5,0.165,0
freedom.news,,,,,,,,,,0,0,0,0,0,0.165,0
americanjournalreview.com,,,,,,,,,,0,0,0,0,0,0.165,0
en.newsner.com,,,,,,,,,,0,0,0,0,0,0.165,0
cnn-globalnews.com,,,,,,,,,,,,,,,,1
dailyexpose.co.uk,,,,,,,,,,0,0,0,0,0,0.165,0
rinf.com,,,,,,,,,,0.5,0.5,1,0.5,0.5,0.1757,0
nationaleconomicseditorial.com,,,,,,,,,,0,0,0,0,0,0.198,0
globemagazine.com,,,,,,,,,,0,0,0,0,0,0.2013,0
thebreakingnews.com,,,,,,,,,,,,,,,0.198,0
wakeup-world.com,,,,,,,,,,,,,,,0.2178,0
911truth.org,,,,,,,,,,0,0,0,0,0,0.231,0
thinkinghumanity.com,,,,,,,,,,0,0,0,0,0,0.2574,0
rightsidenews.com,,,,,,,,,,0.5,0.5,1,0.5,0.5,0.2871,0
westonaprice.org,,,,,,,,,,0,0,0,0,0,0.2805,0
nydailynews.com,0.7879,0.7614,0.7614,0.8144,0.3736,0.8333,0.8333,0.8333,0.8333,0.75,1,1,0.875,0.75,,1
nypost.com,0.6134,0.5972,0.5972,0.6296,0.4176,0.5833,0.6667,0.5,0.5,0.75,1,1,0.875,0.75,,1
aol.com/news,,,,,0.4505,,,,,,,,,,,1
dailymail.co.uk,0.7549,0.9385,0.5712,0.5712,0.4835,0.5,0.6667,0.3333,0.3333,0,0,0,0,0,0,0
foxnews.com,0.6141,0.54,0.54,0.6882,0.4835,0.5833,0.6667,0.5,0.5,0.5,0.5,1,0.5,0.5,0.1714,0
huffingtonpost.com,,,,,0.5165,0.8333,0.8333,0.8333,0.8333,0.5,0.5,1,0.5,0.5,,1
thehill.com,0.9346,0.9843,0.8848,0.8848,,0.8333,1,0.6667,0.6667,1,1,1,1,1,,1
cbn.com,0.5637,0.4961,0.4961,0.6314,,0.2778,,0.2778,0.2778,,,,,,0.1866,0
theblaze.com,,,,,,0.5,0.5,0.5,0.5,0,0,0,0,0,,1
therightscoop.com,0.3268,0.2926,0.2926,0.3609,,0.5,0.5,0.5,0.5,0,0,0,0,0,0.0825,0
trendingpolitics.com,,,,,,0.5,0.5,0.5,0.5,0,0,0,0,0,0.1914,0
washingtontimes.com,0.5617,0.5294,0.5294,0.5941,,0.5833,0.6667,0.5,0.5,0,0,0,0,0,0.1779,0
huffpost.com,0.7094,0.6455,0.6455,0.7732,,0.5833,0.6667,0.5,0.5,,,,,,,1
politicususa.com,0.5436,0.4948,0.4948,0.5924,,0.5,0.5,0.5,0.5,0.25,0,0,0.125,0,,1
vanityfair.com,0.6121,0.5309,0.5309,0.6932,,0.6667,0.6667,0.6667,0.6667,0.5,0.5,1,0.5,0.5,,1
rollingstone.com,,,,,,0.75,0.6667,0.8333,0.6667,0.5,0.5,1,0.5,0.5,,1
pjmedia.com,0.3438,0.2769,0.2769,0.4107,,0.5,0.5,0.5,0.5,0,0,0,0,0,0.1003,0
aclj.org,,,,,,0.5,0.5,0.5,0.5,0.5,0.5,1,0.5,0.5,,1
express.co.uk,,,,,,0.5833,0.6667,0.5,0.5,0.25,0,0,0.125,0,,1
lawenforcementtoday.com,,,,,,0.5,0.5,0.5,0.5,0.5,0.5,1,0.5,0.5,,1
thesun.co.uk,,,,,,0.5833,0.6667,0.5,0.5,0.5,0.5,1,0.5,0.5,,1
twitchy.com,0.2933,0.3111,0.2755,0.2755,,0.5,0.5,0.5,0.5,0.25,0.5,1,0.375,0.25,,1
ammoland.com,,,,,,0.6667,0.6667,0.6667,0.6667,0.5,0.5,1,0.5,0.5,,1
foxbusiness.com,0.8258,0.8182,0.8182,0.8333,,0.75,0.8333,0.6667,0.6667,0.75,1,1,0.875,0.75,,1
realclearinvestigations.com,,,,,,0.75,0.8333,0.6667,0.6667,0.75,1,1,0.875,0.75,,1
jpost.com,,,,,,0.75,0.8333,0.6667,0.6667,0.75,1,1,0.875,0.75,,1
westernjournalism.com,,,,,,,,,,0.5,0.5,1,0.5,0.5,,1
saraacarter.com,,,,,,,,,,,,,,,,1
diamondandsilk.com,,,,,,,,,,,,,,,,1
chicagotribune.com,0.904,0.9011,0.9011,0.9068,0.5824,0.8333,0.8333,0.8333,0.8333,0.75,1,1,0.875,0.75,,1
abcnews.go.com,,,,,0.6154,,,,,0.75,1,1,0.875,0.75,,1
sfchronicle.com,0.8457,0.8019,0.8019,0.8895,0.6484,0.8333,0.8333,0.8333,0.8333,0.75,1,1,0.875,0.75,,1
msnbc.com,0.6413,0.5686,0.5686,0.7139,0.7253,0.5833,0.6667,0.5,0.5,0.5,0.5,1,0.5,0.5,,1
cbsnews.com,0.9092,0.8873,0.8873,0.9311,0.7253,0.8333,0.8333,0.8333,0.8333,0.75,1,1,0.875,0.75,,1
usatoday.com,0.8917,0.8782,0.8782,0.9053,0.7253,0.9167,1,0.8333,0.8333,0.75,1,1,0.875,0.75,,1
wsj.com,0.8766,0.8427,0.8427,0.9106,0.7912,0.6667,0.6667,0.6667,0.6667,0.75,1,1,0.875,0.75,,1
bostonglobe.com,0.7899,0.6976,0.6976,0.8822,0.8242,0.8333,0.8333,0.8333,0.8333,0.75,1,1,0.875,0.75,,1
latimes.com,0.8328,0.7717,0.7717,0.8939,0.8242,0.8333,0.8333,0.8333,0.8333,0.75,1,1,0.875,0.75,,1
bbc.co.uk,,,,,0.8901,,,,,,,,,,,1
cnn.com,0.7857,0.7162,0.7162,0.8553,0.9231,0.5833,0.6667,0.5,0.5,0.5,0.5,1,0.5,0.5,,1
washingtonpost.com,0.8081,0.7538,0.7538,0.8624,1,0.75,0.8333,0.6667,0.6667,0.75,1,1,0.875,0.75,,1
nytimes.com,0.8137,0.7454,0.7454,0.882,1,0.8333,0.8333,0.8333,0.8333,0.75,1,1,0.875,0.75,,1
apnews.com,0.9604,0.9334,0.9334,0.9874,,1,1,1,1,1,1,1,1,1,,1
reuters.com,0.9626,0.9501,0.9501,0.9751,,1,1,1,1,1,1,1,1,1,,1
townhall.com,0.3952,0.3604,0.3604,0.4299,,0.5,0.5,0.5,0.5,0,0,0,0,0,,1
thedailybeast.com,0.6034,0.5052,0.5052,0.7016,,0.5833,0.6667,0.5,0.5,0.5,0.5,1,0.5,0.5,,1
mediaite.com,0.7035,0.6449,0.6449,0.7622,,0.6667,0.6667,0.6667,0.6667,0.5,0.5,1,0.5,0.5,,1
thecanary.co,,,,,,0.6667,0.6667,0.6667,0.6667,0.5,0.5,1,0.5,0.5,,1
vox.com,0.7291,0.6603,0.6603,0.7978,,0.6667,0.6667,0.6667,0.6667,0.5,0.5,1,0.5,0.5,,1
nymag.com,0.758,0.698,0.698,0.8181,,0.75,0.6667,0.8333,0.6667,0.5,0.5,1,0.5,0.5,,1
newyorker.com,0.6969,0.6063,0.6063,0.7875,,0.75,0.6667,0.8333,0.6667,0.5,0.5,1,0.5,0.5,,1
slate.com,0.6183,0.5196,0.5196,0.717,,0.75,0.6667,0.8333,0.6667,0.5,0.5,1,0.5,0.5,,1
mirror.co.uk,,,,,,0.6667,0.8333,0.5,0.5,0.75,1,1,0.875,0.75,,1
scmp.com,0.8578,0.8901,0.8256,0.8256,,0.6667,0.8333,0.5,0.5,0.75,1,1,0.875,0.75,,1
theguardian.com,0.7776,0.6926,0.6926,0.8626,,0.6667,0.8333,0.5,0.5,0.75,1,1,0.875,0.75,,1
independent.co.uk,0.7456,0.675,0.675,0.8161,,0.6667,0.8333,0.5,0.5,0.75,1,1,0.875,0.75,,1
bloomberg.com,0.9084,0.9127,0.904,0.904,,0.75,0.8333,0.6667,0.6667,0.75,1,1,0.875,0.75,,1
buzzfeednews.com,0.8067,0.756,0.756,0.8573,,0.75,0.8333,0.6667,0.6667,0.75,1,1,0.875,0.75,,1
cnbc.com,0.9336,0.9413,0.926,0.926,,0.75,0.8333,0.6667,0.6667,0.75,1,1,0.875,0.75,,1
theintercept.com,0.6636,0.5256,0.5256,0.8016,,0.6667,0.6667,0.6667,0.6667,0.5,0.5,1,0.5,0.5,,1
vice.com,0.7282,0.6427,0.6427,0.8137,,0.75,0.8333,0.6667,0.6667,0.75,1,1,0.875,0.75,,1
axios.com,0.8956,0.8829,0.8829,0.9084,,0.9167,1,0.8333,0.8333,0.75,1,1,0.875,0.75,,1
bbc.com,0.9198,0.9203,0.9194,0.9194,,0.8333,0.8333,0.8333,0.8333,0.75,1,1,0.875,0.75,,1
businessinsider.com,,,,,,0.8333,0.8333,0.8333,0.8333,0.75,1,1,0.875,0.75,,1
cbc.ca,,,,,,0.8333,0.8333,0.8333,0.8333,0.75,1,1,0.875,0.75,,1
miamiherald.com,,,,,,0.8333,0.8333,0.8333,0.8333,0.75,1,1,0.875,0.75,,1
msn.com,,,,,,0.9167,1,0.8333,0.8333,0.75,1,1,0.875,0.75,,1
nbcnews.com,0.8349,0.7673,0.7673,0.9024,,0.8333,0.8333,0.8333,0.8333,0.75,1,1,0.875,0.75,,1
newsweek.com,0.7822,0.8038,0.7606,0.7606,,0.8333,0.8333,0.8333,0.8333,0.75,1,1,0.875,0.75,,1
politico.com,0.8183,0.784,0.784,0.8527,,0.9167,1,0.8333,0.8333,0.75,1,1,0.875,0.75,,1
spiegel.de,,,,,,0.8333,0.8333,0.8333,0.8333,0.75,1,1,0.875,0.75,,1
theatlantic.com,0.7309,0.6923,0.6923,0.7694,,0.8333,0.8333,0.8333,0.8333,0.75,1,1,0.875,0.75,,1
time.com,0.7799,0.6942,0.6942,0.8657,,0.8333,0.8333,0.8333,0.8333,0.75,1,1,0.875,0.75,,1
timesofisrael.com,,,,,,0.8333,0.8333,0.8333,0.8333,0.75,1,1,0.875,0.75,,1
news.yahoo.com,,,,,,0.8333,0.8333,0.8333,0.8333,0.75,1,1,0.875,0.75,,1
yahoo.com/news,,,,,,0.8333,0.8333,0.8333,0.8333,,,,,,,1
npr.org,0.8834,0.8515,0.8515,0.9152,,1,1,1,1,0.75,1,1,0.875,0.75,,1
bizpacreview.com,,,,,,0.5,0.5,0.5,0.5,0.5,0.5,1,0.5,0.5,,1
christianpost.com,0.726,0.6835,0.6835,0.7686,,0.5833,0.6667,0.5,0.5,0.5,0.5,1,0.5,0.5,,1
telegraph.co.uk,,,,,,0.5833,0.6667,0.5,0.5,0.5,0.5,1,0.5,0.5,,1
newsbusters.org,0.4308,0.3221,0.3221,0.5395,,0.5,0.5,0.5,0.5,0.5,0.5,1,0.5,0.5,,1
washingtonexaminer.com,0.5886,0.5325,0.5325,0.6448,,0.5,0.5,0.5,0.5,0.5,0.5,1,0.5,0.5,,1
freebeacon.com,0.6575,0.5761,0.5761,0.7388,,0.5,0.5,0.5,0.5,0.5,0.5,1,0.5,0.5,,1
legalinsurrection.com,,,,,,0.6667,0.6667,0.6667,0.6667,0.5,0.5,1,0.5,0.5,,1
nationalreview.com,0.5897,0.552,0.552,0.6274,,0.6667,0.6667,0.6667,0.6667,0.5,0.5,1,0.5,0.5,,1
americanmilitarynews.com,,,,,,0.6667,0.6667,0.6667,0.6667,1,1,1,1,1,,1
forbes.com,0.8825,0.9046,0.8604,0.8604,,0.75,0.8333,0.6667,0.6667,0.75,1,1,0.875,0.75,,1
realclearpolitics.com,0.5844,0.5234,0.5234,0.6455,,0.75,0.8333,0.6667,0.6667,0.5,0.5,1,0.5,0.5,,1
marketwatch.com,0.8503,0.8248,0.8248,0.8758,,0.8333,0.8333,0.8333,0.8333,0.75,1,1,0.875,0.75,,1
reason.com,0.7369,0.7551,0.7188,0.7188,,0.8333,0.8333,0.8333,0.8333,0.75,1,1,0.875,0.75,,1
investing.com,,,,,,0.75,1,0.5,0.5,,,,,,,1
memeorandum.com,,,,,,0.75,1,0.5,0.5,1,1,1,1,1,,1
newslookup.com,,,,,,0.75,1,0.5,0.5,1,1,1,1,1,,1
newsnow.co.uk,,,,,,0.75,1,0.5,0.5,1,1,1,1,1,,1
northkoreatimes.com,,,,,,0.75,1,0.5,0.5,1,1,1,1,1,,1
patheos.com,,,,,,0.75,1,0.5,0.5,1,1,1,1,1,,1
scoopnest.com,,,,,,0.75,1,0.5,0.5,1,1,1,1,1,,1
shareably.net,,,,,,0.75,1,0.5,0.5,1,1,1,1,1,,1
smartnews.com,,,,,,0.75,1,0.5,0.5,1,1,1,1,1,,1
spectrumreport.com,,,,,,0.75,1,0.5,0.5,1,1,1,1,1,,1
themoderatedmedia.com,,,,,,0.75,1,0.5,0.5,1,1,1,1,1,,1
viralthread.com,,,,,,0.75,1,0.5,0.5,1,1,1,1,1,,1
wikipedia.org,,,,,,0.75,1,0.5,0.5,1,1,1,1,1,,1
wionews.com,,,,,,0.75,1,0.5,0.5,1,1,1,1,1,,1
24ur.com,,,,,,0.8333,1,0.6667,0.6667,1,1,1,1,1,,1
amomama.com,,,,,,0.8333,1,0.6667,0.6667,,,,,,,1
bestlifeonline.com,,,,,,0.8333,1,0.6667,0.6667,1,1,1,1,1,,1
bignewsnetwork.com,,,,,,0.8333,1,0.6667,0.6667,1,1,1,1,1,,1
burnettcountysentinel.com,,,,,,0.8333,1,0.6667,0.6667,1,1,1,1,1,,1
business2community.com,,,,,,0.8333,1,0.6667,0.6667,1,1,1,1,1,,1
detik.com,,,,,,0.8333,1,0.6667,0.6667,1,1,1,1,1,,1
firstcoastnews.com,,,,,,0.8333,1,0.6667,0.6667,1,1,1,1,1,,1
ground.news,,,,,,0.8333,1,0.6667,0.6667,,,,,,,1
kdvr.com,,,,,,0.8333,1,0.6667,0.6667,1,1,1,1,1,,1
kompas.com,,,,,,0.8333,1,0.6667,0.6667,1,1,1,1,1,,1
nst.com.my,,,,,,0.8333,1,0.6667,0.6667,1,1,1,1,1,,1
novinite.com,,,,,,0.8333,1,0.6667,0.6667,1,1,1,1,1,,1
rferl.org,,,,,,0.8333,1,0.6667,0.6667,1,1,1,1,1,,1
rare.us,,,,,,0.8333,1,0.6667,0.6667,0.5,0.5,1,0.5,0.5,,1
rfi.fr,,,,,,0.8333,1,0.6667,0.6667,,,,,,,1
rocanews.com,,,,,,0.8333,1,0.6667,0.6667,1,1,1,1,1,,1
memepoliceman.com,,,,,,0.8333,1,0.6667,0.6667,1,1,1,1,1,,1
thenews.mx,,,,,,0.8333,1,0.6667,0.6667,1,1,1,1,1,,1
thirdway.org,,,,,,0.8333,1,0.6667,0.6667,1,1,1,1,1,,1
transpartisanreview.com,,,,,,0.8333,1,0.6667,0.6667,1,1,1,1,1,,1
tut.by,,,,,,0.8333,1,0.6667,0.6667,1,1,1,1,1,,1
wn.com,,,,,,0.8333,1,0.6667,0.6667,1,1,1,1,1,,1
radio.com,,,,,,0.9167,1,0.8333,0.8333,1,1,1,1,1,,1
nbc11news.com,,,,,,0.9167,1,0.8333,0.8333,1,1,1,1,1,,1
12news.com,,,,,,0.9167,1,0.8333,0.8333,1,1,1,1,1,,1
wibw.com,,,,,,0.9167,1,0.8333,0.8333,,,,,,,1
join1440.com,,,,,,0.9167,1,0.8333,0.8333,1,1,1,1,1,,1
wifr.com,,,,,,0.9167,1,0.8333,0.8333,,,,,,,1
247wallst.com,,,,,,0.9167,1,0.8333,0.8333,1,1,1,1,1,,1
38north.org,,,,,,0.9167,1,0.8333,0.8333,1,1,1,1,1,,1
680news.com,,,,,,0.9167,1,0.8333,0.8333,1,1,1,1,1,,1
9news.com,,,,,,0.9167,1,0.8333,0.8333,1,1,1,1,1,,1
abc12.com,,,,,,0.9167,1,0.8333,0.8333,1,1,1,1,1,,1
abc7ny.com,,,,,,0.9167,1,0.8333,0.8333,1,1,1,1,1,,1
abc7chicago.com,,,,,,0.9167,1,0.8333,0.8333,1,1,1,1,1,,1
abs-cbn.com,,,,,,0.9167,1,0.8333,0.8333,,,,,,,1
actionnewsjax.com,,,,,,0.9167,1,0.8333,0.8333,1,1,1,1,1,,1
adweek.com,,,,,,0.9167,1,0.8333,0.8333,1,1,1,1,1,,1
agdaily.com,,,,,,0.9167,1,0.8333,0.8333,1,1,1,1,1,,1
ansa.it,,,,,,0.9167,1,0.8333,0.8333,1,1,1,1,1,,1
agerpres.ro,,,,,,0.9167,1,0.8333,0.8333,1,1,1,1,1,,1
agweb.com,,,,,,0.9167,1,0.8333,0.8333,1,1,1,1,1,,1
airforcetimes.com,,,,,,0.9167,1,0.8333,0.8333,1,1,1,1,1,,1
airwars.org,,,,,,0.9167,1,0.8333,0.8333,1,1,1,1,1,,1
alreporter.com,,,,,,0.9167,1,0.8333,0.8333,1,1,1,1,1,,1
altoday.com,,,,,,0.9167,1,0.8333,0.8333,1,1,1,1,1,,1
democratherald.com,,,,,,0.9167,1,0.8333,0.8333,1,1,1,1,1,,1
adfontesmedia.com,0.4764,0.7981,0.1546,0.1546,,0.9167,1,0.8333,0.8333,1,1,1,1,1,,1
allafrica.com,,,,,,0.9167,1,0.8333,0.8333,1,1,1,1,1,,1
gmfus.org,,,,,,0.9167,1,0.8333,0.8333,,,,,,,1
amarillo.com,,,,,,0.9167,1,0.8333,0.8333,1,1,1,1,1,,1
americanheritage.com,,,,,,0.9167,1,0.8333,0.8333,1,1,1,1,1,,1
adn.com,,,,,,0.9167,1,0.8333,0.8333,0.75,1,1,0.875,0.75,,1
independentmail.com,,,,,,0.9167,1,0.8333,0.8333,1,1,1,1,1,,1
arcdigital.media,,,,,,0.9167,1,0.8333,0.8333,1,1,1,1,1,,1
arirang.com,,,,,,0.9167,1,0.8333,0.8333,1,1,1,1,1,,1
azcapitoltimes.com,,,,,,0.9167,1,0.8333,0.8333,1,1,1,1,1,,1
armytimes.com,0.97,0.9903,0.9498,0.9498,,0.9167,1,0.8333,0.8333,1,1,1,1,1,,1
arstechnica.com,0.9251,0.9356,0.9146,0.9146,,0.9167,1,0.8333,0.8333,1,1,1,1,1,,1
courier-tribune.com,,,,,,0.9167,1,0.8333,0.8333,1,1,1,1,1,,1
asiatimes.com,,,,,,0.9167,1,0.8333,0.8333,,,,,,,1
atlasobscura.com,,,,,,0.9167,1,0.8333,0.8333,1,1,1,1,1,,1
azfamily.com,,,,,,0.9167,1,0.8333,0.8333,1,1,1,1,1,,1
bnd.com,,,,,,0.9167,1,0.8333,0.8333,1,1,1,1,1,,1
benzinga.com,,,,,,0.9167,1,0.8333,0.8333,1,1,1,1,1,,1
bettergov.org,,,,,,0.9167,1,0.8333,0.8333,1,1,1,1,1,,1
bigthink.com,,,,,,0.9167,1,0.8333,0.8333,1,1,1,1,1,,1
sunherald.com,,,,,,0.9167,1,0.8333,0.8333,1,1,1,1,1,,1
bismarcktribune.com,,,,,,0.9167,1,0.8333,0.8333,1,1,1,1,1,,1
blastingnews.com,,,,,,0.9167,1,0.8333,0.8333,,,,,,,1
bleepingcomputer.com,,,,,,0.9167,1,0.8333,0.8333,1,1,1,1,1,,1
bnonews.com,,,,,,0.9167,1,0.8333,0.8333,1,1,1,1,1,,1
bozemandailychronicle.com,,,,,,0.9167,1,0.8333,0.8333,1,1,1,1,1,,1
bridgemi.com,,,,,,0.8333,0.8333,0.8333,0.8333,1,1,1,1,1,,1
bringmethenews.com,0.9342,0.9378,0.9306,0.9306,,0.9167,1,0.8333,0.8333,1,1,1,1,1,,1
bullshido.net,,,,,,0.9167,1,0.8333,0.8333,1,1,1,1,1,,1
cpac.ca,,,,,,0.9167,1,0.8333,0.8333,1,1,1,1,1,,1
capecodtimes.com,,,,,,0.9167,1,0.8333,0.8333,1,1,1,1,1,,1
capitolfax.com,,,,,,0.9167,1,0.8333,0.8333,1,1,1,1,1,,1
trib.com,,,,,,0.9167,1,0.8333,0.8333,1,1,1,1,1,,1
castanet.net,,,,,,0.9167,1,0.8333,0.8333,1,1,1,1,1,,1
cbslocal.com,,,,,,0.9167,1,0.8333,0.8333,,,,,,,1
cdt.org,,,,,,0.9167,1,0.8333,0.8333,1,1,1,1,1,,1
channelnewsasia.com,,,,,,0.9167,1,0.8333,0.8333,1,1,1,1,1,,1
chinookobserver.com,,,,,,0.9167,1,0.8333,0.8333,1,1,1,1,1,,1
csmonitor.com,0.9089,0.9193,0.8985,0.8985,,0.9167,1,0.8333,0.8333,1,1,1,1,1,,1
cincinnati.com,,,,,,0.9167,1,0.8333,0.8333,1,1,1,1,1,,1
ced.org,,,,,,0.9167,1,0.8333,0.8333,1,1,1,1,1,,1
communityimpact.com,,,,,,0.9167,1,0.8333,0.8333,,,,,,,1
concordmonitor.com,,,,,,0.9167,1,0.8333,0.8333,1,1,1,1,1,,1
constitutioncenter.org,,,,,,0.9167,1,0.8333,0.8333,1,1,1,1,1,,1
consumerreports.org,,,,,,0.9167,1,0.8333,0.8333,1,1,1,1,1,,1
consumerist.com,,,,,,0.9167,1,0.8333,0.8333,1,1,1,1,1,,1
cookpolitical.com,,,,,,0.9167,1,0.8333,0.8333,1,1,1,1,1,,1
coronavirus.gov,,,,,,0.9167,1,0.8333,0.8333,1,1,1,1,1,,1
corriere.it,,,,,,0.9167,1,0.8333,0.8333,1,1,1,1,1,,1
cfr.org,,,,,,0.9167,1,0.8333,0.8333,1,1,1,1,1,,1
countable.us,,,,,,0.9167,1,0.8333,0.8333,1,1,1,1,1,,1
courthousenews.com,,,,,,0.9167,1,0.8333,0.8333,1,1,1,1,1,,1
cp24.com,,,,,,0.9167,1,0.8333,0.8333,1,1,1,1,1,,1
crimeola.com,,,,,,0.9167,1,0.8333,0.8333,1,1,1,1,1,,1
ctvnews.ca,,,,,,0.9167,1,0.8333,0.8333,1,1,1,1,1,,1
dccircuitbreaker.org,,,,,,0.9167,1,0.8333,0.8333,1,1,1,1,1,,1
law.com,,,,,,0.9167,1,0.8333,0.8333,1,1,1,1,1,,1
dailycamera.com,,,,,,0.9167,1,0.8333,0.8333,1,1,1,1,1,,1
daily-journal.com,,,,,,0.9167,1,0.8333,0.8333,1,1,1,1,1,,1
dailyjournalonline.com,,,,,,0.9167,1,0.8333,0.8333,1,1,1,1,1,,1
dailymaverick.co.za,,,,,,0.9167,1,0.8333,0.8333,1,1,1,1,1,,1
dailyrecord.com,,,,,,0.9167,1,0.8333,0.8333,1,1,1,1,1,,1
darientimes.com,,,,,,0.9167,1,0.8333,0.8333,1,1,1,1,1,,1
theday.com,,,,,,0.9167,1,0.8333,0.8333,1,1,1,1,1,,1
daytondailynews.com,,,,,,0.9167,1,0.8333,0.8333,1,1,1,1,1,,1
defconwarningsystem.com,,,,,,0.9167,1,0.8333,0.8333,1,1,1,1,1,,1
defensenews.com,0.8977,0.9121,0.8833,0.8833,,0.9167,1,0.8333,0.8333,1,1,1,1,1,,1
defenseone.com,,,,,,0.9167,1,0.8333,0.8333,1,1,1,1,1,,1
delrionewsherald.com,,,,,,0.9167,1,0.8333,0.8333,1,1,1,1,1,,1
dentonrc.com,,,,,,0.9167,1,0.8333,0.8333,1,1,1,1,1,,1
digitaljournal.com,,,,,,0.9167,1,0.8333,0.8333,1,1,1,1,1,,1
doctorswithoutborders.org,,,,,,0.9167,1,0.8333,0.8333,1,1,1,1,1,,1
dpa.com,,,,,,0.9167,1,0.8333,0.8333,,,,,,,1
duluthnewstribune.com,,,,,,0.9167,1,0.8333,0.8333,1,1,1,1,1,,1
eagletribune.com,,,,,,0.9167,1,0.8333,0.8333,1,1,1,1,1,,1
eastidahonews.com,,,,,,0.9167,1,0.8333,0.8333,1,1,1,1,1,,1
edp24.co.uk,,,,,,0.9167,1,0.8333,0.8333,,,,,,,1
leadertelegram.com,,,,,,0.9167,1,0.8333,0.8333,1,1,1,1,1,,1
elnuevodia.com,,,,,,0.9167,1,0.8333,0.8333,1,1,1,1,1,,1
goerie.com,,,,,,0.9167,1,0.8333,0.8333,1,1,1,1,1,,1
err.ee,,,,,,0.9167,1,0.8333,0.8333,,,,,,,1
eurasiagroup.net,,,,,,0.9167,1,0.8333,0.8333,1,1,1,1,1,,1
factwire.org,,,,,,0.9167,1,0.8333,0.8333,1,1,1,1,1,,1
fairobserver.com,0.725,0.7413,0.7087,0.7087,,0.9167,1,0.8333,0.8333,1,1,1,1,1,,1
fayobserver.com,,,,,,0.9167,1,0.8333,0.8333,1,1,1,1,1,,1
federalnewsnetwork.com,,,,,,0.9167,1,0.8333,0.8333,1,1,1,1,1,,1
federaltimes.com,,,,,,0.9167,1,0.8333,0.8333,1,1,1,1,1,,1
ft.com,0.8884,0.8857,0.8857,0.891,,0.9167,1,0.8333,0.8333,1,1,1,1,1,,1
firstdraftnews.org,,,,,,0.9167,1,0.8333,0.8333,1,1,1,1,1,,1
floridapolitics.com,,,,,,0.9167,1,0.8333,0.8333,1,1,1,1,1,,1
jacksonville.com,,,,,,0.9167,1,0.8333,0.8333,1,1,1,1,1,,1
foreignaffairs.com,0.8329,0.7871,0.7871,0.8787,,0.9167,1,0.8333,0.8333,1,1,1,1,1,,1
foreignpolicy.com,0.8733,0.9093,0.8373,0.8373,,0.9167,1,0.8333,0.8333,1,1,1,1,1,,1
fosters.com,,,,,,0.9167,1,0.8333,0.8333,1,1,1,1,1,,1
france24.com,,,,,,0.9167,1,0.8333,0.8333,1,1,1,1,1,,1
fullfact.org,,,,,,0.9167,1,0.8333,0.8333,1,1,1,1,1,,1
geek.com,,,,,,0.9167,1,0.8333,0.8333,1,1,1,1,1,,1
globalintegrity.org,,,,,,0.9167,1,0.8333,0.8333,1,1,1,1,1,,1
globalslaveryindex.org,,,,,,0.9167,1,0.8333,0.8333,1,1,1,1,1,,1
globegazette.com,,,,,,0.9167,1,0.8333,0.8333,1,1,1,1,1,,1
goodnewsnetwork.org,0.9179,0.967,0.8688,0.8688,,0.9167,1,0.8333,0.8333,1,1,1,1,1,,1
govtrack.us,,,,,,0.9167,1,0.8333,0.8333,1,1,1,1,1,,1
greatfallstribune.com,,,,,,0.9167,1,0.8333,0.8333,1,1,1,1,1,,1
greenbaypressgazette.com,,,,,,0.9167,1,0.8333,0.8333,1,1,1,1,1,,1
group30.org,,,,,,0.9167,1,0.8333,0.8333,1,1,1,1,1,,1
hanfordsentinel.com,,,,,,0.9167,1,0.8333,0.8333,1,1,1,1,1,,1
hbr.org,,,,,,0.9167,1,0.8333,0.8333,1,1,1,1,1,,1
harvard.edu,,,,,,0.9167,1,0.8333,0.8333,,,,,,,1
hastingstribune.com,,,,,,0.9167,1,0.8333,0.8333,1,1,1,1,1,,1
healthcarefinancenews.com,,,,,,0.9167,1,0.8333,0.8333,1,1,1,1,1,,1
herald-review.com,,,,,,0.9167,1,0.8333,0.8333,1,1,1,1,1,,1
homelandsecuritynewswire.com,,,,,,0.9167,1,0.8333,0.8333,1,1,1,1,1,,1
i24news.tv,,,,,,0.9167,1,0.8333,0.8333,1,1,1,1,1,,1
icitizen.com,,,,,,0.9167,1,0.8333,0.8333,1,1,1,1,1,,1
idahostatesman.com,,,,,,0.9167,1,0.8333,0.8333,1,1,1,1,1,,1
janes.com,,,,,,0.9167,1,0.8333,0.8333,1,1,1,1,1,,1
imediaethics.org,,,,,,0.9167,1,0.8333,0.8333,1,1,1,1,1,,1
inc.com,,,,,,0.9167,1,0.8333,0.8333,1,1,1,1,1,,1
helenair.com,,,,,,0.9167,1,0.8333,0.8333,1,1,1,1,1,,1
ivn.us,,,,,,0.9167,1,0.8333,0.8333,1,1,1,1,1,,1
indexmundi.com,,,,,,0.9167,1,0.8333,0.8333,1,1,1,1,1,,1
indystar.com,0.9512,0.9457,0.9457,0.9566,,0.9167,1,0.8333,0.8333,1,1,1,1,1,,1
dailybulletin.com,,,,,,0.9167,1,0.8333,0.8333,1,1,1,1,1,,1
iwpr.org,,,,,,0.9167,1,0.8333,0.8333,1,1,1,1,1,,1
iea.org,,,,,,0.9167,1,0.8333,0.8333,1,1,1,1,1,,1
rescue.org,,,,,,0.9167,1,0.8333,0.8333,1,1,1,1,1,,1
investopedia.com,,,,,,0.9167,1,0.8333,0.8333,1,1,1,1,1,,1
jacksonsun.com,,,,,,0.9167,1,0.8333,0.8333,1,1,1,1,1,,1
japantimes.co.jp,,,,,,0.9167,1,0.8333,0.8333,1,1,1,1,1,,1
jta.org,,,,,,0.9167,1,0.8333,0.8333,1,1,1,1,1,,1
journalgazette.net,,,,,,0.9167,1,0.8333,0.8333,1,1,1,1,1,,1
journalstandard.com,,,,,,0.9167,1,0.8333,0.8333,1,1,1,1,1,,1
justicedenied.org,,,,,,0.9167,1,0.8333,0.8333,1,1,1,1,1,,1
kff.org,,,,,,0.9167,1,0.8333,0.8333,1,1,1,1,1,,1
kait8.com,,,,,,0.9167,1,0.8333,0.8333,1,1,1,1,1,,1
kare11.com,,,,,,0.9167,1,0.8333,0.8333,1,1,1,1,1,,1
alaskasnewssource.com,,,,,,0.9167,1,0.8333,0.8333,,,,,,,1
12newsnow.com,,,,,,0.9167,1,0.8333,0.8333,,,,,,,1
kbtx.com,,,,,,0.9167,1,0.8333,0.8333,1,1,1,1,1,,1
kcra.com,,,,,,0.9167,1,0.8333,0.8333,1,1,1,1,1,,1
kcrg.com,,,,,,0.9167,1,0.8333,0.8333,,,,,,,1
kctv5.com,,,,,,0.9167,1,0.8333,0.8333,1,1,1,1,1,,1
turnto23.com,,,,,,0.9167,1,0.8333,0.8333,1,1,1,1,1,,1
ketv.com,,,,,,0.9167,1,0.8333,0.8333,1,1,1,1,1,,1
kgns.tv,,,,,,0.9167,1,0.8333,0.8333,,,,,,,1
wyomingnewsnow.tv,,,,,,0.9167,1,0.8333,0.8333,1,1,1,1,1,,1
kiplinger.com,,,,,,0.9167,1,0.8333,0.8333,1,1,1,1,1,,1
kiro7.com,,,,,,0.9167,1,0.8333,0.8333,1,1,1,1,1,,1
kitv.com,,,,,,0.9167,1,0.8333,0.8333,1,1,1,1,1,,1
kktv.com,,,,,,0.9167,1,0.8333,0.8333,,,,,,,1
kmov.com,,,,,,0.9167,1,0.8333,0.8333,1,1,1,1,1,,1
knopnews2.com,,,,,,0.9167,1,0.8333,0.8333,1,1,1,1,1,,1
knowyourmeme.com,,,,,,0.9167,1,0.8333,0.8333,1,1,1,1,1,,1
knowherenews.com,,,,,,0.9167,1,0.8333,0.8333,1,1,1,1,1,,1
knoxnews.com,,,,,,0.9167,1,0.8333,0.8333,1,1,1,1,1,,1
koamnewsnow.com,,,,,,0.9167,1,0.8333,0.8333,1,1,1,1,1,,1
kold.com,,,,,,0.9167,1,0.8333,0.8333,,,,,,,1
kolotv.com,,,,,,0.9167,1,0.8333,0.8333,,,,,,,1
ksl.com,,,,,,0.9167,1,0.8333,0.8333,1,1,1,1,1,,1
ksnblocal4.com,,,,,,0.9167,1,0.8333,0.8333,1,1,1,1,1,,1
ky3.com,,,,,,0.9167,1,0.8333,0.8333,,,,,,,1
kstp.com,,,,,,0.9167,1,0.8333,0.8333,1,1,1,1,1,,1
ktla.com,,,,,,0.9167,1,0.8333,0.8333,1,1,1,1,1,,1
ktva.com,,,,,,0.9167,1,0.8333,0.8333,1,1,1,1,1,,1
ktvu.com,,,,,,0.9167,1,0.8333,0.8333,1,1,1,1,1,,1
weau.com,,,,,,0.9167,1,0.8333,0.8333,,,,,,,1
news9.com,,,,,,0.9167,1,0.8333,0.8333,1,1,1,1,1,,1
kxii.com,,,,,,0.9167,1,0.8333,0.8333,1,1,1,1,1,,1
lalibre.be,,,,,,0.9167,1,0.8333,0.8333,1,1,1,1,1,,1
lansingstatejournal.com,,,,,,0.9167,1,0.8333,0.8333,1,1,1,1,1,,1
lcsun-news.com,,,,,,0.9167,1,0.8333,0.8333,1,1,1,1,1,,1
law360.com,,,,,,0.9167,1,0.8333,0.8333,1,1,1,1,1,,1
ledevoir.com,,,,,,0.9167,1,0.8333,0.8333,1,1,1,1,1,,1
lesoir.be,,,,,,0.9167,1,0.8333,0.8333,1,1,1,1,1,,1
ldnews.com,,,,,,0.9167,1,0.8333,0.8333,1,1,1,1,1,,1
journalstar.com,,,,,,0.9167,1,0.8333,0.8333,1,1,1,1,1,,1
lancasteronline.com,,,,,,0.9167,1,0.8333,0.8333,1,1,1,1,1,,1
lompocrecord.com,,,,,,0.9167,1,0.8333,0.8333,1,1,1,1,1,,1
news-journal.com,,,,,,0.9167,1,0.8333,0.8333,1,1,1,1,1,,1
reporterherald.com,,,,,,0.9167,1,0.8333,0.8333,1,1,1,1,1,,1
makeuseof.com,,,,,,0.9167,1,0.8333,0.8333,1,1,1,1,1,,1
mediapost.com,,,,,,0.9167,1,0.8333,0.8333,,,,,,,1
commercialappeal.com,,,,,,0.9167,1,0.8333,0.8333,1,1,1,1,1,,1
mentalfloss.com,,,,,,0.9167,1,0.8333,0.8333,1,1,1,1,1,,1
myrecordjournal.com,,,,,,0.9167,1,0.8333,0.8333,1,1,1,1,1,,1
merionwest.com,,,,,,0.9167,1,0.8333,0.8333,1,1,1,1,1,,1
metrowestdailynews.com,,,,,,0.9167,1,0.8333,0.8333,1,1,1,1,1,,1
military.com,,,,,,0.9167,1,0.8333,0.8333,1,1,1,1,1,,1
militarytimes.com,0.9618,0.9928,0.9309,0.9309,,0.9167,1,0.8333,0.8333,1,1,1,1,1,,1
missoulian.com,,,,,,0.9167,1,0.8333,0.8333,1,1,1,1,1,,1
mlive.com,,,,,,0.9167,1,0.8333,0.8333,0.75,1,1,0.875,0.75,,1
mtstandard.com,,,,,,0.9167,1,0.8333,0.8333,1,1,1,1,1,,1
napavalleyregister.com,,,,,,0.9167,1,0.8333,0.8333,1,1,1,1,1,,1
nber.org,,,,,,0.9167,1,0.8333,0.8333,1,1,1,1,1,,1
ncsl.org,,,,,,0.9167,1,0.8333,0.8333,1,1,1,1,1,,1
followthemoney.org,,,,,,0.9167,1,0.8333,0.8333,1,1,1,1,1,,1
nationaljournal.com,,,,,,0.9167,1,0.8333,0.8333,1,1,1,1,1,,1
navytimes.com,,,,,,0.9167,1,0.8333,0.8333,1,1,1,1,1,,1
newbernsj.com,,,,,,0.9167,1,0.8333,0.8333,1,1,1,1,1,,1
necn.com,,,,,,0.9167,1,0.8333,0.8333,0.75,1,1,0.875,0.75,,1
nzherald.co.nz,,,,,,0.9167,1,0.8333,0.8333,1,1,1,1,1,,1
newsandnews.com,,,,,,0.9167,1,0.8333,0.8333,1,1,1,1,1,,1
kfor.com,,,,,,0.9167,1,0.8333,0.8333,1,1,1,1,1,,1
thenewsliteracyproject.org,,,,,,0.9167,1,0.8333,0.8333,1,1,1,1,1,,1
news24.com,,,,,,0.9167,1,0.8333,0.8333,1,1,1,1,1,,1
newsela.com,,,,,,0.9167,1,0.8333,0.8333,1,1,1,1,1,,1
newsguardtech.com,,,,,,0.9167,1,0.8333,0.8333,1,1,1,1,1,,1
newsnationnow.com,0.9395,0.9871,0.8919,0.8919,,0.9167,1,0.8333,0.8333,1,1,1,1,1,,1
yournewsnet.com,,,,,,0.9167,1,0.8333,0.8333,1,1,1,1,1,,1
nextgov.com,,,,,,0.9167,1,0.8333,0.8333,1,1,1,1,1,,1
niskanencenter.org,,,,,,0.9167,1,0.8333,0.8333,1,1,1,1,1,,1
nknews.org,,,,,,0.9167,1,0.8333,0.8333,1,1,1,1,1,,1
nolabels.org,,,,,,0.9167,1,0.8333,0.8333,1,1,1,1,1,,1
noozhawk.com,,,,,,0.9167,1,0.8333,0.8333,1,1,1,1,1,,1
norfolkdailynews.com,,,,,,0.9167,1,0.8333,0.8333,1,1,1,1,1,,1
nwfdailynews.com,,,,,,0.9167,1,0.8333,0.8333,1,1,1,1,1,,1
nwitimes.com,,,,,,0.9167,1,0.8333,0.8333,1,1,1,1,1,,1
oilprice.com,,,,,,0.9167,1,0.8333,0.8333,1,1,1,1,1,,1
guampdn.com,,,,,,0.9167,1,0.8333,0.8333,1,1,1,1,1,,1
patch.com,0.9005,0.8405,0.8405,0.9606,,0.9167,1,0.8333,0.8333,1,1,1,1,1,,1
pnj.com,,,,,,0.9167,1,0.8333,0.8333,1,1,1,1,1,,1
pjstar.com,,,,,,0.9167,1,0.8333,0.8333,1,1,1,1,1,,1
pgpf.org,,,,,,0.9167,1,0.8333,0.8333,1,1,1,1,1,,1
piie.com,,,,,,0.9167,1,0.8333,0.8333,1,1,1,1,1,,1
placesjournal.org,,,,,,0.9167,1,0.8333,0.8333,1,1,1,1,1,,1
poconorecord.com,,,,,,0.9167,1,0.8333,0.8333,1,1,1,1,1,,1
politicalwire.com,,,,,,0.9167,1,0.8333,0.8333,0.5,0.5,1,0.5,0.5,,1
polygraph.info,,,,,,0.9167,1,0.8333,0.8333,1,1,1,1,1,,1
poynter.org,0.7755,0.7507,0.7507,0.8003,,0.9167,1,0.8333,0.8333,1,1,1,1,1,,1
prnewswire.com,,,,,,0.9167,1,0.8333,0.8333,,,,,,,1
procon.org,,,,,,0.9167,1,0.8333,0.8333,1,1,1,1,1,,1
publicpolicypolling.com,,,,,,0.9167,1,0.8333,0.8333,1,1,1,1,1,,1
punchbowl.news,,,,,,0.9167,1,0.8333,0.8333,1,1,1,1,1,,1
qctimes.com,,,,,,0.9167,1,0.8333,0.8333,1,1,1,1,1,,1
rand.org,,,,,,0.9167,1,0.8333,0.8333,1,1,1,1,1,,1
rapidcityjournal.com,,,,,,0.9167,1,0.8333,0.8333,1,1,1,1,1,,1
recode.net,,,,,,0.9167,1,0.8333,0.8333,1,1,1,1,1,,1
rsf.org,,,,,,0.9167,1,0.8333,0.8333,1,1,1,1,1,,1
masslive.com,,,,,,0.9167,1,0.8333,0.8333,1,1,1,1,1,,1
riverbender.com,,,,,,0.9167,1,0.8333,0.8333,1,1,1,1,1,,1
riverdalepress.com,,,,,,0.9167,1,0.8333,0.8333,1,1,1,1,1,,1
rte.ie,,,,,,0.9167,1,0.8333,0.8333,1,1,1,1,1,,1
russialies.com,,,,,,0.9167,1,0.8333,0.8333,1,1,1,1,1,,1
sandiegouniontribune.com,0.9632,0.973,0.9533,0.9533,,0.9167,1,0.8333,0.8333,1,1,1,1,1,,1
sanmarcosrecord.com,,,,,,0.9167,1,0.8333,0.8333,1,1,1,1,1,,1
santamariatimes.com,,,,,,0.9167,1,0.8333,0.8333,1,1,1,1,1,,1
heraldtribune.com,,,,,,0.9167,1,0.8333,0.8333,1,1,1,1,1,,1
sayfiereview.com,,,,,,0.9167,1,0.8333,0.8333,1,1,1,1,1,,1
scotusblog.com,,,,,,0.9167,1,0.8333,0.8333,1,1,1,1,1,,1
shorensteincenter.org,,,,,,0.9167,1,0.8333,0.8333,1,1,1,1,1,,1
shreveporttimes.com,,,,,,0.9167,1,0.8333,0.8333,1,1,1,1,1,,1
simplepolitics.co.uk,,,,,,0.9167,1,0.8333,0.8333,1,1,1,1,1,,1
siouxcityjournal.com,,,,,,0.9167,1,0.8333,0.8333,1,1,1,1,1,,1
sky.com,0.9127,0.9303,0.8952,0.8952,,0.9167,1,0.8333,0.8333,,,,,,,1
southbendtribune.com,,,,,,0.9167,1,0.8333,0.8333,1,1,1,1,1,,1
sun-sentinel.com,0.8583,0.8301,0.8301,0.8864,,0.9167,1,0.8333,0.8333,1,1,1,1,1,,1
spectrumlocalnews.com,,,,,,0.9167,1,0.8333,0.8333,,,,,,,1
ny1.com,,,,,,0.9167,1,0.8333,0.8333,1,1,1,1,1,,1
spotlightpa.org,,,,,,0.9167,1,0.8333,0.8333,1,1,1,1,1,,1
sctimes.com,,,,,,0.9167,1,0.8333,0.8333,1,1,1,1,1,,1
stripes.com,0.9854,0.9865,0.9844,0.9844,,0.9167,1,0.8333,0.8333,1,1,1,1,1,,1
silive.com,,,,,,0.9167,1,0.8333,0.8333,1,1,1,1,1,,1
statesmanjournal.com,,,,,,0.9167,1,0.8333,0.8333,1,1,1,1,1,,1
statesville.com,,,,,,0.9167,1,0.8333,0.8333,1,1,1,1,1,,1
statista.com,,,,,,0.9167,1,0.8333,0.8333,1,1,1,1,1,,1
stimson.org,,,,,,0.9167,1,0.8333,0.8333,1,1,1,1,1,,1
strategypage.com,,,,,,0.9167,1,0.8333,0.8333,1,1,1,1,1,,1
stratfor.com,,,,,,0.9167,1,0.8333,0.8333,1,1,1,1,1,,1
taipeitimes.com,,,,,,0.9167,1,0.8333,0.8333,1,1,1,1,1,,1
taskandpurpose.com,,,,,,0.9167,1,0.8333,0.8333,1,1,1,1,1,,1
telegram.com,,,,,,0.9167,1,0.8333,0.8333,1,1,1,1,1,,1
texasstandard.org,,,,,,0.9167,1,0.8333,0.8333,1,1,1,1,1,,1
thatsnonsense.com,,,,,,0.9167,1,0.8333,0.8333,1,1,1,1,1,,1
auburnpub.com,,,,,,0.9167,1,0.8333,0.8333,1,1,1,1,1,,1
afr.com,,,,,,0.9167,1,0.8333,0.8333,1,1,1,1,1,,1
thebalance.com,,,,,,0.9167,1,0.8333,0.8333,1,1,1,1,1,,1
bangkokpost.com,,,,,,0.9167,1,0.8333,0.8333,1,1,1,1,1,,1
baxterbulletin.com,,,,,,0.9167,1,0.8333,0.8333,1,1,1,1,1,,1
thecanadianpress.com,,,,,,0.9167,1,0.8333,0.8333,1,1,1,1,1,,1
thecipherbrief.com,,,,,,0.9167,1,0.8333,0.8333,1,1,1,1,1,,1
columbian.com,,,,,,0.9167,1,0.8333,0.8333,1,1,1,1,1,,1
covidtracking.com,,,,,,0.9167,1,0.8333,0.8333,1,1,1,1,1,,1
daily-chronicle.com,,,,,,0.9167,1,0.8333,0.8333,1,1,1,1,1,,1
dailygazette.com,,,,,,0.9167,1,0.8333,0.8333,1,1,1,1,1,,1
tdn.com,,,,,,0.9167,1,0.8333,0.8333,1,1,1,1,1,,1
dailynorthwestern.com,,,,,,0.9167,1,0.8333,0.8333,1,1,1,1,1,,1
dailyprogress.com,,,,,,0.9167,1,0.8333,0.8333,1,1,1,1,1,,1
desmoinesregister.com,,,,,,0.9167,1,0.8333,0.8333,1,1,1,1,1,,1
thediplomat.com,,,,,,0.9167,1,0.8333,0.8333,1,1,1,1,1,,1
economist.com,0.8731,0.8769,0.8692,0.8692,,0.9167,1,0.8333,0.8333,1,1,1,1,1,,1
theflipside.io,,,,,,0.9167,1,0.8333,0.8333,1,1,1,1,1,,1
herald-dispatch.com,,,,,,0.9167,1,0.8333,0.8333,1,1,1,1,1,,1
hjnews.com,,,,,,0.9167,1,0.8333,0.8333,,,,,,,1
heraldnews.com,,,,,,0.9167,1,0.8333,0.8333,1,1,1,1,1,,1
heraldsun.com,,,,,,0.9167,1,0.8333,0.8333,1,1,1,1,1,,1
jamestown.org,,,,,,0.9167,1,0.8333,0.8333,1,1,1,1,1,,1
jordantimes.com,,,,,,0.9167,1,0.8333,0.8333,1,1,1,1,1,,1
macon.com,,,,,,0.9167,1,0.8333,0.8333,1,1,1,1,1,,1
mariettatimes.com,,,,,,0.9167,1,0.8333,0.8333,1,1,1,1,1,,1
themarshallproject.org,,,,,,0.9167,1,0.8333,0.8333,1,1,1,1,1,,1
modbee.com,,,,,,0.9167,1,0.8333,0.8333,1,1,1,1,1,,1
themonitor.com,,,,,,0.9167,1,0.8333,0.8333,1,1,1,1,1,,1
mcall.com,,,,,,0.9167,1,0.8333,0.8333,1,1,1,1,1,,1
thenevadaindependent.com,,,,,,0.9167,1,0.8333,0.8333,1,1,1,1,1,,1
monmouth.edu,,,,,,0.9167,1,0.8333,0.8333,,,,,,,1
postandcourier.com,,,,,,0.9167,1,0.8333,0.8333,1,1,1,1,1,,1
syracuse.com,0.9177,0.9099,0.9099,0.9256,,0.9167,1,0.8333,0.8333,1,1,1,1,1,,1
poststar.com,,,,,,0.9167,1,0.8333,0.8333,1,1,1,1,1,,1
recordnet.com,,,,,,0.9167,1,0.8333,0.8333,1,1,1,1,1,,1
theregister.co.uk,,,,,,0.9167,1,0.8333,0.8333,1,1,1,1,1,,1
therepublic.com,,,,,,0.9167,1,0.8333,0.8333,1,1,1,1,1,,1
scotsman.com,,,,,,0.9167,1,0.8333,0.8333,1,1,1,1,1,,1
cumberlink.com,,,,,,0.9167,1,0.8333,0.8333,1,1,1,1,1,,1
thesmokinggun.com,,,,,,0.9167,1,0.8333,0.8333,1,1,1,1,1,,1
sociable.co,,,,,,0.9167,1,0.8333,0.8333,1,1,1,1,1,,1
thesouthern.com,,,,,,0.9167,1,0.8333,0.8333,1,1,1,1,1,,1
stardem.com,,,,,,0.9167,1,0.8333,0.8333,1,1,1,1,1,,1
thestrategybridge.org,,,,,,0.9167,1,0.8333,0.8333,1,1,1,1,1,,1
tennessean.com,0.9407,0.9391,0.9391,0.9423,,0.9167,1,0.8333,0.8333,1,1,1,1,1,,1
thetandd.com,,,,,,0.9167,1,0.8333,0.8333,1,1,1,1,1,,1
mywebtimes.com,,,,,,0.9167,1,0.8333,0.8333,1,1,1,1,1,,1
thetowntalk.com,,,,,,0.9167,1,0.8333,0.8333,1,1,1,1,1,,1
truthsetter.com,,,,,,0.9167,1,0.8333,0.8333,1,1,1,1,1,,1
vindy.com,,,,,,0.9167,1,0.8333,0.8333,1,1,1,1,1,,1
wcfcourier.com,,,,,,0.9167,1,0.8333,0.8333,1,1,1,1,1,,1
timesfreepress.com,,,,,,0.9167,1,0.8333,0.8333,1,1,1,1,1,,1
magicvalley.com,,,,,,0.9167,1,0.8333,0.8333,1,1,1,1,1,,1
timesofsandiego.com,,,,,,0.9167,1,0.8333,0.8333,1,1,1,1,1,,1
todayifoundout.com,,,,,,0.9167,1,0.8333,0.8333,1,1,1,1,1,,1
record-eagle.com,,,,,,0.9167,1,0.8333,0.8333,1,1,1,1,1,,1
tri-cityherald.com,,,,,,0.9167,1,0.8333,0.8333,1,1,1,1,1,,1
tribunecontentagency.com,,,,,,0.9167,1,0.8333,0.8333,1,1,1,1,1,,1
undark.org,,,,,,0.9167,1,0.8333,0.8333,1,1,1,1,1,,1
upi.com,0.9525,0.9604,0.9445,0.9445,,0.9167,1,0.8333,0.8333,1,1,1,1,1,,1
gao.gov,,,,,,0.9167,1,0.8333,0.8333,1,1,1,1,1,,1
standard.net,,,,,,0.8333,0.8333,0.8333,0.8333,1,1,1,1,1,,1
voanews.com,0.9198,0.9011,0.9011,0.9386,,0.9167,1,0.8333,0.8333,1,1,1,1,1,,1
vosizneias.com,,,,,,0.9167,1,0.8333,0.8333,1,1,1,1,1,,1
votesmart.org,,,,,,0.9167,1,0.8333,0.8333,1,1,1,1,1,,1
wacotrib.com,,,,,,0.9167,1,0.8333,0.8333,1,1,1,1,1,,1
warontherocks.com,,,,,,0.9167,1,0.8333,0.8333,1,1,1,1,1,,1
c-span.org,,,,,,0.9167,1,0.8333,0.8333,1,1,1,1,1,,1
wtop.com,,,,,,0.9167,1,0.8333,0.8333,1,1,1,1,1,,1
wbay.com,,,,,,0.9167,1,0.8333,0.8333,1,1,1,1,1,,1
10tv.com,,,,,,0.9167,1,0.8333,0.8333,1,1,1,1,1,,1
wbtv.com,,,,,,0.9167,1,0.8333,0.8333,1,1,1,1,1,,1
wcax.com,,,,,,0.9167,1,0.8333,0.8333,1,1,1,1,1,,1
wctv.tv,,,,,,0.9167,1,0.8333,0.8333,,,,,,,1
clickondetroit.com,,,,,,0.9167,1,0.8333,0.8333,1,1,1,1,1,,1
wearethemighty.com,,,,,,0.9167,1,0.8333,0.8333,1,1,1,1,1,,1
wect.com,,,,,,0.9167,1,0.8333,0.8333,,,,,,,1
weny.com,,,,,,0.9167,1,0.8333,0.8333,1,1,1,1,1,,1
mytwintiers.com,,,,,,0.9167,1,0.8333,0.8333,,,,,,,1
wfmynews2.com,,,,,,0.9167,1,0.8333,0.8333,1,1,1,1,1,,1
wfmz.com,,,,,,0.9167,1,0.8333,0.8333,1,1,1,1,1,,1
myfox8.com,,,,,,0.9167,1,0.8333,0.8333,1,1,1,1,1,,1
wgntv.com,,,,,,0.9167,1,0.8333,0.8333,1,1,1,1,1,,1
whsv.com,,,,,,0.9167,1,0.8333,0.8333,1,1,1,1,1,,1
kansas.com,,,,,,0.9167,1,0.8333,0.8333,0.75,1,1,0.875,0.75,,1
wikinews.org,,,,,,0.9167,1,0.8333,0.8333,,,,,,,1
wikitribune.com,,,,,,0.9167,1,0.8333,0.8333,1,1,1,1,1,,1
wilx.com,,,,,,0.9167,1,0.8333,0.8333,,,,,,,1
winnipegfreepress.com,,,,,,0.9167,1,0.8333,0.8333,1,1,1,1,1,,1
winonadailynews.com,,,,,,0.9167,1,0.8333,0.8333,1,1,1,1,1,,1
journalnow.com,,,,,,0.9167,1,0.8333,0.8333,1,1,1,1,1,,1
madison.com,,,,,,0.9167,1,0.8333,0.8333,,,,,,,1
witn.com,,,,,,0.9167,1,0.8333,0.8333,,,,,,,1
wjhg.com,,,,,,0.9167,1,0.8333,0.8333,,,,,,,1
wvlt.tv,,,,,,0.9167,1,0.8333,0.8333,,,,,,,1
wmur.com,,,,,,0.9167,1,0.8333,0.8333,1,1,1,1,1,,1
wndu.com,,,,,,0.9167,1,0.8333,0.8333,,,,,,,1
fox35orlando.com,,,,,,0.9167,1,0.8333,0.8333,1,1,1,1,1,,1
spectrumnews1.com,,,,,,0.9167,1,0.8333,0.8333,,,,,,,1
worldpoliticsreview.com,,,,,,0.8333,0.8333,0.8333,0.8333,1,1,1,1,1,,1
worldometers.info,,,,,,0.9167,1,0.8333,0.8333,1,1,1,1,1,,1
wowt.com,,,,,,0.9167,1,0.8333,0.8333,1,1,1,1,1,,1
wpxi.com,,,,,,0.9167,1,0.8333,0.8333,1,1,1,1,1,,1
wral.com,,,,,,0.9167,1,0.8333,0.8333,1,1,1,1,1,,1
wrdw.com,,,,,,0.9167,1,0.8333,0.8333,1,1,1,1,1,,1
wsaz.com,,,,,,0.9167,1,0.8333,0.8333,1,1,1,1,1,,1
wtae.com,,,,,,0.9167,1,0.8333,0.8333,1,1,1,1,1,,1
wtok.com,,,,,,0.9167,1,0.8333,0.8333,1,1,1,1,1,,1
13abc.com,,,,,,0.9167,1,0.8333,0.8333,,,,,,,1
wtvy.com,,,,,,0.9167,1,0.8333,0.8333,1,1,1,1,1,,1
fox29.com,,,,,,0.9167,1,0.8333,0.8333,1,1,1,1,1,,1
wusa9.com,,,,,,0.9167,1,0.8333,0.8333,1,1,1,1,1,,1
13newsnow.com,,,,,,0.9167,1,0.8333,0.8333,,,,,,,1
zdf.de,,,,,,0.9167,1,0.8333,0.8333,1,1,1,1,1,,1
zdnet.com,,,,,,0.9167,1,0.8333,0.8333,1,1,1,1,1,,1
africacheck.org,,,,,,1,1,1,1,1,1,1,1,1,,1
americanpressinstitute.org,,,,,,1,1,1,1,1,1,1,1,1,,1
ballotpedia.org,,,,,,1,1,1,1,1,1,1,1,1,,1
csis.org,,,,,,1,1,1,1,1,1,1,1,1,,1
charitynavigator.org,,,,,,1,1,1,1,1,1,1,1,1,,1
cpj.org,,,,,,1,1,1,1,1,1,1,1,1,,1
congress.gov,,,,,,1,1,1,1,1,1,1,1,1,,1
cbo.gov,,,,,,1,1,1,1,1,1,1,1,1,,1
differencebetween.net,,,,,,1,1,1,1,1,1,1,1,1,,1
everycrsreport.com,,,,,,1,1,1,1,1,1,1,1,1,,1
factcheck.org,,,,,,1,1,1,1,1,1,1,1,1,,1
howtogeek.com,,,,,,1,1,1,1,1,1,1,1,1,,1
howstuffworks.com,,,,,,1,1,1,1,1,1,1,1,1,,1
icij.org,,,,,,1,1,1,1,1,1,1,1,1,,1
cambridge.org,,,,,,1,1,1,1,,,,,,,1
ipi.media,,,,,,1,1,1,1,,,,,,,1
ire.org,,,,,,1,1,1,1,1,1,1,1,1,,1
lawfareblog.com,,,,,,1,1,1,1,1,1,1,1,1,,1
leadstories.com,,,,,,1,1,1,1,1,1,1,1,1,,1
logically.ai,,,,,,1,1,1,1,1,1,1,1,1,,1
morningconsult.com,,,,,,1,1,1,1,1,1,1,1,1,,1
nationmaster.com,,,,,,1,1,1,1,1,1,1,1,1,,1
oyez.org,,,,,,1,1,1,1,1,1,1,1,1,,1
pewresearch.org,,,,,,1,1,1,1,1,1,1,1,1,,1
prri.org,,,,,,1,1,1,1,1,1,1,1,1,,1
reporterslab.org,,,,,,1,1,1,1,1,1,1,1,1,,1
rollcall.com,0.9166,0.9115,0.9115,0.9218,,1,1,1,1,1,1,1,1,1,,1
sciencedebate.org,,,,,,1,1,1,1,1,1,1,1,1,,1
theconversation.com,,,,,,1,1,1,1,1,1,1,1,1,,1
thoughtco.com,,,,,,1,1,1,1,1,1,1,1,1,,1
transparency.org,,,,,,1,1,1,1,1,1,1,1,1,,1
truthorfiction.com,,,,,,1,1,1,1,1,1,1,1,1,,1
tvw.org,,,,,,1,1,1,1,1,1,1,1,1,,1
house.gov,,,,,,1,1,1,1,1,1,1,1,1,,1
usafacts.org,,,,,,1,1,1,1,1,1,1,1,1,,1
usaspending.gov,,,,,,1,1,1,1,1,1,1,1,1,,1
verafiles.org,,,,,,1,1,1,1,1,1,1,1,1,,1
raleighcw.com,,,,,,1,1,1,1,,,,,,,1
whatreallyhappened.com,,,,,,0.0556,,0.0556,0.0556,0,0,0,0,0,0.0825,0
haarp.net,,,,,,0.1111,,0.1111,0.1111,0,0,0,0,0,0.066,0
vrevealed.com,,,,,,0.1111,,0.1111,0.1111,,,,,,,1
autisminvestigated.com,,,,,,0.1667,,0.1667,0.1667,0,0,0,0,0,,1
ewao.com,,,,,,0.1667,,0.1667,0.1667,0,0,0,0,0,,1
acallforanuprising.com,,,,,,0.2222,,0.2222,0.2222,,,,,,0.066,0
allianceforadvancedhealth.com,,,,,,0.2222,,0.2222,0.2222,0,0,0,0,0,0.165,0
americasfrontlinedoctors.com,,,,,,0.2222,,0.2222,0.2222,0,0,0,0,0,,1
bonsens.info,,,,,,0.2222,,0.2222,0.2222,,,,,,0,0
geopolitics.co,,,,,,0.2222,,0.2222,0.2222,0,0,0,0,0,0.165,0
endtimeheadlines.org,,,,,,0.2222,,0.2222,0.2222,0,0,0,0,0,,1
freedomainradio.com,,,,,,0.2222,,0.2222,0.2222,0,0,0,0,0,0.1109,0
israelislamandendtimes.com,,,,,,0.2222,,0.2222,0.2222,0,0,0,0,0,0.165,0
medicalkidnap.com,,,,,,0.2222,,0.2222,0.2222,,,,,,0,0
naturalsociety.com,,,,,,0.2222,,0.2222,0.2222,0,0,0,0,0,0.1622,0
ourhealthguides.com,,,,,,0.2222,,0.2222,0.2222,0,0,0,0,0,0.066,0
vermontindependent.net,,,,,,0.2222,,0.2222,0.2222,,,,,,,1
369news.net,,,,,,0.2778,,0.2778,0.2778,0,0,0,0,0,0.165,0
ageofautism.com,,,,,,0.2778,,0.2778,0.2778,0,0,0,0,0,,1
anh-usa.org,,,,,,0.2778,,0.2778,0.2778,0,0,0,0,0,0.165,0
americandigitalnews.com,,,,,,0.2778,,0.2778,0.2778,0,0,0,0,0,0.165,0
aim4truth.org,,,,,,0.2778,,0.2778,0.2778,0,0,0,0,0,0.165,0
ancient-code.com,,,,,,0.2778,,0.2778,0.2778,0,0,0,0,0,0.1485,0
answersingenesis.org,,,,,,0.2778,,0.2778,0.2778,0,0,0,0,0,,1
consciouslifenews.com,,,,,,0.2778,,0.2778,0.2778,0,0,0,0,0,0.1485,0
davidwolfe.com,,,,,,0.2778,,0.2778,0.2778,0,0,0,0,0,0.1485,0
eluxemagazine.com,,,,,,0.2778,,0.2778,0.2778,0,0,0,0,0,0.165,0
globalhealingcenter.com,,,,,,0.2778,,0.2778,0.2778,0,0,0,0,0,0.1728,0
gmwatch.org,,,,,,0.2778,,0.2778,0.2778,0,0,0,0,0,0.1719,0
climatescienceinternational.org,,,,,,0.2778,,0.2778,0.2778,0,0,0,0,0,,1
naturalhealth365.com,,,,,,0.2778,,0.2778,0.2778,0,0,0,0,0,0.164,0
off-guardian.org,,,,,,0.2778,,0.2778,0.2778,0,0,0,0,0,0.1464,0
latitudes.org,,,,,,0.3333,,0.3333,0.3333,0,0,0,0,0,0.165,0
beholdisrael.org,,,,,,0.3333,,0.3333,0.3333,0,0,0,0,0,0.165,0
catholic.org,,,,,,0.3333,,0.3333,0.3333,0,0,0,0,0,0.1902,0
creationwiki.org,,,,,,0.3333,,0.3333,0.3333,0,0,0,0,0,0.1695,0
doctoroz.com,,,,,,0.3333,,0.3333,0.3333,0,0,0,0,0,0.1889,0
draxe.com,,,,,,0.3333,,0.3333,0.3333,0,0,0,0,0,0.1737,0
foodbabe.com,,,,,,0.3333,,0.3333,0.3333,0,0,0,0,0,0.1455,0
foodmatters.com,,,,,,0.3333,,0.3333,0.3333,0,0,0,0,0,0.165,0
informationclearinghouse.info,,,,,,0.3333,,0.3333,0.3333,0,0,0,0,0,0.1815,0
naturalcures.com,,,,,,0.3333,,0.3333,0.3333,0,0,0,0,0,0.1627,0
eutimes.net,,,,,,0.3333,,0.3333,0.3333,0,0,0,0,0,0.1431,0
stream.org,0.3846,0.3206,0.3206,0.4486,,0.3333,,0.3333,0.3333,0,0,0,0,0,0.165,0
wikispooks.com,,,,,,0.3333,,0.3333,0.3333,0,0,0,0,0,0.1508,0
21stcenturywire.com,,,,,,0.3889,,0.3889,0.3889,0,0,0,0,0,0.0165,0
ancient-origins.net,,,,,,0.3889,,0.3889,0.3889,0,0,0,0,0,0.165,0
apost.com,,,,,,0.3889,,0.3889,0.3889,0,0,0,0,0,,1
charismanews.com,,,,,,0.3889,,0.3889,0.3889,0,0,0,0,0,0.1638,0
climatedepot.com,,,,,,0.3889,,0.3889,0.3889,0,0,0,0,0,0.1384,0
judithcurry.com,,,,,,0.3889,,0.3889,0.3889,0,0,0,0,0,0.165,0
dailygrail.com,,,,,,0.3889,,0.3889,0.3889,0,0,0,0,0,0.1695,0
educateinspirechange.org,,,,,,0.3889,,0.3889,0.3889,0,0,0,0,0,0.1502,0
ewg.org,,,,,,0.3889,,0.3889,0.3889,0,0,0,0,0,,1
friendsofscience.org,,,,,,0.3889,,0.3889,0.3889,0,0,0,0,0,0.165,0
healthyandnaturalworld.com,,,,,,0.3889,,0.3889,0.3889,0,0,0,0,0,0.066,0
thieme-connect.com,,,,,,0.3889,,0.3889,0.3889,,,,,,,1
responsibletechnology.org,,,,,,0.3889,,0.3889,0.3889,0,0,0,0,0,0.1511,0
investmentwatchblog.com,,,,,,0.3889,,0.3889,0.3889,0,0,0,0,0,0.1485,0
livingwhole.org,,,,,,0.3889,,0.3889,0.3889,0,0,0,0,0,0.165,0
mediaroots.org,,,,,,0.3889,,0.3889,0.3889,0,0,0,0,0,0.165,0
mindbodygreen.com,,,,,,0.3889,,0.3889,0.3889,0,0,0,0,0,0.1815,0
modernalternativemama.com,,,,,,0.3889,,0.3889,0.3889,0,0,0,0,0,0.165,0
naturalawakeningsmag.com,,,,,,0.3889,,0.3889,0.3889,0,0,0,0,0,,1
occupyyourself.org,,,,,,0.3889,,0.3889,0.3889,0,0,0,0,0,0,0
peta.org,,,,,,0.3889,,0.3889,0.3889,0,0,0,0,0,0.1723,0
redoubtnews.com,,,,,,0.3889,,0.3889,0.3889,0,0,0,0,0,0.165,0
sciencevibe.com,,,,,,0.3889,,0.3889,0.3889,0,0,0,0,0,0.1267,0
theantimedia.com,,,,,,0.3889,,0.3889,0.3889,0,0,0,0,0,,1
greanvillepost.com,,,,,,0.3889,,0.3889,0.3889,0,0,0,0,0,0.153,0
theheartysoul.com,,,,,,0.3889,,0.3889,0.3889,0,0,0,0,0,,1
thetrumpet.com,,,,,,0.3889,,0.3889,0.3889,0,0,0,0,0,0.1706,0
wearechange.org,,,,,,0.3889,,0.3889,0.3889,0,0,0,0,0,0.1546,0
asia-pacificresearch.com,,,,,,0.4444,,0.4444,0.4444,0,0,0,0,0,0.165,0
faithpanda.com,,,,,,0.4444,,0.4444,0.4444,0,0,0,0,0,0.165,0
greenpeace.org,,,,,,0.4444,,0.4444,0.4444,0,0,0,0,0,0.1815,0
independentsciencenews.org,,,,,,0.4444,,0.4444,0.4444,0,0,0,0,0,0.165,0
liveaction.org,,,,,,0.4444,,0.4444,0.4444,0,0,0,0,0,0.165,0
neuronation.com,,,,,,0.4444,,0.4444,0.4444,,,,,,0,0
newsbud.com,,,,,,0.4444,,0.4444,0.4444,0,0,0,0,0,0.165,0
nutritionfacts.org,,,,,,0.4444,,0.4444,0.4444,0,0,0,0,0,0.1998,0
pressfortruth.ca,,,,,,0.4444,,0.4444,0.4444,0,0,0,0,0,0.1729,0
prevention.com,,,,,,0.4444,,0.4444,0.4444,0,0,0,0,0,,1
thoughtcatalog.com,,,,,,0.4444,,0.4444,0.4444,0,0,0,0,0,,1
biologos.org,,,,,,0.5,,0.5,0.5,0,0,0,0,0,0.1815,0
brightside.me,,,,,,0.5,,0.5,0.5,0,0,0,0,0,0.165,0
iheartintelligence.com,,,,,,0.5,,0.5,0.5,0,0,0,0,0,0.165,0
livestrong.com,,,,,,0.5,,0.5,0.5,0,0,0,0,0,0.198,0
naturallysavvy.com,,,,,,0.5,,0.5,0.5,0,0,0,0,0,0.165,0
organicfacts.net,,,,,,0.5,,0.5,0.5,0,0,0,0,0,0.1815,0
autismspeaks.org,,,,,,0.5556,,0.5556,0.5556,0,0,0,0,0,0.1815,0
mediabiasfactcheck.com,,,,,,0.5,1,0,0,0.75,1,1,0.875,0.75,,1
dailystormer.name,,,,,,0.3333,0.5,0.1667,0.1667,0,0,0,0,0,,1
defendingtherepublic.org,,,,,,0.3333,0.5,0.1667,0.1667,,,,,,0,0
echocheck.org,,,,,,0.3333,0.5,0.1667,0.1667,,,,,,0,0
abcbusinessnews.com,,,,,,0.3333,0.5,0.1667,0.1667,0,0,0,0,0,,1
halturnerradioshow.com,,,,,,0.3333,0.5,0.1667,0.1667,,,,,,0.066,0
kcna.kp,,,,,,0.3333,0.5,0.1667,0.1667,0,0,0,0,0,,1
rodong.rep.kp,,,,,,0.3333,0.5,0.1667,0.1667,,,,,,0,0
usanetwork.info,,,,,,0.3333,0.5,0.1667,0.1667,0,0,0,0,0,,1
bloodandsoil.org,,,,,,0.3333,0.5,0.1667,0.1667,0,0,0,0,0,,1
elizabethjohnston.org,,,,,,0.4167,0.5,0.3333,0.3333,,,,,,,1
altright.com,,,,,,0.4167,0.5,0.3333,0.3333,0,0,0,0,0,,1
acpeds.org,,,,,,0.4167,0.5,0.3333,0.3333,0,0,0,0,0,0.165,0
americanpatriotdaily.com,,,,,,0.4167,0.5,0.3333,0.3333,0,0,0,0,0,0.1485,0
blackpigeonspeaks.com,,,,,,0.4167,0.5,0.3333,0.3333,0,0,0,0,0,,1
britainfirst.org,,,,,,0.4167,0.5,0.3333,0.3333,0,0,0,0,0,0.066,0
conservativebyte.com,,,,,,0.4167,0.5,0.3333,0.3333,0,0,0,0,0,,1
conservativemedia.com,,,,,,0.4167,0.5,0.3333,0.3333,0,0,0,0,0,,1
conservativeplaylist.com,,,,,,0.4167,0.5,0.3333,0.3333,,,,,,0.0681,0
defconnews.com,,,,,,0.4167,0.5,0.3333,0.3333,,,,,,0,0
defendevropa.org,,,,,,0.4167,0.5,0.3333,0.3333,0,0,0,0,0,,1
eaglerising.com,,,,,,0.4167,0.5,0.3333,0.3333,0,0,0,0,0,,1
exposinggovernment.com,,,,,,0.4167,0.5,0.3333,0.3333,0,0,0,0,0,,1
usafortrumponline.com,,,,,,0.4167,0.5,0.3333,0.3333,0,0,0,0,0,,1
free-speechfront.info,,,,,,0.4167,0.5,0.3333,0.3333,,,,,,0.066,0
freedomfirstnetwork.com,,,,,,0.4167,0.5,0.3333,0.3333,,,,,,0.066,0
gettr.com,,,,,,0.4167,0.5,0.3333,0.3333,,,,,,0.0698,0
girlsjustwannahaveguns.com,,,,,,0.4167,0.5,0.3333,0.3333,0,0,0,0,0,0.066,0
hawarnews.org,,,,,,0.4167,0.5,0.3333,0.3333,,,,,,,1
joeforamerica.com,,,,,,0.4167,0.5,0.3333,0.3333,0,0,0,0,0,0.0825,0
knightstemplarorder.com,,,,,,0.4167,0.5,0.3333,0.3333,,,,,,,1
mainstreamfakemedia.com,,,,,,0.4167,0.5,0.3333,0.3333,,,,,,0,0
metapedia.org,,,,,,0.4167,0.5,0.3333,0.3333,,,,,,,1
nationalinsiders.com,,,,,,0.4167,0.5,0.3333,0.3333,,,,,,0,0
newshourfirst.com,,,,,,0.4167,0.5,0.3333,0.3333,0,0,0,0,0,0.066,0
youtube.com,,,,,,0.4167,0.5,0.3333,0.3333,,,,,,,1
noqreport.com,,,,,,0.4167,0.5,0.3333,0.3333,0,0,0,0,0,0.0688,0
patriotcrier.com,,,,,,0.4167,0.5,0.3333,0.3333,0,0,0,0,0,,1
personalinterpretation.com,,,,,,0.4167,0.5,0.3333,0.3333,,,,,,0.066,0
politicalflare.com,,,,,,0.4167,0.5,0.3333,0.3333,0,0,0,0,0,,1
politicalmayhem.news,,,,,,0.4167,0.5,0.3333,0.3333,0,0,0,0,0,0.066,0
political-discussion.com,,,,,,0.4167,0.5,0.3333,0.3333,,,,,,0.066,0
puppetstringnews.com,,,,,,0.4167,0.5,0.3333,0.3333,0,0,0,0,0,,1
redvoicemedia.com,,,,,,0.4167,0.5,0.3333,0.3333,,,,,,0.0698,0
reformedmedia.net,,,,,,0.4167,0.5,0.3333,0.3333,,,,,,0,0
rsbnetwork.com,,,,,,0.4167,0.5,0.3333,0.3333,0,0,0,0,0,0.1188,0
shtfplan.com,,,,,,0.4167,0.5,0.3333,0.3333,0,0,0,0,0,0.1125,0
speech-point.com,,,,,,0.4167,0.5,0.3333,0.3333,,,,,,0.066,0
supportisraelnow.com,,,,,,0.4167,0.5,0.3333,0.3333,,,,,,0.066,0
teddystick.com,,,,,,0.4167,0.5,0.3333,0.3333,0,0,0,0,0,,1
thebostontribune.com,,,,,,0.4167,0.5,0.3333,0.3333,0,0,0,0,0,,1
thecoloradoherald.com,,,,,,0.4167,0.5,0.3333,0.3333,,,,,,0.066,0
thefreepatriot.org,,,,,,0.4167,0.5,0.3333,0.3333,0,0,0,0,0,,1
lastresistance.com,,,,,,0.4167,0.5,0.3333,0.3333,0,0,0,0,0,,1
thepatriotnation.net,,,,,,0.4167,0.5,0.3333,0.3333,,,,,,0.066,0
thetruedefender.com,,,,,,0.4167,0.5,0.3333,0.3333,0,0,0,0,0,0.1155,0
thetruthvoice.net,,,,,,0.4167,0.5,0.3333,0.3333,,,,,,0.066,0
truthexam.com,,,,,,0.4167,0.5,0.3333,0.3333,0,0,0,0,0,,1
uncoverdc.com,,,,,,0.4167,0.5,0.3333,0.3333,,,,,,0.0681,0
voiceofeurope.com,,,,,,0.4167,0.5,0.3333,0.3333,0,0,0,0,0,,1
acting-man.com,,,,,,0.5833,0.6667,0.5,0.5,0,0,0,0,0,0.1485,0
alarabiya.net,,,,,,0.6667,0.8333,0.5,0.5,,,,,,,1
albawaba.com,,,,,,0.6667,0.8333,0.5,0.5,0,0,0,0,0,0.1815,0
majalla.com,,,,,,0.6667,0.8333,0.5,0.5,,,,,,,1
almasdarnews.com,,,,,,0.5833,0.6667,0.5,0.5,0,0,0,0,0,,1
awm.com,,,,,,0.5,0.5,0.5,0.5,0,0,0,0,0,0.1485,0
amityunderground.com,,,,,,0.5,0.5,0.5,0.5,0,0,0,0,0,,1
anonews.co,,,,,,0.6667,0.8333,0.5,0.5,0,0,0,0,0,0.0825,0
arabnews.com,,,,,,0.6667,0.8333,0.5,0.5,0,0,0,0,0,0.1815,0
bannedinformation.com,,,,,,0.5,0.5,0.5,0.5,0,0,0,0,0,,1
bbarta24.net,,,,,,0.6667,0.8333,0.5,0.5,,,,,,,1
bdnews24.com,,,,,,0.6667,0.8333,0.5,0.5,0,0,0,0,0,0.198,0
bjreview.com,,,,,,0.6667,0.8333,0.5,0.5,0,0,0,0,0,,1
bipartisanreport.com,0.3437,0.3162,0.3162,0.3713,,0.5,0.5,0.5,0.5,0,0,0,0,0,0.1485,0
bluedotdaily.com,,,,,,0.5,0.5,0.5,0.5,0,0,0,0,0,,1
cctv.com,,,,,,0.6667,0.8333,0.5,0.5,,,,,,,1
centerforsecuritypolicy.org,,,,,,0.5,0.5,0.5,0.5,0,0,0,0,0,0.147,0
cernovich.com,,,,,,0.5,0.5,0.5,0.5,0,0,0,0,0,0.165,0
chinadaily.com.cn,,,,,,0.5833,0.6667,0.5,0.5,0,0,0,0,0,0.1891,0
cgtn.com,,,,,,0.6667,0.8333,0.5,0.5,,,,,,0,0
churchmilitant.com,,,,,,0.5,0.5,0.5,0.5,0,0,0,0,0,0.1667,0
conservapedia.com,,,,,,0.5,0.5,0.5,0.5,0,0,0,0,0,0.1431,0
conservativedailynews.com,,,,,,0.5,0.5,0.5,0.5,0,0,0,0,0,0.1675,0
conservativefiringline.com,,,,,,0.5,0.5,0.5,0.5,0,0,0,0,0,0.1454,0
councilforthenationalinterest.org,,,,,,0.6667,0.8333,0.5,0.5,0,0,0,0,0,0.1685,0
cowgernation.com,,,,,,0.5,0.5,0.5,0.5,0,0,0,0,0,,1
dailystar.co.uk,,,,,,0.6667,0.8333,0.5,0.5,0,0,0,0,0,,1
dcbluedot.com,,,,,,0.5,0.5,0.5,0.5,0,0,0,0,0,,1
debka.com,,,,,,0.5833,0.6667,0.5,0.5,0,0,0,0,0,0.1858,0
emirates247.com,,,,,,0.6667,0.8333,0.5,0.5,0,0,0,0,0,0.182,0
europe-israel.org,,,,,,0.5,0.5,0.5,0.5,,,,,,0.068,0
everytownresearch.org,,,,,,0.5833,0.6667,0.5,0.5,,,,,,,1
factcheckingturkey.com,,,,,,0.5,0.5,0.5,0.5,0,0,0,0,0,0.165,0
factswanted.com,,,,,,0.5833,0.6667,0.5,0.5,0,0,0,0,0,0.165,0
familysurvivalheadlines.com,,,,,,0.5,0.5,0.5,0.5,0,0,0,0,0,0.165,0
farsnews.com,,,,,,0.6667,0.8333,0.5,0.5,,,,,,,1
filmingcops.com,,,,,,0.5833,0.6667,0.5,0.5,0,0,0,0,0,0.167,0
firstinfreedomdaily.com,,,,,,0.5,0.5,0.5,0.5,0.5,0.5,1,0.5,0.5,0.165,0
fl24.net,,,,,,0.5,0.5,0.5,0.5,0,0,0,0,0,0.1374,0
foreignpolicyi.org,,,,,,0.5833,0.6667,0.5,0.5,0,0,0,0,0,0.168,0
freewestmedia.com,,,,,,0.5833,0.6667,0.5,0.5,0,0,0,0,0,0.165,0
freedomnewsreport.com,,,,,,0.5,0.5,0.5,0.5,0,0,0,0,0,0.165,0
gatestoneinstitute.org,,,,,,0.5,0.5,0.5,0.5,0,0,0,0,0,0.1698,0
ghost.report,,,,,,0.5,0.5,0.5,0.5,0,0,0,0,0,0.1688,0
thegoodlordabove.com,,,,,,0.5,0.5,0.5,0.5,0,0,0,0,0,,1
godfatherpolitics.com,,,,,,0.5,0.5,0.5,0.5,0,0,0,0,0,0.1685,0
gop.com,,,,,,0.5833,0.6667,0.5,0.5,0,0,0,0,0,0.1815,0
granma.cu,,,,,,0.5,0.5,0.5,0.5,,,,,,,1
gulfnews.com,,,,,,0.6667,0.8333,0.5,0.5,0,0,0,0,0,0.198,0
ihypocrite.net,,,,,,0.5,0.5,0.5,0.5,0,0,0,0,0,0,0
independentsentinel.com,,,,,,0.5,0.5,0.5,0.5,0,0,0,0,0,0.165,0
infoscum.com,,,,,,0.6667,0.8333,0.5,0.5,0,0,0,0,0,0.165,0
ipatriot.com,,,,,,0.5,0.5,0.5,0.5,0,0,0,0,0,0.165,0
justthefacts.org,,,,,,0.5,0.5,0.5,0.5,0,0,0,0,0,0.165,0
justthenews.com,0.7571,0.7827,0.7316,0.7316,,0.5,0.5,0.5,0.5,0.5,0.5,1,0.5,0.5,0.1815,0
lancastercourier.com,,,,,,0.5,0.5,0.5,0.5,0,0,0,0,0,0.165,0
lewrockwell.com,,,,,,0.5,0.5,0.5,0.5,0,0,0,0,0,0.1815,0
libertytalk.fm,,,,,,0.5,0.5,0.5,0.5,0,0,0,0,0,0.1485,0
liveleak.com,,,,,,0.5833,0.6667,0.5,0.5,0,0,0,0,0,0.1485,0
louderwithcrowder.com,,,,,,0.5,0.5,0.5,0.5,0,0,0,0,0,0,0
mehrnews.com,,,,,,0.5833,0.6667,0.5,0.5,,,,,,,1
mercopress.com,,,,,,0.75,1,0.5,0.5,,,,,,,1
memri.org,,,,,,0.5,0.5,0.5,0.5,0,0,0,0,0,0.165,0
mondoweiss.net,,,,,,0.5,0.5,0.5,0.5,0,0,0,0,0,0.1815,0
moveon.org,,,,,,0.5,0.5,0.5,0.5,,,,,,,1
nra.org,,,,,,0.5,0.5,0.5,0.5,,,,,,,1
newsblaze.com,,,,,,0.5,0.5,0.5,0.5,0,0,0,0,0,0.165,0
newsbreak.com,,,,,,0.6667,0.8333,0.5,0.5,0,0,0,0,0,0.1733,0
newsrescue.com,,,,,,0.6667,0.8333,0.5,0.5,0,0,0,0,0,0.165,0
newssloth.com,,,,,,0.5,0.5,0.5,0.5,,,,,,0.165,0
newsammo.com,,,,,,0.5,0.5,0.5,0.5,0,0,0,0,0,0.165,0
newsready.com,,,,,,0.5,0.5,0.5,0.5,0,0,0,0,0,0.1577,0
nowthisnews.com,0.7742,0.7429,0.7429,0.8055,,0.5,0.5,0.5,0.5,0,0,0,0,0,,1
ntd.com,,,,,,0.5,0.5,0.5,0.5,,,,,,0,0
overpassesforamerica.com,,,,,,0.5,0.5,0.5,0.5,0,0,0,0,0,0.165,0
pmnightlynews.com,,,,,,0.5,0.5,0.5,0.5,0,0,0,0,0,,1
polipace.com,,,,,,0.5,0.5,0.5,0.5,0,0,0,0,0,,1
politicalstate.org,,,,,,0.5,0.5,0.5,0.5,0,0,0,0,0,,1
projectveritas.com,,,,,,0.5,0.5,0.5,0.5,0,0,0,0,0,0.1487,0
quillette.com,0.7129,0.6998,0.6998,0.7261,,0.5833,0.6667,0.5,0.5,0,0,0,0,0,0.1455,0
rationalground.com,,,,,,0.5833,0.6667,0.5,0.5,0,0,0,0,0,0.165,0
republicandaily.net,,,,,,0.5,0.5,0.5,0.5,,,,,,,1
resistthemainstream.org,,,,,,0.5,0.5,0.5,0.5,,,,,,0.1914,0
rudaw.net,,,,,,0.6667,0.8333,0.5,0.5,0,0,0,0,0,0.1711,0
tass.com,,,,,,0.6667,0.8333,0.5,0.5,0,0,0,0,0,0.1815,0
ruthinstitute.org,,,,,,0.5,0.5,0.5,0.5,0,0,0,0,0,0.1678,0
secureamericanow.org,,,,,,0.5,0.5,0.5,0.5,0,0,0,0,0,0.164,0
southafricatoday.net,,,,,,0.5,0.5,0.5,0.5,0,0,0,0,0,0.165,0
trumpstudents.org,,,,,,0.5,0.5,0.5,0.5,0,0,0,0,0,0.165,0
tasnimnews.com,,,,,,0.5833,0.6667,0.5,0.5,0,0,0,0,0,0.165,0
teapartypatriots.org,,,,,,0.5,0.5,0.5,0.5,0,0,0,0,0,0.165,0
techstartups.com,,,,,,0.6667,0.8333,0.5,0.5,0,0,0,0,0,0.165,0
tehrantimes.com,,,,,,0.5833,0.6667,0.5,0.5,0,0,0,0,0,0.1815,0
telesurenglish.net,,,,,,0.5833,0.6667,0.5,0.5,,,,,,0.165,0
theblacksphere.net,,,,,,0.5,0.5,0.5,0.5,0,0,0,0,0,0.0808,0
dailyboulder.com,,,,,,0.5,0.5,0.5,0.5,,,,,,0.165,0
indiatimes.com,,,,,,0.6667,0.8333,0.5,0.5,0.25,0,0,0.125,0,,1
freetelegraph.com,,,,,,0.5,0.5,0.5,0.5,0,0,0,0,0,0.1615,0
thefrisky.com,,,,,,0.6667,0.8333,0.5,0.5,0,0,0,0,0,0.2036,0
thelibertyeagle.com,,,,,,0.5,0.5,0.5,0.5,0,0,0,0,0,,1
thenationalpulse.com,,,,,,0.5,0.5,0.5,0.5,0,0,0,0,0,0.198,0
thenational.ae,,,,,,0.6667,0.8333,0.5,0.5,0,0,0,0,0,0.198,0
thepostemail.com,,,,,,0.5,0.5,0.5,0.5,0,0,0,0,0,,1
theproudliberal.org,,,,,,0.5,0.5,0.5,0.5,0,0,0,0,0,0.165,0
rfangle.com,,,,,,0.5,0.5,0.5,0.5,0,0,0,0,0,0.1602,0
thescoop.us,,,,,,0.5,0.5,0.5,0.5,0,0,0,0,0,0.165,0
usnationalnews.org,,,,,,0.5,0.5,0.5,0.5,0,0,0,0,0,,1
ussanews.com,,,,,,0.5,0.5,0.5,0.5,0,0,0,0,0,0.1686,0
radiovaticana.va,,,,,,0.5833,0.6667,0.5,0.5,,,,,,,1
wikiislam.net,,,,,,0.5,0.5,0.5,0.5,0,0,0,0,0,,1
wingsoverscotland.com,,,,,,0.6667,0.8333,0.5,0.5,0,0,0,0,0,,1
wokesloth.com,,,,,,0.5,0.5,0.5,0.5,0,0,0,0,0,,1
libertynews.com,,,,,,0.5833,0.5,0.6667,0.5,0,0,0,0,0,,1
aftonbladet.se,,,,,,0.5833,0.6667,0.5,0.5,0.5,0.5,1,0.5,0.5,,1
aldianews.com,,,,,,0.5,0.5,0.5,0.5,0.5,0.5,1,0.5,0.5,,1
alternet.org,0.4013,0.3928,0.3928,0.4098,,0.5,0.5,0.5,0.5,0.5,0.5,1,0.5,0.5,,1
americanbridgepac.org,,,,,,0.5833,0.6667,0.5,0.5,0.5,0.5,1,0.5,0.5,,1
anx.media,,,,,,0.5,0.5,0.5,0.5,,,,,,,1
americanoversight.org,,,,,,0.5833,0.6667,0.5,0.5,0.5,0.5,1,0.5,0.5,,1
angrywhitemen.org,,,,,,0.5833,0.6667,0.5,0.5,0.5,0.5,1,0.5,0.5,,1
antifascistnews.net,,,,,,0.5833,0.6667,0.5,0.5,0.5,0.5,1,0.5,0.5,,1
attackthesystem.com,,,,,,0.5,0.5,0.5,0.5,0.5,0.5,1,0.5,0.5,,1
baltimoresun.com,0.8658,0.8264,0.8264,0.9053,,0.5833,0.6667,0.5,0.5,0.75,1,1,0.875,0.75,,1
facebook.com,,,,,,0.5,0.5,0.5,0.5,,,,,,,1
blacklivesmatter.com,,,,,,0.5833,0.6667,0.5,0.5,0.5,0.5,1,0.5,0.5,,1
bluestatedaily.com,,,,,,0.5,0.5,0.5,0.5,0.5,0.5,1,0.5,0.5,,1
boingboing.net,0.7688,0.7786,0.7589,0.7589,,0.5833,0.6667,0.5,0.5,0.5,0.5,1,0.5,0.5,,1
care2.com,,,,,,0.5,0.5,0.5,0.5,0.5,0.5,1,0.5,0.5,,1
change.org,,,,,,0.5833,0.6667,0.5,0.5,0.5,0.5,1,0.5,0.5,,1
china.org.cn,,,,,,0.5833,0.6667,0.5,0.5,0.5,0.5,1,0.5,0.5,,1
codepink.org,,,,,,0.5,0.5,0.5,0.5,0.5,0.5,1,0.5,0.5,,1
columbusfreepress.com,,,,,,0.5,0.5,0.5,0.5,0.5,0.5,1,0.5,0.5,,1
comicsands.com,0.6562,0.7108,0.6016,0.6016,,0.5,0.5,0.5,0.5,0.5,0.5,1,0.5,0.5,,1
communemag.com,,,,,,0.5,0.5,0.5,0.5,0.5,0.5,1,0.5,0.5,,1
copblock.org,,,,,,0.5833,0.6667,0.5,0.5,0.5,0.5,1,0.5,0.5,,1
cosmopolitan.com,0.5597,0.5856,0.5338,0.5338,,0.5,0.5,0.5,0.5,0.5,0.5,1,0.5,0.5,,1
dailynewsbin.com,,,,,,0.5,0.5,0.5,0.5,0.5,0.5,1,0.5,0.5,,1
dailysoundandfury.com,,,,,,0.5,0.5,0.5,0.5,0.5,0.5,1,0.5,0.5,,1
polinews.org,,,,,,0.5,0.5,0.5,0.5,,,,,,,1
deepsouthvoice.com,,,,,,0.5833,0.6667,0.5,0.5,0.5,0.5,1,0.5,0.5,,1
democraticunderground.com,,,,,,0.5,0.5,0.5,0.5,0,0,0,0,0,,1
deshabhimani.com,,,,,,0.5,0.5,0.5,0.5,0.5,0.5,1,0.5,0.5,,1
thedodo.com,,,,,,0.5,0.5,0.5,0.5,0.5,0.5,1,0.5,0.5,,1
drudge.com,,,,,,0.5833,0.6667,0.5,0.5,0.5,0.5,1,0.5,0.5,,1
earthfirstjournal.org,,,,,,0.5,0.5,0.5,0.5,0.5,0.5,1,0.5,0.5,,1
elitedaily.com,0.6543,0.6615,0.647,0.647,,0.5833,0.6667,0.5,0.5,0.5,0.5,1,0.5,0.5,,1
everydayfeminism.com,,,,,,0.5833,0.6667,0.5,0.5,0.5,0.5,1,0.5,0.5,,1
feministing.com,,,,,,0.5833,0.6667,0.5,0.5,0.5,0.5,1,0.5,0.5,,1
thefifthcolumnnews.com,,,,,,0.5833,0.6667,0.5,0.5,0.5,0.5,1,0.5,0.5,,1
foodandwaterwatch.org,,,,,,0.5,0.5,0.5,0.5,0.5,0.5,1,0.5,0.5,,1
foreignpolicyjournal.com,,,,,,0.5,0.5,0.5,0.5,0.5,0.5,1,0.5,0.5,,1
foreignpolicynews.org,,,,,,0.5833,0.6667,0.5,0.5,0.5,0.5,1,0.5,0.5,,1
ffrf.org,,,,,,0.5833,0.6667,0.5,0.5,0.5,0.5,1,0.5,0.5,,1
freespeech.org,,,,,,0.5833,0.6667,0.5,0.5,0.5,0.5,1,0.5,0.5,,1
geopoliticsalert.com,,,,,,0.5833,0.6667,0.5,0.5,0.5,0.5,1,0.5,0.5,,1
gravelinstitute.org,,,,,,0.5,0.5,0.5,0.5,,,,,,,1
greenleft.org.au,,,,,,0.5,0.5,0.5,0.5,0.5,0.5,1,0.5,0.5,,1
theguardiansofdemocracy.com,,,,,,0.5,0.5,0.5,0.5,0.5,0.5,1,0.5,0.5,,1
internationalviewpoint.org,,,,,,0.5,0.5,0.5,0.5,0.5,0.5,1,0.5,0.5,,1
intrepidreport.com,,,,,,0.5833,0.6667,0.5,0.5,0.5,0.5,1,0.5,0.5,,1
itsgoingdown.org,,,,,,0.5,0.5,0.5,0.5,0.5,0.5,1,0.5,0.5,,1
laweekly.com,0.9015,0.9052,0.8978,0.8978,,0.5,0.5,0.5,0.5,0.5,0.5,1,0.5,0.5,,1
latest.com,,,,,,0.5,0.5,0.5,0.5,0.5,0.5,1,0.5,0.5,,1
leftoverrights.com,,,,,,0.5,0.5,0.5,0.5,0.5,0.5,1,0.5,0.5,,1
leftscoop.com,,,,,,0.5,0.5,0.5,0.5,0.5,0.5,1,0.5,0.5,,1
liberalamerica.org,,,,,,0.5833,0.6667,0.5,0.5,0.25,0.5,1,0.375,0.25,,1
meidastouch.com,0.4088,0.3309,0.3309,0.4867,,0.5,0.5,0.5,0.5,0.5,0.5,1,0.5,0.5,,1
middleeastmonitor.com,,,,,,0.5833,0.6667,0.5,0.5,0.5,0.5,1,0.5,0.5,,1
modernliberals.com,,,,,,0.5,0.5,0.5,0.5,0.5,0.5,1,0.5,0.5,,1
moonofalabama.org,,,,,,0.5,0.5,0.5,0.5,0.5,0.5,1,0.5,0.5,,1
newpol.org,,,,,,0.6667,0.8333,0.5,0.5,0.5,0.5,1,0.5,0.5,,1
newscorpse.com,,,,,,0.5,0.5,0.5,0.5,0.5,0.5,1,0.5,0.5,,1
newshounds.us,,,,,,0.5,0.5,0.5,0.5,0.5,0.5,1,0.5,0.5,,1
north99.org,,,,,,0.5833,0.6667,0.5,0.5,0.5,0.5,1,0.5,0.5,,1
onegreenplanet.org,,,,,,0.5,0.5,0.5,0.5,0.5,0.5,1,0.5,0.5,,1
opensocietyfoundations.org,,,,,,0.5,0.5,0.5,0.5,0.5,0.5,1,0.5,0.5,,1
palmerreport.com,0.2337,0.1837,0.1837,0.2836,,0.5,0.5,0.5,0.5,0.5,0.5,1,0.5,0.5,,1
peacock-panache.com,,,,,,0.5,0.5,0.5,0.5,0.5,0.5,1,0.5,0.5,,1
politicaldig.com,,,,,,0.5,0.5,0.5,0.5,0.5,0.5,1,0.5,0.5,,1
politizoom.com,,,,,,0.5,0.5,0.5,0.5,0.5,0.5,1,0.5,0.5,,1
boldprogressives.org,,,,,,0.5,0.5,0.5,0.5,0.5,0.5,1,0.5,0.5,,1
readersupportednews.org,,,,,,0.5833,0.6667,0.5,0.5,0.5,0.5,1,0.5,0.5,,1
republicanssucks.org,,,,,,0.5,0.5,0.5,0.5,0.5,0.5,1,0.5,0.5,,1
resilience.org,,,,,,0.5,0.5,0.5,0.5,0.5,0.5,1,0.5,0.5,,1
revcom.us,,,,,,0.5,0.5,0.5,0.5,0.5,0.5,1,0.5,0.5,,1
trofire.com,,,,,,0.5,0.5,0.5,0.5,0.5,0.5,1,0.5,0.5,,1
secondnexus.com,0.4209,0.379,0.379,0.4629,,0.5833,0.6667,0.5,0.5,0.5,0.5,1,0.5,0.5,,1
shareblue.com,,,,,,0.5,0.5,0.5,0.5,0.25,0,0,0.125,0,,1
worldsocialism.org,,,,,,0.5,0.5,0.5,0.5,0.5,0.5,1,0.5,0.5,,1
sourcepolitics.com,,,,,,0.5,0.5,0.5,0.5,0.5,0.5,1,0.5,0.5,,1
splinternews.com,,,,,,0.5,0.5,0.5,0.5,0.5,0.5,1,0.5,0.5,,1
syriana-analysis.com,,,,,,0.5833,0.6667,0.5,0.5,0.5,0.5,1,0.5,0.5,0.165,0
thedailybanter.com,,,,,,0.5,0.5,0.5,0.5,0.5,0.5,1,0.5,0.5,,1
the-daily.buzz,,,,,,0.5833,0.6667,0.5,0.5,0.5,0.5,1,0.5,0.5,,1
dworkinreport.com,,,,,,0.5,0.5,0.5,0.5,0.5,0.5,1,0.5,0.5,,1
mavenroundtable.io,,,,,,0.5833,0.6667,0.5,0.5,,,,,,,1
themarysue.com,,,,,,0.5833,0.6667,0.5,0.5,0.5,0.5,1,0.5,0.5,,1
thenewcivilrightsmovement.com,,,,,,0.5,0.5,0.5,0.5,0.5,0.5,1,0.5,0.5,,1
phnompenhpost.com,,,,,,0.5833,0.6667,0.5,0.5,0.5,0.5,1,0.5,0.5,,1
progressivefrontier.com,,,,,,0.5,0.5,0.5,0.5,0.5,0.5,1,0.5,0.5,,1
theoswatch.com,,,,,,0.5,0.5,0.5,0.5,0.5,0.5,1,0.5,0.5,,1
thinkprogress.org,,,,,,0.5,0.5,0.5,0.5,0.5,0.5,1,0.5,0.5,,1
truthout.org,0.4631,0.3774,0.3774,0.5488,,0.5,0.5,0.5,0.5,0.5,0.5,1,0.5,0.5,,1
uproxx.com,,,,,,0.5833,0.6667,0.5,0.5,0.5,0.5,1,0.5,0.5,,1
viraltitle.com,,,,,,0.5,0.5,0.5,0.5,0.5,0.5,1,0.5,0.5,,1
washingtondailywire.com,,,,,,0.5,0.5,0.5,0.5,0.5,0.5,1,0.5,0.5,,1
washingtonpress.com,,,,,,0.5,0.5,0.5,0.5,0.5,0.5,1,0.5,0.5,,1
washingtonsources.org,,,,,,0.5,0.5,0.5,0.5,0.5,0.5,1,0.5,0.5,,1
whitehousewatch.com,,,,,,0.5,0.5,0.5,0.5,0.5,0.5,1,0.5,0.5,,1
wonkette.com,0.2189,0.1601,0.1601,0.2777,,0.5,0.5,0.5,0.5,0.5,0.5,1,0.5,0.5,,1
yourblackworld.net,,,,,,0.5833,0.6667,0.5,0.5,0.5,0.5,1,0.5,0.5,,1
achnews.org,,,,,,0.6667,0.6667,0.6667,0.6667,0.5,0.5,1,0.5,0.5,,1
act.tv,,,,,,0.5833,0.5,0.6667,0.5,0.5,0.5,1,0.5,0.5,,1
americanindependent.com,0.6415,0.5381,0.5381,0.7448,,0.6667,0.6667,0.6667,0.6667,0.5,0.5,1,0.5,0.5,,1
blackagendareport.com,,,,,,0.5833,0.5,0.6667,0.5,0.25,0,0,0.125,0,,1
blackamericaweb.com,,,,,,0.6667,0.6667,0.6667,0.6667,0.5,0.5,1,0.5,0.5,,1
blackmainstreet.net,,,,,,0.6667,0.6667,0.6667,0.6667,0.5,0.5,1,0.5,0.5,,1
bust.com,,,,,,0.6667,0.6667,0.6667,0.6667,0.5,0.5,1,0.5,0.5,,1
calltoactivism.com,,,,,,0.6667,0.6667,0.6667,0.6667,0.5,0.5,1,0.5,0.5,,1
canadafactcheck.ca,,,,,,0.6667,0.6667,0.6667,0.6667,0.5,0.5,1,0.5,0.5,,1
canadiandimension.com,,,,,,0.5833,0.5,0.6667,0.5,0.5,0.5,1,0.5,0.5,,1
americanprogress.org,,,,,,0.6667,0.6667,0.6667,0.6667,0.5,0.5,1,0.5,0.5,,1
counterpunch.org,0.4492,0.3617,0.3617,0.5367,,0.5833,0.5,0.6667,0.5,0.5,0.5,1,0.5,0.5,,1
crooked.com,,,,,,0.6667,0.6667,0.6667,0.6667,0.5,0.5,1,0.5,0.5,,1
democracyguardian.com,,,,,,0.5833,0.5,0.6667,0.5,0.5,0.5,1,0.5,0.5,,1
electronicintifada.net,,,,,,0.6667,0.6667,0.6667,0.6667,0.5,0.5,1,0.5,0.5,,1
esquire.com,0.5046,0.4603,0.4603,0.549,,0.6667,0.6667,0.6667,0.6667,0.5,0.5,1,0.5,0.5,,1
extranewsfeed.com,,,,,,0.6667,0.6667,0.6667,0.6667,0.5,0.5,1,0.5,0.5,,1
finnishnews.fi,,,,,,0.6667,0.6667,0.6667,0.6667,0.5,0.5,1,0.5,0.5,,1
frontpagelive.com,,,,,,0.5833,0.5,0.6667,0.5,0.5,0.5,1,0.5,0.5,,1
guardianlv.com,,,,,,0.6667,0.6667,0.6667,0.6667,0.5,0.5,1,0.5,0.5,,1
inthesetimes.com,0.5464,0.4242,0.4242,0.6686,,0.5833,0.5,0.6667,0.5,0.5,0.5,1,0.5,0.5,,1
iowacapitaldispatch.com,,,,,,0.6667,0.6667,0.6667,0.6667,0.5,0.5,1,0.5,0.5,,1
joebiden.com,,,,,,0.6667,0.6667,0.6667,0.6667,0.5,0.5,1,0.5,0.5,,1
lgbtqnation.com,,,,,,0.5833,0.5,0.6667,0.5,0.5,0.5,1,0.5,0.5,,1
mashable.com,0.7327,0.6788,0.6788,0.7866,,0.6667,0.6667,0.6667,0.6667,0.5,0.5,1,0.5,0.5,,1
nationofchange.org,,,,,,0.6667,0.6667,0.6667,0.6667,0.5,0.5,1,0.5,0.5,,1
nrdc.org,,,,,,0.6667,0.6667,0.6667,0.6667,0.5,0.5,1,0.5,0.5,,1
newsone.com,0.63,0.5815,0.5815,0.6785,,0.6667,0.6667,0.6667,0.6667,0.5,0.5,1,0.5,0.5,,1
penncapital-star.com,,,,,,0.6667,0.6667,0.6667,0.6667,0.5,0.5,1,0.5,0.5,,1
refinery29.com,,,,,,0.6667,0.6667,0.6667,0.6667,0.5,0.5,1,0.5,0.5,,1
salon.com,0.5329,0.4261,0.4261,0.6397,,0.6667,0.6667,0.6667,0.6667,0.5,0.5,1,0.5,0.5,,1
sfbayview.com,,,,,,0.5833,0.5,0.6667,0.5,0.5,0.5,1,0.5,0.5,,1
shondaland.com,,,,,,0.6667,0.6667,0.6667,0.6667,0.5,0.5,1,0.5,0.5,,1
talkingpointsmemo.com,0.7635,0.6967,0.6967,0.8302,,0.6667,0.6667,0.6667,0.6667,0.5,0.5,1,0.5,0.5,,1
teenvogue.com,0.6293,0.4898,0.4898,0.7688,,0.6667,0.6667,0.6667,0.6667,0.5,0.5,1,0.5,0.5,,1
theblueroute.org,,,,,,0.5833,0.5,0.6667,0.5,,,,,,,1
ghionjournal.com,,,,,,0.5833,0.5,0.6667,0.5,0.5,0.5,1,0.5,0.5,,1
thelondoneconomic.com,,,,,,0.5833,0.5,0.6667,0.5,0.5,0.5,1,0.5,0.5,,1
morningstaronline.co.uk,,,,,,0.5833,0.5,0.6667,0.5,0.5,0.5,1,0.5,0.5,,1
nationalmemo.com,,,,,,0.6667,0.6667,0.6667,0.6667,0.5,0.5,1,0.5,0.5,,1
theroot.com,0.4498,0.3664,0.3664,0.5331,,0.6667,0.6667,0.6667,0.6667,0.5,0.5,1,0.5,0.5,,1
tytnetwork.com,,,,,,0.5833,0.5,0.6667,0.5,0.5,0.5,1,0.5,0.5,,1
thegrio.com,0.7037,0.6421,0.6421,0.7652,,0.6667,0.6667,0.6667,0.6667,0.5,0.5,1,0.5,0.5,,1
this.org,,,,,,0.6667,0.6667,0.6667,0.6667,0.5,0.5,1,0.5,0.5,,1
wsws.org,,,,,,0.5833,0.5,0.6667,0.5,0.5,0.5,1,0.5,0.5,,1
advocate.com,0.6286,0.5281,0.5281,0.7291,,0.75,0.6667,0.8333,0.6667,0.5,0.5,1,0.5,0.5,,1
afj.org,,,,,,0.75,0.6667,0.8333,0.6667,0.5,0.5,1,0.5,0.5,,1
altnews.in,,,,,,0.75,0.6667,0.8333,0.6667,0.5,0.5,1,0.5,0.5,,1
aidc.org.za,,,,,,0.75,0.6667,0.8333,0.6667,0.5,0.5,1,0.5,0.5,,1
americablog.com,,,,,,0.75,0.6667,0.8333,0.6667,0.25,0.5,1,0.375,0.25,,1
autostraddle.com,,,,,,0.75,0.6667,0.8333,0.6667,0.5,0.5,1,0.5,0.5,,1
ebar.com,,,,,,0.75,0.6667,0.8333,0.6667,0.5,0.5,1,0.5,0.5,,1
bostonreview.net,,,,,,0.75,0.6667,0.8333,0.6667,0.5,0.5,1,0.5,0.5,,1
capitalandmain.com,,,,,,0.75,0.6667,0.8333,0.6667,0.5,0.5,1,0.5,0.5,,1
ceasefiremagazine.co.uk,,,,,,0.75,0.6667,0.8333,0.6667,0.5,0.5,1,0.5,0.5,,1
c4ss.org,,,,,,0.6667,0.5,0.8333,0.5,0.5,0.5,1,0.5,0.5,,1
prwatch.org,,,,,,0.75,0.6667,0.8333,0.6667,0.5,0.5,1,0.5,0.5,,1
chicagoreader.com,,,,,,0.75,0.6667,0.8333,0.6667,0.5,0.5,1,0.5,0.5,,1
citizencritics.org,,,,,,0.75,0.6667,0.8333,0.6667,0.5,0.5,1,0.5,0.5,,1
colorlines.com,,,,,,0.75,0.6667,0.8333,0.6667,0.5,0.5,1,0.5,0.5,,1
crikey.com.au,,,,,,0.75,0.6667,0.8333,0.6667,0.5,0.5,1,0.5,0.5,,1
currentaffairs.org,0.5238,0.4151,0.4151,0.6325,,0.75,0.6667,0.8333,0.6667,0.5,0.5,1,0.5,0.5,,1
curvemag.com,,,,,,0.75,0.6667,0.8333,0.6667,0.5,0.5,1,0.5,0.5,,1
daily49er.com,,,,,,0.75,0.6667,0.8333,0.6667,0.5,0.5,1,0.5,0.5,,1
dailydot.com,0.66,0.6082,0.6082,0.7117,,0.75,0.6667,0.8333,0.6667,0.5,0.5,1,0.5,0.5,,1
dallasvoice.com,,,,,,0.75,0.6667,0.8333,0.6667,0.5,0.5,1,0.5,0.5,,1
deadstate.org,,,,,,0.75,0.6667,0.8333,0.6667,0.5,0.5,1,0.5,0.5,,1
deadspin.com,,,,,,0.75,0.6667,0.8333,0.6667,0.5,0.5,1,0.5,0.5,,1
democracychronicles.org,,,,,,0.75,0.6667,0.8333,0.6667,0.5,0.5,1,0.5,0.5,,1
democracyjournal.org,,,,,,0.75,0.6667,0.8333,0.6667,0.5,0.5,1,0.5,0.5,,1
democracynow.org,0.5383,0.4716,0.4716,0.6049,,0.75,0.6667,0.8333,0.6667,0.5,0.5,1,0.5,0.5,,1
metrotimes.com,,,,,,0.75,0.6667,0.8333,0.6667,0.5,0.5,1,0.5,0.5,,1
dissentmagazine.org,,,,,,0.75,0.6667,0.8333,0.6667,0.5,0.5,1,0.5,0.5,,1
ecowatch.com,,,,,,0.75,0.6667,0.8333,0.6667,0.5,0.5,1,0.5,0.5,,1
electoral-vote.com,,,,,,0.75,0.6667,0.8333,0.6667,0.5,0.5,1,0.5,0.5,,1
feministcurrent.com,,,,,,0.75,0.6667,0.8333,0.6667,0.5,0.5,1,0.5,0.5,,1
freepress.org,,,,,,0.6667,0.5,0.8333,0.5,0.5,0.5,1,0.5,0.5,,1
frnewsreport.com,,,,,,0.6667,0.5,0.8333,0.5,0.5,0.5,1,0.5,0.5,,1
freedomnews.org.uk,,,,,,0.6667,0.5,0.8333,0.5,0.5,0.5,1,0.5,0.5,,1
gizmodo.com,,,,,,0.75,0.6667,0.8333,0.6667,0.5,0.5,1,0.5,0.5,,1
glaad.org,,,,,,0.6667,0.5,0.8333,0.5,0.5,0.5,1,0.5,0.5,,1
globalvoices.org,,,,,,0.75,0.6667,0.8333,0.6667,0.5,0.5,1,0.5,0.5,,1
good.is,,,,,,0.75,0.6667,0.8333,0.6667,0.5,0.5,1,0.5,0.5,,1
gq.com,,,,,,0.75,0.6667,0.8333,0.6667,0.5,0.5,1,0.5,0.5,,1
bradford-delong.com,,,,,,0.75,0.6667,0.8333,0.6667,0.5,0.5,1,0.5,0.5,,1
gritpost.com,,,,,,0.75,0.6667,0.8333,0.6667,0.5,0.5,1,0.5,0.5,,1
haaretz.com,,,,,,0.75,0.6667,0.8333,0.6667,0.5,0.5,1,0.5,0.5,,1
hillreporter.com,0.6204,0.5601,0.5601,0.6807,,0.75,0.6667,0.8333,0.6667,0.5,0.5,1,0.5,0.5,,1
hrc.org,,,,,,0.75,0.6667,0.8333,0.6667,0.5,0.5,1,0.5,0.5,,1
marxist.com,,,,,,0.6667,0.5,0.8333,0.5,0.5,0.5,1,0.5,0.5,,1
inequalitymedia.org,,,,,,0.75,0.6667,0.8333,0.6667,0.5,0.5,1,0.5,0.5,,1
ips-dc.org,,,,,,0.6667,0.5,0.8333,0.5,0.5,0.5,1,0.5,0.5,,1
iowastartingline.com,,,,,,0.75,0.6667,0.8333,0.6667,0.5,0.5,1,0.5,0.5,,1
jacobinmag.com,0.4563,0.3159,0.3159,0.5968,,0.6667,0.5,0.8333,0.5,0.5,0.5,1,0.5,0.5,,1
jezebel.com,0.461,0.3884,0.3884,0.5336,,0.6667,0.5,0.8333,0.5,0.5,0.5,1,0.5,0.5,,1
lavendermagazine.com,,,,,,0.75,0.6667,0.8333,0.6667,0.5,0.5,1,0.5,0.5,,1
leftvoice.org,,,,,,0.75,0.6667,0.8333,0.6667,0.5,0.5,1,0.5,0.5,,1
libcom.org,,,,,,0.6667,0.5,0.8333,0.5,0.5,0.5,1,0.5,0.5,,1
littlegreenfootballs.com,,,,,,0.75,0.6667,0.8333,0.6667,0.5,0.5,1,0.5,0.5,,1
mediamatters.org,,,,,,0.75,0.6667,0.8333,0.6667,0.5,0.5,1,0.5,0.5,,1
monthlyreview.org,,,,,,0.6667,0.5,0.8333,0.5,0.5,0.5,1,0.5,0.5,,1
naacp.org,,,,,,0.75,0.6667,0.8333,0.6667,0.5,0.5,1,0.5,0.5,,1
newint.org,,,,,,0.6667,0.5,0.8333,0.5,0.5,0.5,1,0.5,0.5,,1
newrepublic.com,0.5282,0.4066,0.4066,0.6499,,0.75,0.6667,0.8333,0.6667,0.5,0.5,1,0.5,0.5,,1
newstatesman.com,0.7754,0.7699,0.7699,0.7809,,0.75,0.6667,0.8333,0.6667,0.5,0.5,1,0.5,0.5,,1
amsterdamnews.com,,,,,,0.75,0.6667,0.8333,0.6667,0.5,0.5,1,0.5,0.5,,1
nowtoronto.com,,,,,,0.75,0.6667,0.8333,0.6667,0.5,0.5,1,0.5,0.5,,1
occupy.com,,,,,,0.75,0.6667,0.8333,0.6667,0.5,0.5,1,0.5,0.5,,1
pastemagazine.com,,,,,,0.75,0.6667,0.8333,0.6667,0.5,0.5,1,0.5,0.5,,1
pfaw.org,,,,,,0.75,0.6667,0.8333,0.6667,0.5,0.5,1,0.5,0.5,,1
people.com,,,,,,0.75,0.6667,0.8333,0.6667,0.5,0.5,1,0.5,0.5,,1
newsmaven.io,,,,,,0.8333,0.8333,0.8333,0.8333,,,,,,,1
pinknews.co.uk,,,,,,0.75,0.6667,0.8333,0.6667,0.5,0.5,1,0.5,0.5,,1
popular.info,0.6569,0.5303,0.5303,0.7835,,0.75,0.6667,0.8333,0.6667,0.5,0.5,1,0.5,0.5,,1
pressprogress.ca,,,,,,0.75,0.6667,0.8333,0.6667,0.5,0.5,1,0.5,0.5,,1
progressivearmy.com,,,,,,0.75,0.6667,0.8333,0.6667,0.5,0.5,1,0.5,0.5,,1
queerty.com,,,,,,0.75,0.6667,0.8333,0.6667,0.5,0.5,1,0.5,0.5,,1
rabble.ca,,,,,,0.75,0.6667,0.8333,0.6667,0.5,0.5,1,0.5,0.5,,1
rantt.com,,,,,,0.75,0.6667,0.8333,0.6667,0.5,0.5,1,0.5,0.5,,1
readingthepictures.org,,,,,,0.75,0.6667,0.8333,0.6667,0.5,0.5,1,0.5,0.5,,1
therealnews.com,0.5785,0.4496,0.4496,0.7073,,0.75,0.6667,0.8333,0.6667,0.5,0.5,1,0.5,0.5,,1
samefacts.com,,,,,,0.75,0.6667,0.8333,0.6667,0.5,0.5,1,0.5,0.5,,1
redpepper.org.uk,,,,,,0.6667,0.5,0.8333,0.5,0.5,0.5,1,0.5,0.5,,1
republicreport.org,,,,,,0.75,0.6667,0.8333,0.6667,0.5,0.5,1,0.5,0.5,,1
rightwingwatch.org,0.4658,0.4264,0.4264,0.5052,,0.6667,0.5,0.8333,0.5,0.5,0.5,1,0.5,0.5,,1
seventeen.com,,,,,,0.75,0.6667,0.8333,0.6667,0.5,0.5,1,0.5,0.5,,1
shadowproof.com,,,,,,0.6667,0.5,0.8333,0.5,0.5,0.5,1,0.5,0.5,,1
readsludge.com,,,,,,0.75,0.6667,0.8333,0.6667,0.5,0.5,1,0.5,0.5,,1
socialistworker.org,,,,,,0.6667,0.5,0.8333,0.5,0.5,0.5,1,0.5,0.5,,1
thelasource.com,,,,,,0.75,0.6667,0.8333,0.6667,0.5,0.5,1,0.5,0.5,,1
splcenter.org,,,,,,0.75,0.6667,0.8333,0.6667,0.5,0.5,1,0.5,0.5,,1
19thnews.org,,,,,,0.75,0.6667,0.8333,0.6667,0.5,0.5,1,0.5,0.5,,1
prospect.org,0.602,0.5316,0.5316,0.6725,,0.75,0.6667,0.8333,0.6667,0.5,0.5,1,0.5,0.5,,1
austinchronicle.com,,,,,,0.75,0.6667,0.8333,0.6667,0.5,0.5,1,0.5,0.5,,1
chicagoreporter.com,,,,,,0.75,0.6667,0.8333,0.6667,0.5,0.5,1,0.5,0.5,,1
dailyposter.com,,,,,,0.6667,0.5,0.8333,0.5,0.5,0.5,1,0.5,0.5,,1
indypendent.org,,,,,,0.75,0.6667,0.8333,0.6667,0.5,0.5,1,0.5,0.5,,1
thelily.com,,,,,,0.75,0.6667,0.8333,0.6667,0.5,0.5,1,0.5,0.5,,1
themonthly.com.au,,,,,,0.75,0.6667,0.8333,0.6667,0.5,0.5,1,0.5,0.5,,1
thenation.com,,,,,,0.75,0.6667,0.8333,0.6667,0.5,0.5,1,0.5,0.5,,1
theoutline.com,,,,,,0.75,0.6667,0.8333,0.6667,0.5,0.5,1,0.5,0.5,,1
palestinechronicle.com,,,,,,0.75,0.6667,0.8333,0.6667,0.5,0.5,1,0.5,0.5,,1
progressive.org,0.5461,0.4254,0.4254,0.6668,,0.75,0.6667,0.8333,0.6667,0.5,0.5,1,0.5,0.5,,1
thestranger.com,,,,,,0.75,0.6667,0.8333,0.6667,0.5,0.5,1,0.5,0.5,,1
texasobserver.org,,,,,,0.75,0.6667,0.8333,0.6667,0.5,0.5,1,0.5,0.5,,1
villagevoice.com,0.7981,0.7516,0.7516,0.8445,,0.75,0.6667,0.8333,0.6667,0.5,0.5,1,0.5,0.5,,1
thewalrus.ca,,,,,,0.75,0.6667,0.8333,0.6667,0.5,0.5,1,0.5,0.5,,1
washingtonspectator.org,,,,,,0.75,0.6667,0.8333,0.6667,0.5,0.5,1,0.5,0.5,,1
theweek.com,0.6302,0.6163,0.6163,0.6441,,0.75,0.6667,0.8333,0.6667,0.5,0.5,1,0.5,0.5,,1
thisisthezerohour.com,,,,,,0.75,0.6667,0.8333,0.6667,0.5,0.5,1,0.5,0.5,,1
theimproper.com,,,,,,0.75,0.6667,0.8333,0.6667,0.5,0.5,1,0.5,0.5,,1
them.us,,,,,,0.75,0.6667,0.8333,0.6667,0.5,0.5,1,0.5,0.5,,1
towleroad.com,,,,,,0.75,0.6667,0.8333,0.6667,0.5,0.5,1,0.5,0.5,,1
treehugger.com,,,,,,0.75,0.6667,0.8333,0.6667,0.5,0.5,1,0.5,0.5,,1
truththeory.com,,,,,,0.75,0.6667,0.8333,0.6667,0.5,0.5,1,0.5,0.5,,1
truthdig.com,,,,,,0.75,0.6667,0.8333,0.6667,0.5,0.5,1,0.5,0.5,,1
unicornriot.ninja,,,,,,0.75,0.6667,0.8333,0.6667,0.5,0.5,1,0.5,0.5,,1
upworthy.com,0.8269,0.8763,0.7776,0.7776,,0.75,0.6667,0.8333,0.6667,0.5,0.5,1,0.5,0.5,,1
verrit.com,,,,,,0.75,0.6667,0.8333,0.6667,0.5,0.5,1,0.5,0.5,,1
washingtonbabylon.com,,,,,,0.75,0.6667,0.8333,0.6667,0.5,0.5,1,0.5,0.5,,1
washingtonian.com,0.8869,0.9137,0.8602,0.8602,,0.75,0.6667,0.8333,0.6667,0.5,0.5,1,0.5,0.5,,1
wehuntedthemammoth.com,,,,,,0.75,0.6667,0.8333,0.6667,0.5,0.5,1,0.5,0.5,,1
wearyourvoicemag.com,,,,,,0.75,0.6667,0.8333,0.6667,0.5,0.5,1,0.5,0.5,,1
worldcantwait.net,,,,,,0.75,0.6667,0.8333,0.6667,0.5,0.5,1,0.5,0.5,,1
yesmagazine.org,,,,,,0.75,0.6667,0.8333,0.6667,0.5,0.5,1,0.5,0.5,,1
zcomm.org,,,,,,0.6667,0.5,0.8333,0.5,0.5,0.5,1,0.5,0.5,,1
aceshowbiz.com,,,,,,0.6667,0.8333,0.5,0.5,0.75,1,1,0.875,0.75,,1
affinitymagazine.us,,,,,,0.6667,0.8333,0.5,0.5,0.75,1,1,0.875,0.75,,1
ahvalnews.com,,,,,,0.6667,0.8333,0.5,0.5,0.75,1,1,0.875,0.75,,1
aljazeera.com,0.8743,0.8449,0.8449,0.9038,,0.6667,0.8333,0.5,0.5,0.75,1,1,0.875,0.75,,1
al-sura.com,,,,,,0.6667,0.8333,0.5,0.5,0.75,1,1,0.875,0.75,,1
aclu.org,,,,,,0.6667,0.8333,0.5,0.5,0.75,1,1,0.875,0.75,,1
asiasentinel.com,,,,,,0.6667,0.8333,0.5,0.5,0.75,1,1,0.875,0.75,,1
buzzfeed.com,,,,,,0.6667,0.8333,0.5,0.5,0.75,1,1,0.875,0.75,,1
colombiareports.com,,,,,,0.6667,0.8333,0.5,0.5,0.75,1,1,0.875,0.75,,1
deccanherald.com,,,,,,0.6667,0.8333,0.5,0.5,0.75,1,1,0.875,0.75,,1
diply.com,,,,,,0.6667,0.8333,0.5,0.5,0.75,1,1,0.875,0.75,,1
egyptianstreets.com,,,,,,0.6667,0.8333,0.5,0.5,0.75,1,1,0.875,0.75,,1
ejinsight.com,,,,,,0.6667,0.8333,0.5,0.5,1,1,1,1,1,,1
globalrealnews.com,,,,,,0.6667,0.8333,0.5,0.5,0.75,1,1,0.875,0.75,,1
globaltimes.cn,,,,,,0.5833,0.6667,0.5,0.5,0.75,1,1,0.875,0.75,0.1671,0
gmanetwork.com,,,,,,0.6667,0.8333,0.5,0.5,,,,,,,1
health.com,,,,,,0.6667,0.8333,0.5,0.5,0.75,1,1,0.875,0.75,,1
hindustantimes.com,,,,,,0.6667,0.8333,0.5,0.5,0.75,1,1,0.875,0.75,,1
inquisitr.com,0.6964,0.7818,0.6111,0.6111,,0.6667,0.8333,0.5,0.5,0.75,1,1,0.875,0.75,,1
ibtimes.com,,,,,,0.6667,0.8333,0.5,0.5,0.75,1,1,0.875,0.75,,1
kurdistan24.net,,,,,,0.6667,0.8333,0.5,0.5,0.75,1,1,0.875,0.75,,1
kyivpost.com,,,,,,0.6667,0.8333,0.5,0.5,0.75,1,1,0.875,0.75,,1
leftjustified.com,,,,,,0.75,1,0.5,0.5,0.75,1,1,0.875,0.75,,1
malaysiakini.com,,,,,,0.6667,0.8333,0.5,0.5,0.75,1,1,0.875,0.75,,1
mb.com.ph,,,,,,0.6667,0.8333,0.5,0.5,0.75,1,1,0.875,0.75,,1
medium.com,,,,,,0.6667,0.8333,0.5,0.5,0.75,1,1,0.875,0.75,,1
metro.co.uk,,,,,,0.6667,0.8333,0.5,0.5,0.75,1,1,0.875,0.75,,1
mic.com,0.6232,0.5049,0.5049,0.7415,,0.6667,0.8333,0.5,0.5,0.75,1,1,0.875,0.75,,1
mintpressnews.com,,,,,,0.6667,0.8333,0.5,0.5,0.5,0.5,1,0.5,0.5,,1
mothership.sg,,,,,,0.6667,0.8333,0.5,0.5,0.75,1,1,0.875,0.75,,1
ndtv.com,,,,,,0.6667,0.8333,0.5,0.5,0.75,1,1,0.875,0.75,,1
newmoderate.com,,,,,,0.6667,0.8333,0.5,0.5,0.75,1,1,0.875,0.75,,1
occupyindependents.com,,,,,,0.6667,0.8333,0.5,0.5,0.75,1,1,0.875,0.75,,1
oneindia.com,,,,,,0.6667,0.8333,0.5,0.5,0.75,1,1,0.875,0.75,,1
opposingviews.com,,,,,,0.6667,0.8333,0.5,0.5,0.75,1,1,0.875,0.75,,1
private-eye.co.uk,,,,,,0.6667,0.8333,0.5,0.5,0,0,0,0,0,,1
rocketnews.com,,,,,,0.6667,0.8333,0.5,0.5,0.75,1,1,0.875,0.75,,1
sfglobe.com,,,,,,0.6667,0.8333,0.5,0.5,0.75,1,1,0.875,0.75,,1
saudigazette.com.sa,,,,,,0.6667,0.8333,0.5,0.5,0.75,1,1,0.875,0.75,,1
scoopwhoop.com,,,,,,0.6667,0.8333,0.5,0.5,0.75,1,1,0.875,0.75,,1
stepfeed.com,,,,,,0.6667,0.8333,0.5,0.5,0.75,1,1,0.875,0.75,,1
thechristianleft.org,,,,,,0.6667,0.8333,0.5,0.5,0.75,1,1,0.875,0.75,,1
nation.africa,,,,,,0.6667,0.8333,0.5,0.5,0.75,1,1,0.875,0.75,,1
indianexpress.com,,,,,,0.75,1,0.5,0.5,0.75,1,1,0.875,0.75,,1
koreatimes.co.kr,,,,,,0.6667,0.8333,0.5,0.5,0.75,1,1,0.875,0.75,,1
lincolnproject.us,,,,,,0.75,1,0.5,0.5,0.75,1,1,0.875,0.75,,1
thelist.com,,,,,,0.75,1,0.5,0.5,0.75,1,1,0.875,0.75,,1
thenextweb.com,,,,,,0.75,1,0.5,0.5,0.75,1,1,0.875,0.75,,1
theodysseyonline.com,,,,,,0.6667,0.8333,0.5,0.5,0.75,1,1,0.875,0.75,,1
thewrap.com,,,,,,0.6667,0.8333,0.5,0.5,0.75,1,1,0.875,0.75,,1
timesheadline.com,,,,,,0.6667,0.8333,0.5,0.5,0.75,1,1,0.875,0.75,,1
uawire.org,,,,,,0.6667,0.8333,0.5,0.5,0.75,1,1,0.875,0.75,,1
universitybusiness.com,,,,,,0.6667,0.8333,0.5,0.5,0.75,1,1,0.875,0.75,,1
vibe.com,,,,,,0.6667,0.8333,0.5,0.5,0.75,1,1,0.875,0.75,,1
votevets.org,,,,,,0.6667,0.8333,0.5,0.5,0.75,1,1,0.875,0.75,,1
wikileaks.org,,,,,,0.6667,0.8333,0.5,0.5,0.25,0,0,0.125,0,,1
news.cn,,,,,,0.6667,0.8333,0.5,0.5,0.75,1,1,0.875,0.75,0.1838,0
whitehouse.gov,,,,,,0.6667,0.6667,0.6667,0.6667,0.75,1,1,0.875,0.75,,1
604now.com,,,,,,0.75,0.8333,0.6667,0.6667,0.75,1,1,0.875,0.75,,1
africanews.com,,,,,,0.75,0.8333,0.6667,0.6667,0.75,1,1,0.875,0.75,,1
apple.com,,,,,,0.75,0.8333,0.6667,0.6667,,,,,,,1
arte.tv,,,,,,0.75,0.8333,0.6667,0.6667,0.75,1,1,0.875,0.75,,1
atlantablackstar.com,0.8738,0.8446,0.8446,0.9031,,0.75,0.8333,0.6667,0.6667,0.75,1,1,0.875,0.75,,1
bellingcat.com,,,,,,0.75,0.8333,0.6667,0.6667,0.75,1,1,0.875,0.75,,1
berliner-zeitung.de,,,,,,0.75,0.8333,0.6667,0.6667,0.75,1,1,0.875,0.75,,1
birminghammail.co.uk,,,,,,0.75,0.8333,0.6667,0.6667,0.75,1,1,0.875,0.75,,1
bleacherreport.com,,,,,,0.75,0.8333,0.6667,0.6667,0.75,1,1,0.875,0.75,,1
bustle.com,,,,,,0.75,0.8333,0.6667,0.6667,0.75,1,1,0.875,0.75,,1
catchnews.com,,,,,,0.75,0.8333,0.6667,0.6667,0.75,1,1,0.875,0.75,,1
censor.net,,,,,,0.75,0.8333,0.6667,0.6667,0.75,1,1,0.875,0.75,,1
ctj.org,,,,,,0.75,0.8333,0.6667,0.6667,0.75,1,1,0.875,0.75,,1
consortiumnews.com,0.4448,0.3984,0.3984,0.4911,,0.75,0.8333,0.6667,0.6667,0.5,0.5,1,0.5,0.5,,1
constitutionproject.org,,,,,,0.75,0.8333,0.6667,0.6667,0,0,0,0,0,,1
dailyhive.com,,,,,,0.75,0.8333,0.6667,0.6667,0.75,1,1,0.875,0.75,,1
dawn.com,,,,,,0.75,0.8333,0.6667,0.6667,0.75,1,1,0.875,0.75,,1
delo.si,,,,,,0.75,0.8333,0.6667,0.6667,0.75,1,1,0.875,0.75,,1
dutchdailynews.com,,,,,,0.75,0.8333,0.6667,0.6667,0.75,1,1,0.875,0.75,,1
dutchreview.com,,,,,,0.75,0.8333,0.6667,0.6667,0.75,1,1,0.875,0.75,,1
emerging-europe.com,,,,,,0.8333,1,0.6667,0.6667,0.75,1,1,0.875,0.75,,1
foodnavigator.com,,,,,,0.75,0.8333,0.6667,0.6667,,,,,,,1
icenews.is,,,,,,0.75,0.8333,0.6667,0.6667,0.75,1,1,0.875,0.75,,1
iflscience.com,,,,,,0.75,0.8333,0.6667,0.6667,0.75,1,1,0.875,0.75,,1
newsandguts.com,0.648,0.595,0.595,0.7009,,0.75,0.8333,0.6667,0.6667,,,,,,,1
novinky.cz,,,,,,0.8333,1,0.6667,0.6667,0.75,1,1,0.875,0.75,,1
openthegovernment.org,,,,,,0.75,0.8333,0.6667,0.6667,0.75,1,1,0.875,0.75,,1
inquirer.net,,,,,,0.75,0.8333,0.6667,0.6667,0.75,1,1,0.875,0.75,,1
politicsthatwork.com,,,,,,0.75,0.8333,0.6667,0.6667,0.75,1,1,0.875,0.75,,1
scroll.in,,,,,,0.75,0.8333,0.6667,0.6667,0.75,1,1,0.875,0.75,,1
snopes.com,0.9152,0.9316,0.8989,0.8989,,0.8333,1,0.6667,0.6667,1,1,1,1,1,,1
syriahr.com,,,,,,0.75,0.8333,0.6667,0.6667,0.75,1,1,0.875,0.75,,1
taiwannews.com.tw,,,,,,0.75,0.8333,0.6667,0.6667,0.75,1,1,0.875,0.75,,1
nownews.com,,,,,,0.75,0.8333,0.6667,0.6667,,,,,,,1
thefulcrum.us,,,,,,0.75,0.8333,0.6667,0.6667,0.75,1,1,0.875,0.75,,1
thehindu.com,,,,,,0.75,0.8333,0.6667,0.6667,,,,,,,1
thejakartapost.com,,,,,,0.8333,1,0.6667,0.6667,0.75,1,1,0.875,0.75,,1
alaraby.co.uk,,,,,,0.75,0.8333,0.6667,0.6667,0.75,1,1,0.875,0.75,,1
thetyee.ca,,,,,,0.75,0.8333,0.6667,0.6667,0.75,1,1,0.875,0.75,,1
thewire.in,,,,,,0.75,0.8333,0.6667,0.6667,0.75,1,1,0.875,0.75,,1
today.com,,,,,,0.75,0.8333,0.6667,0.6667,0.75,1,1,0.875,0.75,,1
pravda.com.ua,,,,,,0.75,0.8333,0.6667,0.6667,0.75,1,1,0.875,0.75,,1
ucsusa.org,,,,,,0.75,0.8333,0.6667,0.6667,0.75,1,1,0.875,0.75,,1
worldpress.org,,,,,,0.75,0.8333,0.6667,0.6667,0.75,1,1,0.875,0.75,,1
972mag.com,,,,,,0.8333,0.8333,0.8333,0.8333,0.75,1,1,0.875,0.75,,1
abc.net.au,,,,,,0.9167,1,0.8333,0.8333,0.75,1,1,0.875,0.75,,1
go.com,,,,,,0.8333,0.8333,0.8333,0.8333,,,,,,,1
abc11.com,,,,,,0.8333,0.8333,0.8333,0.8333,0.75,1,1,0.875,0.75,,1
abovethelaw.com,,,,,,0.9167,1,0.8333,0.8333,0.75,1,1,0.875,0.75,,1
aeon.co,,,,,,0.8333,0.8333,0.8333,0.8333,0.75,1,1,0.875,0.75,,1
africanarguments.org,,,,,,0.8333,0.8333,0.8333,0.8333,0.75,1,1,0.875,0.75,,1
beaconjournal.com,,,,,,0.9167,1,0.8333,0.8333,0.75,1,1,0.875,0.75,,1
al-monitor.com,,,,,,0.8333,0.8333,0.8333,0.8333,0.75,1,1,0.875,0.75,,1
guttmacher.org,,,,,,0.8333,0.8333,0.8333,0.8333,0.75,1,1,0.875,0.75,,1
timesunion.com,,,,,,0.8333,0.8333,0.8333,0.8333,0.75,1,1,0.875,0.75,,1
albertaviews.ca,,,,,,0.8333,0.8333,0.8333,0.8333,0.75,1,1,0.875,0.75,,1
allgov.com,,,,,,0.8333,0.8333,0.8333,0.8333,0.75,1,1,0.875,0.75,,1
alliedprogress.org,,,,,,0.8333,0.8333,0.8333,0.8333,0.75,1,1,0.875,0.75,,1
amny.com,,,,,,0.8333,0.8333,0.8333,0.8333,0.75,1,1,0.875,0.75,,1
americamagazine.org,,,,,,0.8333,0.8333,0.8333,0.8333,0.75,1,1,0.875,0.75,,1
americanimmigrationcouncil.org,,,,,,0.8333,0.8333,0.8333,0.8333,0.75,1,1,0.875,0.75,,1
amnesty.org,,,,,,0.8333,0.8333,0.8333,0.8333,0.75,1,1,0.875,0.75,,1
annistonstar.com,,,,,,0.8333,0.8333,0.8333,0.8333,0.75,1,1,0.875,0.75,,1
adl.org,,,,,,0.8333,0.8333,0.8333,0.8333,0.75,1,1,0.875,0.75,,1
aol.com,,,,,,0.8333,0.8333,0.8333,0.8333,0.75,1,1,0.875,0.75,,1
apmreports.org,,,,,,0.8333,0.8333,0.8333,0.8333,0.75,1,1,0.875,0.75,,1
aptnnews.ca,,,,,,0.8333,0.8333,0.8333,0.8333,1,1,1,1,1,,1
areomagazine.com,,,,,,0.9167,1,0.8333,0.8333,0.75,1,1,0.875,0.75,,1
tucson.com,0.9216,0.935,0.9082,0.9082,,0.8333,0.8333,0.8333,0.8333,0.75,1,1,0.875,0.75,,1
azdailysun.com,,,,,,0.8333,0.8333,0.8333,0.8333,0.75,1,1,0.875,0.75,,1
azcentral.com,0.8578,0.8502,0.8502,0.8654,,0.9167,1,0.8333,0.8333,0.75,1,1,0.875,0.75,,1
arktimes.com,,,,,,0.8333,0.8333,0.8333,0.8333,0.75,1,1,0.875,0.75,,1
armscontrol.org,,,,,,0.9167,1,0.8333,0.8333,0.75,1,1,0.875,0.75,,1
citizen-times.com,,,,,,0.8333,0.8333,0.8333,0.8333,0.75,1,1,0.875,0.75,,1
asiancorrespondent.com,,,,,,0.9167,1,0.8333,0.8333,0.75,1,1,0.875,0.75,,1
aspeninstitute.org,,,,,,0.8333,0.8333,0.8333,0.8333,,,,,,,1
atlanticmedia.com,,,,,,0.8333,0.8333,0.8333,0.8333,0.75,1,1,0.875,0.75,,1
attn.com,,,,,,0.8333,0.8333,0.8333,0.8333,0.5,0.5,1,0.5,0.5,,1
statesman.com,,,,,,0.8333,0.8333,0.8333,0.8333,0.75,1,1,0.875,0.75,,1
austindailyherald.com,,,,,,0.8333,0.8333,0.8333,0.8333,0.75,1,1,0.875,0.75,,1
avclub.com,,,,,,0.8333,0.8333,0.8333,0.8333,0.75,1,1,0.875,0.75,,1
balkaninsight.com,,,,,,0.8333,0.8333,0.8333,0.8333,0.75,1,1,0.875,0.75,,1
bangordailynews.com,,,,,,0.9167,1,0.8333,0.8333,0.75,1,1,0.875,0.75,,1
baptistnews.com,,,,,,0.8333,0.8333,0.8333,0.8333,0.5,0.5,1,0.5,0.5,,1
barrietoday.com,,,,,,0.8333,0.8333,0.8333,0.8333,,,,,,,1
battlecreekenquirer.com,,,,,,0.8333,0.8333,0.8333,0.8333,0.75,1,1,0.875,0.75,,1
bellinghamherald.com,,,,,,0.8333,0.8333,0.8333,0.8333,0.75,1,1,0.875,0.75,,1
berkeleyside.com,,,,,,0.8333,0.8333,0.8333,0.8333,0.75,1,1,0.875,0.75,,1
berkshireeagle.com,,,,,,0.8333,0.8333,0.8333,0.8333,0.75,1,1,0.875,0.75,,1
bing.com,,,,,,0.8333,0.8333,0.8333,0.8333,0.75,1,1,0.875,0.75,,1
bluestemprairie.com,,,,,,0.8333,0.8333,0.8333,0.8333,0.75,1,1,0.875,0.75,,1
boston.com,,,,,,0.8333,0.8333,0.8333,0.8333,0.75,1,1,0.875,0.75,,1
bgr.com,,,,,,0.8333,0.8333,0.8333,0.8333,0.75,1,1,0.875,0.75,,1
bramptonguardian.com,,,,,,0.9167,1,0.8333,0.8333,0.75,1,1,0.875,0.75,,1
brennancenter.org,,,,,,0.8333,0.8333,0.8333,0.8333,0.75,1,1,0.875,0.75,,1
buffalonews.com,,,,,,0.8333,0.8333,0.8333,0.8333,0.75,1,1,0.875,0.75,,1
thebulletin.org,,,,,,0.8333,0.8333,0.8333,0.8333,0.75,1,1,0.875,0.75,,1
bylinetimes.com,,,,,,0.8333,0.8333,0.8333,0.8333,,,,,,,1
calwatchdog.com,,,,,,0.8333,0.8333,0.8333,0.8333,0.75,1,1,0.875,0.75,,1
canadalandshow.com,,,,,,0.8333,0.8333,0.8333,0.8333,0.75,1,1,0.875,0.75,,1
capitalgazette.com,,,,,,0.8333,0.8333,0.8333,0.8333,0.75,1,1,0.875,0.75,,1
caribbeanlifenews.com,,,,,,0.8333,0.8333,0.8333,0.8333,0.75,1,1,0.875,0.75,,1
carnegieendowment.org,,,,,,0.8333,0.8333,0.8333,0.8333,0.75,1,1,0.875,0.75,,1
cnas.org,,,,,,0.8333,0.8333,0.8333,0.8333,0.75,1,1,0.875,0.75,,1
c4ads.org,,,,,,0.9167,1,0.8333,0.8333,0.75,1,1,0.875,0.75,,1
cgdev.org,,,,,,0.8333,0.8333,0.8333,0.8333,0.75,1,1,0.875,0.75,,1
centerforinquiry.org,,,,,,0.8333,0.8333,0.8333,0.8333,0.75,1,1,0.875,0.75,,1
internationalpolicy.org,,,,,,0.8333,0.8333,0.8333,0.8333,,,,,,,1
publicintegrity.org,,,,,,0.8333,0.8333,0.8333,0.8333,0.75,1,1,0.875,0.75,,1
populardemocracy.org,,,,,,0.8333,0.8333,0.8333,0.8333,0.75,1,1,0.875,0.75,,1
focustaiwan.tw,,,,,,0.8333,0.8333,0.8333,0.8333,0.75,1,1,0.875,0.75,,1
chalkbeat.org,,,,,,0.8333,0.8333,0.8333,0.8333,,,,,,,1
channel4.com,,,,,,0.8333,0.8333,0.8333,0.8333,,,,,,,1
wvgazettemail.com,0.8906,0.8835,0.8835,0.8976,,0.8333,0.8333,0.8333,0.8333,0.75,1,1,0.875,0.75,,1
charlotteobserver.com,,,,,,0.8333,0.8333,0.8333,0.8333,0.75,1,1,0.875,0.75,,1
cheddar.com,,,,,,0.8333,0.8333,0.8333,0.8333,0.75,1,1,0.875,0.75,,1
suntimes.com,0.8921,0.8556,0.8556,0.9287,,0.8333,0.8333,0.8333,0.8333,,,,,,,1
citizentruth.org,,,,,,0.8333,0.8333,0.8333,0.8333,0.75,1,1,0.875,0.75,,1
citizensforethics.org,,,,,,0.8333,0.8333,0.8333,0.8333,0.75,1,1,0.875,0.75,,1
cityandstateny.com,,,,,,0.8333,0.8333,0.8333,0.8333,0.75,1,1,0.875,0.75,,1
citypages.com,,,,,,0.8333,0.8333,0.8333,0.8333,0.75,1,1,0.875,0.75,,1
citylab.com,,,,,,0.8333,0.8333,0.8333,0.8333,0.75,1,1,0.875,0.75,,1
clarionledger.com,,,,,,0.8333,0.8333,0.8333,0.8333,0.75,1,1,0.875,0.75,,1
cleantechnica.com,,,,,,0.9167,1,0.8333,0.8333,0.75,1,1,0.875,0.75,,1
cjr.org,0.8348,0.8122,0.8122,0.8573,,0.8333,0.8333,0.8333,0.8333,0.75,1,1,0.875,0.75,,1
dispatch.com,,,,,,0.8333,0.8333,0.8333,0.8333,0.75,1,1,0.875,0.75,,1
investigaterussia.org,,,,,,0.9167,1,0.8333,0.8333,0.75,1,1,0.875,0.75,,1
commoncause.org,,,,,,0.8333,0.8333,0.8333,0.8333,0.75,1,1,0.875,0.75,,1
commonwealmagazine.org,,,,,,0.8333,0.8333,0.8333,0.8333,0.75,1,1,0.875,0.75,,1
commonwealthfund.org,,,,,,0.8333,0.8333,0.8333,0.8333,0.75,1,1,0.875,0.75,,1
ctpost.com,,,,,,0.8333,0.8333,0.8333,0.8333,0.75,1,1,0.875,0.75,,1
anthropocenemagazine.org,,,,,,0.9167,1,0.8333,0.8333,0.75,1,1,0.875,0.75,,1
caller.com,,,,,,0.8333,0.8333,0.8333,0.8333,0.75,1,1,0.875,0.75,,1
crosscut.com,,,,,,0.8333,0.8333,0.8333,0.8333,0.75,1,1,0.875,0.75,,1
ctmirror.org,,,,,,0.8333,0.8333,0.8333,0.8333,0.75,1,1,0.875,0.75,,1
daltondailycitizen.com,,,,,,0.8333,0.8333,0.8333,0.8333,0.75,1,1,0.875,0.75,,1
gazettenet.com,,,,,,0.8333,0.8333,0.8333,0.8333,0.75,1,1,0.875,0.75,,1
dcist.com,,,,,,0.9167,1,0.8333,0.8333,0.75,1,1,0.875,0.75,,1
dcreport.org,,,,,,0.8333,0.8333,0.8333,0.8333,0.75,1,1,0.875,0.75,,1
deadline.com,0.8115,0.8129,0.8102,0.8102,,0.8333,0.8333,0.8333,0.8333,0.75,1,1,0.875,0.75,,1
debunkingdenialism.com,,,,,,0.8333,0.8333,0.8333,0.8333,0.75,1,1,0.875,0.75,,1
delawareonline.com,,,,,,0.8333,0.8333,0.8333,0.8333,0.75,1,1,0.875,0.75,,1
democracy21.org,,,,,,0.8333,0.8333,0.8333,0.8333,0.75,1,1,0.875,0.75,,1
democratandchronicle.com,,,,,,0.8333,0.8333,0.8333,0.8333,0.75,1,1,0.875,0.75,,1
demos.org,,,,,,0.8333,0.8333,0.8333,0.8333,0.5,0.5,1,0.5,0.5,,1
denverpost.com,0.905,0.9005,0.9005,0.9095,,0.8333,0.8333,0.8333,0.8333,0.75,1,1,0.875,0.75,,1
westword.com,,,,,,0.8333,0.8333,0.8333,0.8333,0.75,1,1,0.875,0.75,,1
derstandard.at,,,,,,0.8333,0.8333,0.8333,0.8333,,,,,,,1
zeit.de,,,,,,0.9167,1,0.8333,0.8333,0.75,1,1,0.875,0.75,,1
diversityinc.com,,,,,,0.8333,0.8333,0.8333,0.8333,0.75,1,1,0.875,0.75,,1
dw.com,,,,,,0.8333,0.8333,0.8333,0.8333,0.75,1,1,0.875,0.75,,1
columbia.edu,,,,,,0.9167,1,0.8333,0.8333,,,,,,,1
earthjustice.org,,,,,,0.8333,0.8333,0.8333,0.8333,0.75,1,1,0.875,0.75,,1
eastbaytimes.com,,,,,,0.9167,1,0.8333,0.8333,0.75,1,1,0.875,0.75,,1
econofact.org,,,,,,0.9167,1,0.8333,0.8333,0.75,1,1,0.875,0.75,,1
epi.org,,,,,,0.8333,0.8333,0.8333,0.8333,0.75,1,1,0.875,0.75,,1
economicshelp.org,,,,,,0.8333,0.8333,0.8333,0.8333,0.75,1,1,0.875,0.75,,1
eldiariony.com,,,,,,0.8333,0.8333,0.8333,0.8333,0.75,1,1,0.875,0.75,,1
elpais.com,,,,,,0.8333,0.8333,0.8333,0.8333,0.75,1,1,0.875,0.75,,1
elpasotimes.com,,,,,,0.8333,0.8333,0.8333,0.8333,0.75,1,1,0.875,0.75,,1
eldiario.es,,,,,,0.8333,0.8333,0.8333,0.8333,,,,,,,1
eff.org,,,,,,0.8333,0.8333,0.8333,0.8333,0.75,1,1,0.875,0.75,,1
emptywheel.net,,,,,,0.8333,0.8333,0.8333,0.8333,0.5,0.5,1,0.5,0.5,,1
engadget.com,0.9209,0.9501,0.8917,0.8917,,0.8333,0.8333,0.8333,0.8333,0.75,1,1,0.875,0.75,,1
ew.com,,,,,,0.8333,0.8333,0.8333,0.8333,0.75,1,1,0.875,0.75,,1
espn.com,,,,,,0.8333,0.8333,0.8333,0.8333,0.75,1,1,0.875,0.75,,1
euobserver.com,,,,,,0.8333,0.8333,0.8333,0.8333,0.75,1,1,0.875,0.75,,1
registerguard.com,,,,,,0.8333,0.8333,0.8333,0.8333,0.75,1,1,0.875,0.75,,1
euractiv.com,,,,,,0.8333,0.8333,0.8333,0.8333,0.75,1,1,0.875,0.75,,1
eurasiareview.com,,,,,,0.9167,1,0.8333,0.8333,0.75,1,1,0.875,0.75,,1
euronews.com,,,,,,0.9167,1,0.8333,0.8333,0.75,1,1,0.875,0.75,,1
ecfr.eu,,,,,,0.8333,0.8333,0.8333,0.8333,0.75,1,1,0.875,0.75,,1
exposingtruth.com,,,,,,0.8333,0.8333,0.8333,0.8333,0.75,1,1,0.875,0.75,,1
factmyth.com,,,,,,0.9167,1,0.8333,0.8333,0.75,1,1,0.875,0.75,,1
fair.org,0.5062,0.3906,0.3906,0.6219,,0.8333,0.8333,0.8333,0.8333,0.5,0.5,1,0.5,0.5,,1
fairvote.org,,,,,,0.9167,1,0.8333,0.8333,0.75,1,1,0.875,0.75,,1
fastcompany.com,,,,,,0.8333,0.8333,0.8333,0.8333,0.75,1,1,0.875,0.75,,1
feministfrequency.com,,,,,,0.8333,0.8333,0.8333,0.8333,0.75,1,1,0.875,0.75,,1
fivethirtyeight.com,0.8166,0.778,0.778,0.8551,,0.8333,0.8333,0.8333,0.8333,0.75,1,1,0.875,0.75,,1
fpif.org,,,,,,0.8333,0.8333,0.8333,0.8333,0.75,1,1,0.875,0.75,,1
fwweekly.com,,,,,,0.8333,0.8333,0.8333,0.8333,0.75,1,1,0.875,0.75,,1
freakonomics.com,,,,,,0.8333,0.8333,0.8333,0.8333,0.75,1,1,0.875,0.75,,1
fresnobee.com,,,,,,0.8333,0.8333,0.8333,0.8333,0.75,1,1,0.875,0.75,,1
readfrontier.org,,,,,,0.8333,0.8333,0.8333,0.8333,0.75,1,1,0.875,0.75,,1
fusion.tv,,,,,,0.8333,0.8333,0.8333,0.8333,,,,,,,1
gainesville.com,,,,,,0.8333,0.8333,0.8333,0.8333,1,1,1,1,1,,1
glamour.com,0.7217,0.7253,0.7181,0.7181,,0.8333,0.8333,0.8333,0.8333,0.75,1,1,0.875,0.75,,1
globalcitizen.org,,,,,,0.8333,0.8333,0.8333,0.8333,0.75,1,1,0.875,0.75,,1
globalnews.ca,0.8735,0.8578,0.8578,0.8892,,0.8333,0.8333,0.8333,0.8333,0.75,1,1,0.875,0.75,,1
pri.org,,,,,,0.8333,0.8333,0.8333,0.8333,0.75,1,1,0.875,0.75,,1
globalriskinsights.com,,,,,,0.8333,0.8333,0.8333,0.8333,0.75,1,1,0.875,0.75,,1
google.com,,,,,,0.8333,0.8333,0.8333,0.8333,,,,,,,1
gothamist.com,,,,,,0.8333,0.8333,0.8333,0.8333,0.75,1,1,0.875,0.75,,1
governing.com,,,,,,0.8333,0.8333,0.8333,0.8333,0.75,1,1,0.875,0.75,,1
whistleblower.org,,,,,,0.8333,0.8333,0.8333,0.8333,0.75,1,1,0.875,0.75,,1
govexec.com,,,,,,0.9167,1,0.8333,0.8333,0.75,1,1,0.875,0.75,,1
greensboro.com,,,,,,0.8333,0.8333,0.8333,0.8333,0.75,1,1,0.875,0.75,,1
grist.org,,,,,,0.8333,0.8333,0.8333,0.8333,0.75,1,1,0.875,0.75,,1
gunviolencearchive.org,,,,,,0.8333,0.8333,0.8333,0.8333,0.75,1,1,0.875,0.75,,1
harpers.org,,,,,,0.9167,1,0.8333,0.8333,0.75,1,1,0.875,0.75,,1
harvardpolitics.com,,,,,,0.9167,1,0.8333,0.8333,0.75,1,1,0.875,0.75,,1
healthyway.com,,,,,,0.8333,0.8333,0.8333,0.8333,0.75,1,1,0.875,0.75,,1
heavy.com,0.9077,0.9488,0.8665,0.8665,,0.8333,0.8333,0.8333,0.8333,0.75,1,1,0.875,0.75,,1
hs.fi,,,,,,0.9167,1,0.8333,0.8333,0.75,1,1,0.875,0.75,,1
helsinkitimes.fi,,,,,,0.8333,0.8333,0.8333,0.8333,0.75,1,1,0.875,0.75,,1
hcn.org,0.7838,0.7199,0.7199,0.8476,,0.8333,0.8333,0.8333,0.8333,0.75,1,1,0.875,0.75,,1
historynewsnetwork.org,,,,,,0.8333,0.8333,0.8333,0.8333,0.75,1,1,0.875,0.75,,1
hollywoodreporter.com,,,,,,0.8333,0.8333,0.8333,0.8333,0.75,1,1,0.875,0.75,,1
civilbeat.org,,,,,,0.8333,0.8333,0.8333,0.8333,0.75,1,1,0.875,0.75,,1
staradvertiser.com,,,,,,0.9167,1,0.8333,0.8333,0.75,1,1,0.875,0.75,,1
hotnews.ro,,,,,,0.8333,0.8333,0.8333,0.8333,,,,,,,1
houstonchronicle.com,0.8909,0.897,0.8848,0.8848,,0.8333,0.8333,0.8333,0.8333,,,,,,,1
hrw.org,,,,,,0.8333,0.8333,0.8333,0.8333,0.75,1,1,0.875,0.75,,1
humanium.org,,,,,,0.8333,0.8333,0.8333,0.8333,0.75,1,1,0.875,0.75,,1
idahopress.com,,,,,,0.9167,1,0.8333,0.8333,0.75,1,1,0.875,0.75,,1
ifamericaknew.org,,,,,,0.8333,0.8333,0.8333,0.8333,0.75,1,1,0.875,0.75,,1
independentaustralia.net,,,,,,0.8333,0.8333,0.8333,0.8333,0.75,1,1,0.875,0.75,,1
inews.co.uk,,,,,,0.8333,0.8333,0.8333,0.8333,0.75,1,1,0.875,0.75,,1
insideedition.com,,,,,,0.9167,1,0.8333,0.8333,0.75,1,1,0.875,0.75,,1
insidehighered.com,,,,,,0.8333,0.8333,0.8333,0.8333,0.75,1,1,0.875,0.75,,1
insidephilanthropy.com,,,,,,0.8333,0.8333,0.8333,0.8333,0.75,1,1,0.875,0.75,,1
insideclimatenews.org,0.801,0.7024,0.7024,0.8996,,0.8333,0.8333,0.8333,0.8333,0.75,1,1,0.875,0.75,,1
insider.com,0.8426,0.8317,0.8317,0.8536,,0.8333,0.8333,0.8333,0.8333,0.75,1,1,0.875,0.75,,1
imeu.org,,,,,,0.8333,0.8333,0.8333,0.8333,0.75,1,1,0.875,0.75,,1
itep.org,,,,,,0.8333,0.8333,0.8333,0.8333,0.75,1,1,0.875,0.75,,1
icrw.org,,,,,,0.8333,0.8333,0.8333,0.8333,0.75,1,1,0.875,0.75,,1
inverse.com,,,,,,0.8333,0.8333,0.8333,0.8333,0.75,1,1,0.875,0.75,,1
ipolitics.ca,,,,,,0.8333,0.8333,0.8333,0.8333,0.75,1,1,0.875,0.75,,1
thenewhumanitarian.org,,,,,,0.8333,0.8333,0.8333,0.8333,0.75,1,1,0.875,0.75,,1
israel21c.org,,,,,,0.8333,0.8333,0.8333,0.8333,,,,,,,1
jacksonfreepress.com,,,,,,0.8333,0.8333,0.8333,0.8333,0.75,1,1,0.875,0.75,,1
jalopnik.com,,,,,,0.8333,0.8333,0.8333,0.8333,,,,,,,1
japantoday.com,,,,,,0.8333,0.8333,0.8333,0.8333,0.75,1,1,0.875,0.75,,1
jihadica.com,,,,,,0.9167,1,0.8333,0.8333,0.75,1,1,0.875,0.75,,1
jointcenter.org,,,,,,0.8333,0.8333,0.8333,0.8333,0.75,1,1,0.875,0.75,,1
jstor.org,,,,,,0.8333,0.8333,0.8333,0.8333,1,1,1,1,1,,1
justsecurity.org,,,,,,0.8333,0.8333,0.8333,0.8333,0.75,1,1,0.875,0.75,,1
kansascity.com,0.8269,0.8035,0.8035,0.8503,,0.8333,0.8333,0.8333,0.8333,0.75,1,1,0.875,0.75,,1
kenoshanews.com,,,,,,0.9167,1,0.8333,0.8333,0.75,1,1,0.875,0.75,,1
knightfoundation.org,,,,,,0.8333,0.8333,0.8333,0.8333,0.75,1,1,0.875,0.75,,1
koco.com,,,,,,0.8333,0.8333,0.8333,0.8333,0.75,1,1,0.875,0.75,,1
kotaku.com,,,,,,0.8333,0.8333,0.8333,0.8333,0.75,1,1,0.875,0.75,,1
kpic.com,,,,,,0.8333,0.8333,0.8333,0.8333,,,,,,,1
kqed.org,,,,,,0.8333,0.8333,0.8333,0.8333,0.75,1,1,0.875,0.75,,1
kuow.org,,,,,,0.8333,0.8333,0.8333,0.8333,0.75,1,1,0.875,0.75,,1
ladepeche.fr,,,,,,0.8333,0.8333,0.8333,0.8333,,,,,,,1
lapresse.ca,,,,,,0.8333,0.8333,0.8333,0.8333,0.75,1,1,0.875,0.75,,1
repubblica.it,,,,,,0.8333,0.8333,0.8333,0.8333,0.75,1,1,0.875,0.75,,1
laconiadailysun.com,0.9417,0.9874,0.8961,0.8961,,0.8333,0.8333,0.8333,0.8333,0.75,1,1,0.875,0.75,,1
lasvegassun.com,,,,,,0.8333,0.8333,0.8333,0.8333,0.75,1,1,0.875,0.75,,1
latintimes.com,,,,,,0.8333,0.8333,0.8333,0.8333,0.75,1,1,0.875,0.75,,1
lemonde.fr,,,,,,0.8333,0.8333,0.8333,0.8333,,,,,,,1
leavenworthtimes.com,,,,,,0.8333,0.8333,0.8333,0.8333,0.75,1,1,0.875,0.75,,1
natmonitor.com,,,,,,0.8333,0.8333,0.8333,0.8333,0.75,1,1,0.875,0.75,,1
lethbridgeherald.com,,,,,,0.8333,0.8333,0.8333,0.8333,0.75,1,1,0.875,0.75,,1
kentucky.com,,,,,,0.8333,0.8333,0.8333,0.8333,0.75,1,1,0.875,0.75,,1
lifehacker.com,,,,,,0.8333,0.8333,0.8333,0.8333,0.75,1,1,0.875,0.75,,1
lamag.com,,,,,,0.8333,0.8333,0.8333,0.8333,0.75,1,1,0.875,0.75,,1
macleans.ca,,,,,,0.8333,0.8333,0.8333,0.8333,0.75,1,1,0.875,0.75,,1
mainichi.jp,,,,,,0.8333,0.8333,0.8333,0.8333,0.75,1,1,0.875,0.75,,1
maplight.org,,,,,,0.8333,0.8333,0.8333,0.8333,0.75,1,1,0.875,0.75,,1
mcclatchydc.com,,,,,,0.8333,0.8333,0.8333,0.8333,0.75,1,1,0.875,0.75,,1
mediafiledc.com,,,,,,0.8333,0.8333,0.8333,0.8333,0.75,1,1,0.875,0.75,,1
mediapart.fr,,,,,,0.8333,0.8333,0.8333,0.8333,,,,,,,1
metro.us,,,,,,0.8333,0.8333,0.8333,0.8333,0.75,1,1,0.875,0.75,,1
mexiconewsdaily.com,,,,,,0.8333,0.8333,0.8333,0.8333,0.75,1,1,0.875,0.75,,1
migrationpolicy.org,,,,,,0.8333,0.8333,0.8333,0.8333,0.75,1,1,0.875,0.75,,1
jsonline.com,0.8419,0.7523,0.7523,0.9315,,0.9167,1,0.8333,0.8333,0.75,1,1,0.875,0.75,,1
startribune.com,0.8997,0.8797,0.8797,0.9196,,0.8333,0.8333,0.8333,0.8333,0.75,1,1,0.875,0.75,,1
mprnews.org,,,,,,0.8333,0.8333,0.8333,0.8333,0.75,1,1,0.875,0.75,,1
minnpost.com,,,,,,0.8333,0.8333,0.8333,0.8333,0.75,1,1,0.875,0.75,,1
mongabay.com,,,,,,0.8333,0.8333,0.8333,0.8333,,,,,,,1
themoscowtimes.com,,,,,,0.8333,0.8333,0.8333,0.8333,0.75,1,1,0.875,0.75,,1
motherjones.com,0.6387,0.5093,0.5093,0.7681,,0.8333,0.8333,0.8333,0.8333,0.5,0.5,1,0.5,0.5,,1
mnn.com,,,,,,0.8333,0.8333,0.8333,0.8333,0.75,1,1,0.875,0.75,,1
muncievoice.com,,,,,,0.8333,0.8333,0.8333,0.8333,0.75,1,1,0.875,0.75,,1
mwcnews.net,,,,,,0.8333,0.8333,0.8333,0.8333,0.75,1,1,0.875,0.75,,1
mycentraljersey.com,,,,,,0.8333,0.8333,0.8333,0.8333,0.75,1,1,0.875,0.75,,1
nakedcapitalism.com,,,,,,0.8333,0.8333,0.8333,0.8333,0.5,0.5,1,0.5,0.5,,1
naplesnews.com,,,,,,0.8333,0.8333,0.8333,0.8333,0.75,1,1,0.875,0.75,,1
transequality.org,,,,,,0.8333,0.8333,0.8333,0.8333,0.75,1,1,0.875,0.75,,1
nationalnewswatch.com,,,,,,0.8333,0.8333,0.8333,0.8333,0.75,1,1,0.875,0.75,,1
nationalobserver.com,,,,,,0.8333,0.8333,0.8333,0.8333,0.75,1,1,0.875,0.75,,1
youthrights.org,,,,,,0.8333,0.8333,0.8333,0.8333,0.75,1,1,0.875,0.75,,1
resourcegovernance.org,,,,,,0.8333,0.8333,0.8333,0.8333,0.75,1,1,0.875,0.75,,1
nature.org,,,,,,0.9167,1,0.8333,0.8333,0.75,1,1,0.875,0.75,,1
nbclosangeles.com,,,,,,0.9167,1,0.8333,0.8333,0.75,1,1,0.875,0.75,,1
nbcnewyork.com,,,,,,0.8333,0.8333,0.8333,0.8333,0.75,1,1,0.875,0.75,,1
newamerica.org,,,,,,0.8333,0.8333,0.8333,0.8333,0.75,1,1,0.875,0.75,,1
ncnewsonline.com,,,,,,0.8333,0.8333,0.8333,0.8333,0.75,1,1,0.875,0.75,,1
neweurope.eu,,,,,,0.8333,0.8333,0.8333,0.8333,0.75,1,1,0.875,0.75,,1
nhregister.com,,,,,,0.9167,1,0.8333,0.8333,0.75,1,1,0.875,0.75,,1
newleftreview.org,,,,,,0.75,0.6667,0.8333,0.6667,0.75,1,1,0.875,0.75,,1
newmatilda.com,,,,,,0.75,0.6667,0.8333,0.6667,0.75,1,1,0.875,0.75,,1
newsdeeply.com,,,,,,0.8333,0.8333,0.8333,0.8333,0.75,1,1,0.875,0.75,,1
citynews1130.com,,,,,,0.8333,0.8333,0.8333,0.8333,0.75,1,1,0.875,0.75,,1
newscentermaine.com,,,,,,0.9167,1,0.8333,0.8333,0.75,1,1,0.875,0.75,,1
newsday.com,0.9169,0.8882,0.8882,0.9456,,0.8333,0.8333,0.8333,0.8333,0.75,1,1,0.875,0.75,,1
newser.com,0.8381,0.8116,0.8116,0.8646,,0.9167,1,0.8333,0.8333,0.75,1,1,0.875,0.75,,1
newsy.com,0.922,0.8998,0.8998,0.9441,,0.8333,0.8333,0.8333,0.8333,0.75,1,1,0.875,0.75,,1
nhk.or.jp,,,,,,0.9167,1,0.8333,0.8333,0.75,1,1,0.875,0.75,,1
ocweekly.com,,,,,,0.8333,0.8333,0.8333,0.8333,0.75,1,1,0.875,0.75,,1
opendemocracy.net,,,,,,0.8333,0.8333,0.8333,0.8333,0.75,1,1,0.875,0.75,,1
orlandosentinel.com,0.8352,0.7633,0.7633,0.9071,,0.9167,1,0.8333,0.8333,0.75,1,1,0.875,0.75,,1
ourworldindata.org,,,,,,0.8333,0.8333,0.8333,0.8333,0.75,1,1,0.875,0.75,,1
outsidethebeltway.com,,,,,,0.8333,0.8333,0.8333,0.8333,0.75,1,1,0.875,0.75,,1
ozy.com,0.779,0.7677,0.7677,0.7904,,0.8333,0.8333,0.8333,0.8333,0.75,1,1,0.875,0.75,,1
psmag.com,,,,,,0.8333,0.8333,0.8333,0.8333,0.75,1,1,0.875,0.75,,1
palmbeachdailynews.com,,,,,,0.8333,0.8333,0.8333,0.8333,0.75,1,1,0.875,0.75,,1
patrioticmillionaires.org,,,,,,0.8333,0.8333,0.8333,0.8333,0.75,1,1,0.875,0.75,,1
pbs.org,0.9115,0.8496,0.8496,0.9734,,0.8333,0.8333,0.8333,0.8333,0.75,1,1,0.875,0.75,,1
inquirer.com,,,,,,0.8333,0.8333,0.8333,0.8333,0.75,1,1,0.875,0.75,,1
phoenixnewtimes.com,,,,,,0.8333,0.8333,0.8333,0.8333,0.75,1,1,0.875,0.75,,1
politicalcritique.org,,,,,,0.8333,0.8333,0.8333,0.8333,0.75,1,1,0.875,0.75,,1
politifact.com,0.8933,0.8951,0.8914,0.8914,,0.8333,0.8333,0.8333,0.8333,0.75,1,1,0.875,0.75,,1
polygon.com,,,,,,0.8333,0.8333,0.8333,0.8333,0.75,1,1,0.875,0.75,,1
populationconnection.org,,,,,,0.8333,0.8333,0.8333,0.8333,0.75,1,1,0.875,0.75,,1
pressherald.com,,,,,,0.8333,0.8333,0.8333,0.8333,0.75,1,1,0.875,0.75,,1
pamplinmedia.com,,,,,,0.8333,0.8333,0.8333,0.8333,0.75,1,1,0.875,0.75,,1
positive.news,,,,,,0.8333,0.8333,0.8333,0.8333,0.75,1,1,0.875,0.75,,1
pogo.org,,,,,,0.8333,0.8333,0.8333,0.8333,0.75,1,1,0.875,0.75,,1
project-syndicate.org,,,,,,0.8333,0.8333,0.8333,0.8333,0.75,1,1,0.875,0.75,,1
propublica.org,0.8624,0.7824,0.7824,0.9423,,0.8333,0.8333,0.8333,0.8333,0.75,1,1,0.875,0.75,,1
prospectmagazine.co.uk,,,,,,0.8333,0.8333,0.8333,0.8333,0.75,1,1,0.875,0.75,,1
citizen.org,,,,,,0.8333,0.8333,0.8333,0.8333,0.75,1,1,0.875,0.75,,1
qz.com,0.8591,0.8374,0.8374,0.8809,,0.8333,0.8333,0.8333,0.8333,0.75,1,1,0.875,0.75,,1
rfa.org,,,,,,0.8333,0.8333,0.8333,0.8333,0.75,1,1,0.875,0.75,,1
newsobserver.com,,,,,,0.8333,0.8333,0.8333,0.8333,0.75,1,1,0.875,0.75,,1
rappler.com,,,,,,0.8333,0.8333,0.8333,0.8333,0.5,0.5,1,0.5,0.5,,1
rationalwiki.org,,,,,,0.8333,0.8333,0.8333,0.8333,0.75,1,1,0.875,0.75,,1
religionnews.com,,,,,,0.8333,0.8333,0.8333,0.8333,0.75,1,1,0.875,0.75,,1
represent.us,,,,,,0.8333,0.8333,0.8333,0.8333,0.75,1,1,0.875,0.75,,1
revealnews.org,,,,,,0.8333,0.8333,0.8333,0.8333,0.75,1,1,0.875,0.75,,1
militarist-monitor.org,,,,,,0.8333,0.8333,0.8333,0.8333,,,,,,,1
heraldonline.com,,,,,,0.8333,0.8333,0.8333,0.8333,0.75,1,1,0.875,0.75,,1
rooseveltinstitute.org,,,,,,0.8333,0.8333,0.8333,0.8333,0.75,1,1,0.875,0.75,,1
sacbee.com,,,,,,0.8333,0.8333,0.8333,0.8333,0.75,1,1,0.875,0.75,,1
sltrib.com,0.9256,0.9218,0.9218,0.9293,,0.9167,1,0.8333,0.8333,0.75,1,1,0.875,0.75,,1
expressnews.com,,,,,,0.9167,1,0.8333,0.8333,,,,,,,1
sandiegoreader.com,,,,,,0.8333,0.8333,0.8333,0.8333,0.75,1,1,0.875,0.75,,1
sfexaminer.com,0.8695,0.871,0.8681,0.8681,,0.8333,0.8333,0.8333,0.8333,0.75,1,1,0.875,0.75,,1
mercurynews.com,0.9102,0.8983,0.8983,0.922,,0.8333,0.8333,0.8333,0.8333,0.75,1,1,0.875,0.75,,1
sanluisobispo.com,,,,,,0.8333,0.8333,0.8333,0.8333,0.75,1,1,0.875,0.75,,1
independent.com,,,,,,0.8333,0.8333,0.8333,0.8333,0.75,1,1,0.875,0.75,,1
santafenewmexican.com,,,,,,0.8333,0.8333,0.8333,0.8333,0.75,1,1,0.875,0.75,,1
sapiens.org,,,,,,0.8333,0.8333,0.8333,0.8333,0.75,1,1,0.875,0.75,,1
sciencing.com,,,,,,0.8333,0.8333,0.8333,0.8333,0.75,1,1,0.875,0.75,,1
seattlepi.com,0.8934,0.9046,0.8822,0.8822,,0.8333,0.8333,0.8333,0.8333,0.75,1,1,0.875,0.75,,1
seattletimes.com,,,,,,0.8333,0.8333,0.8333,0.8333,0.75,1,1,0.875,0.75,,1
sentencingproject.org,,,,,,0.8333,0.8333,0.8333,0.8333,0.75,1,1,0.875,0.75,,1
sfgate.com,0.9371,0.9526,0.9216,0.9216,,0.8333,0.8333,0.8333,0.8333,0.75,1,1,0.875,0.75,,1
sojo.net,0.6792,0.605,0.605,0.7534,,0.8333,0.8333,0.8333,0.8333,0.75,1,1,0.875,0.75,,1
sootoday.com,,,,,,0.8333,0.8333,0.8333,0.8333,0.75,1,1,0.875,0.75,,1
sbs.com.au,,,,,,0.8333,0.8333,0.8333,0.8333,0.75,1,1,0.875,0.75,,1
stltoday.com,0.7986,0.7177,0.7177,0.8795,,0.8333,0.8333,0.8333,0.8333,0.75,1,1,0.875,0.75,,1
twincities.com,,,,,,0.8333,0.8333,0.8333,0.8333,0.75,1,1,0.875,0.75,,1
stamfordadvocate.com,,,,,,0.9167,1,0.8333,0.8333,0.75,1,1,0.875,0.75,,1
nj.com,0.9311,0.9394,0.9227,0.9227,,0.8333,0.8333,0.8333,0.8333,0.75,1,1,0.875,0.75,,1
statnews.com,,,,,,0.8333,0.8333,0.8333,0.8333,0.75,1,1,0.875,0.75,,1
stopfake.org,,,,,,0.8333,0.8333,0.8333,0.8333,0.75,1,1,0.875,0.75,,1
stuff.co.nz,,,,,,0.9167,1,0.8333,0.8333,0.75,1,1,0.875,0.75,,1
sunlightfoundation.com,,,,,,0.8333,0.8333,0.8333,0.8333,0.75,1,1,0.875,0.75,,1
swissinfo.ch,,,,,,0.8333,0.8333,0.8333,0.8333,0.75,1,1,0.875,0.75,,1
tabletmag.com,,,,,,0.8333,0.8333,0.8333,0.8333,0.75,1,1,0.875,0.75,,1
tampabay.com,0.8989,0.8816,0.8816,0.9161,,0.8333,0.8333,0.8333,0.8333,0.75,1,1,0.875,0.75,,1
tarbell.org,,,,,,0.8333,0.8333,0.8333,0.8333,0.75,1,1,0.875,0.75,,1
taxjustice.net,,,,,,0.8333,0.8333,0.8333,0.8333,0.75,1,1,0.875,0.75,,1
taxpolicycenter.org,,,,,,0.8333,0.8333,0.8333,0.8333,0.75,1,1,0.875,0.75,,1
techcrunch.com,0.9528,0.9912,0.9143,0.9143,,0.8333,0.8333,0.8333,0.8333,0.75,1,1,0.875,0.75,,1
techdirt.com,,,,,,0.8333,0.8333,0.8333,0.8333,0.75,1,1,0.875,0.75,,1
texasmonthly.com,,,,,,0.8333,0.8333,0.8333,0.8333,0.75,1,1,0.875,0.75,,1
texastribune.org,,,,,,0.8333,0.8333,0.8333,0.8333,0.75,1,1,0.875,0.75,,1
theage.com.au,,,,,,0.8333,0.8333,0.8333,0.8333,0.75,1,1,0.875,0.75,,1
asahi.com,,,,,,0.8333,0.8333,0.8333,0.8333,0.75,1,1,0.875,0.75,,1
app.com,,,,,,0.8333,0.8333,0.8333,0.8333,0.75,1,1,0.875,0.75,,1
augustachronicle.com,,,,,,0.8333,0.8333,0.8333,0.8333,,,,,,,1
belfercenter.org,,,,,,0.8333,0.8333,0.8333,0.8333,1,1,1,1,1,,1
thebipartisanpress.com,,,,,,0.8333,0.8333,0.8333,0.8333,0.75,1,1,0.875,0.75,,1
brownsvilleherald.com,,,,,,0.8333,0.8333,0.8333,0.8333,0.75,1,1,0.875,0.75,,1
budapestbeacon.com,,,,,,0.8333,0.8333,0.8333,0.8333,0.75,1,1,0.875,0.75,,1
thebureauinvestigates.com,,,,,,0.8333,0.8333,0.8333,0.8333,0.75,1,1,0.875,0.75,,1
cepr.net,,,,,,0.8333,0.8333,0.8333,0.8333,0.75,1,1,0.875,0.75,,1
cbpp.org,,,,,,0.8333,0.8333,0.8333,0.8333,0.75,1,1,0.875,0.75,,1
tcf.org,,,,,,0.8333,0.8333,0.8333,0.8333,0.75,1,1,0.875,0.75,,1
chinaafricaproject.com,,,,,,0.8333,0.8333,0.8333,0.8333,0.75,1,1,0.875,0.75,,1
chronicle.com,,,,,,0.8333,0.8333,0.8333,0.8333,0.75,1,1,0.875,0.75,,1
thecity.nyc,,,,,,0.8333,0.8333,0.8333,0.8333,0.75,1,1,0.875,0.75,,1
coloradosun.com,,,,,,0.8333,0.8333,0.8333,0.8333,0.75,1,1,0.875,0.75,,1
coloradoan.com,,,,,,0.8333,0.8333,0.8333,0.8333,0.75,1,1,0.875,0.75,,1
canadians.org,,,,,,0.8333,0.8333,0.8333,0.8333,0.75,1,1,0.875,0.75,,1
courier-journal.com,,,,,,0.8333,0.8333,0.8333,0.8333,0.75,1,1,0.875,0.75,,1
dailyclimate.org,,,,,,0.8333,0.8333,0.8333,0.8333,0.75,1,1,0.875,0.75,,1
dailytarheel.com,,,,,,0.8333,0.8333,0.8333,0.8333,0.75,1,1,0.875,0.75,,1
dominionpost.com,,,,,,0.9167,1,0.8333,0.8333,0.75,1,1,0.875,0.75,,1
lehighvalleylive.com,,,,,,0.8333,0.8333,0.8333,0.8333,0.75,1,1,0.875,0.75,,1
forward.com,0.7716,0.7488,0.7488,0.7943,,0.8333,0.8333,0.8333,0.8333,0.75,1,1,0.875,0.75,,1
courant.com,0.9605,0.9667,0.9542,0.9542,,0.8333,0.8333,0.8333,0.8333,0.75,1,1,0.875,0.75,,1
heraldnet.com,,,,,,0.8333,0.8333,0.8333,0.8333,0.75,1,1,0.875,0.75,,1
heraldscotland.com,,,,,,0.8333,0.8333,0.8333,0.8333,0.75,1,1,0.875,0.75,,1
thehilltalk.com,,,,,,0.9167,1,0.8333,0.8333,0.75,1,1,0.875,0.75,,1
thehumanist.com,,,,,,0.8333,0.8333,0.8333,0.8333,0.75,1,1,0.875,0.75,,1
irishtimes.com,,,,,,0.8333,0.8333,0.8333,0.8333,0.75,1,1,0.875,0.75,,1
irrawaddy.com,,,,,,0.8333,0.8333,0.8333,0.8333,0.75,1,1,0.875,0.75,,1
lohud.com,,,,,,0.8333,0.8333,0.8333,0.8333,0.75,1,1,0.875,0.75,,1
thelocal.no,,,,,,0.9167,1,0.8333,0.8333,0.75,1,1,0.875,0.75,,1
mauinews.com,,,,,,0.8333,0.8333,0.8333,0.8333,0.75,1,1,0.875,0.75,,1
themoderatevoice.com,,,,,,0.8333,0.8333,0.8333,0.8333,0.75,1,1,0.875,0.75,,1
fool.com,,,,,,0.9167,1,0.8333,0.8333,0.75,1,1,0.875,0.75,,1
typemediacenter.org,,,,,,0.8333,0.8333,0.8333,0.8333,0.75,1,1,0.875,0.75,,1
thenewtropic.com,,,,,,0.8333,0.8333,0.8333,0.8333,0.75,1,1,0.875,0.75,,1
newstimes.com,,,,,,0.8333,0.8333,0.8333,0.8333,0.75,1,1,0.875,0.75,,1
thenewstribune.com,,,,,,0.8333,0.8333,0.8333,0.8333,0.75,1,1,0.875,0.75,,1
theolympian.com,,,,,,0.8333,0.8333,0.8333,0.8333,0.75,1,1,0.875,0.75,,1
palmbeachpost.com,,,,,,0.8333,0.8333,0.8333,0.8333,0.75,1,1,0.875,0.75,,1
pennlive.com,,,,,,0.8333,0.8333,0.8333,0.8333,0.75,1,1,0.875,0.75,,1
cleveland.com,0.9539,0.979,0.9289,0.9289,,0.8333,0.8333,0.8333,0.8333,0.75,1,1,0.875,0.75,,1
pressdemocrat.com,,,,,,0.9167,1,0.8333,0.8333,0.75,1,1,0.875,0.75,,1
providencejournal.com,,,,,,0.8333,0.8333,0.8333,0.8333,0.75,1,1,0.875,0.75,,1
pulsegulfcoast.com,,,,,,0.8333,0.8333,0.8333,0.8333,0.75,1,1,0.875,0.75,,1
northjersey.com,,,,,,0.8333,0.8333,0.8333,0.8333,0.75,1,1,0.875,0.75,,1
theringer.com,,,,,,0.8333,0.8333,0.8333,0.8333,0.75,1,1,0.875,0.75,,1
thesaturdaypaper.com.au,,,,,,0.8333,0.8333,0.8333,0.8333,0.75,1,1,0.875,0.75,,1
theskimm.com,0.8121,0.7761,0.7761,0.8481,,0.9167,1,0.8333,0.8333,0.75,1,1,0.875,0.75,,1
statepress.com,,,,,,0.8333,0.8333,0.8333,0.8333,0.75,1,1,0.875,0.75,,1
thestate.com,,,,,,0.8333,0.8333,0.8333,0.8333,0.75,1,1,0.875,0.75,,1
thesunmagazine.org,,,,,,0.8333,0.8333,0.8333,0.8333,0.75,1,1,0.875,0.75,,1
smh.com.au,,,,,,0.8333,0.8333,0.8333,0.8333,0.75,1,1,0.875,0.75,,1
thetab.com,,,,,,0.8333,0.8333,0.8333,0.8333,0.75,1,1,0.875,0.75,,1
nola.com,0.9474,0.9372,0.9372,0.9575,,0.8333,0.8333,0.8333,0.8333,0.75,1,1,0.875,0.75,,1
thetrace.org,0.8481,0.7915,0.7915,0.9046,,0.8333,0.8333,0.8333,0.8333,0.75,1,1,0.875,0.75,,1
thevarsity.ca,,,,,,0.9167,1,0.8333,0.8333,0.75,1,1,0.875,0.75,,1
theverge.com,0.8567,0.8342,0.8342,0.8791,,0.9167,1,0.8333,0.8333,0.75,1,1,0.875,0.75,,1
pilotonline.com,,,,,,0.8333,0.8333,0.8333,0.8333,0.75,1,1,0.875,0.75,,1
theweek.co.uk,,,,,,0.8333,0.8333,0.8333,0.8333,0.75,1,1,0.875,0.75,,1
wilderness.org,,,,,,0.8333,0.8333,0.8333,0.8333,0.75,1,1,0.875,0.75,,1
thejournal.ie,,,,,,0.8333,0.8333,0.8333,0.8333,0.75,1,1,0.875,0.75,,1
trust.org,,,,,,0.8333,0.8333,0.8333,0.8333,,,,,,,1
thrillist.com,,,,,,0.8333,0.8333,0.8333,0.8333,0.75,1,1,0.875,0.75,,1
timeline.com,,,,,,0.8333,0.8333,0.8333,0.8333,0.75,1,1,0.875,0.75,,1
timescolonist.com,,,,,,0.8333,0.8333,0.8333,0.8333,0.75,1,1,0.875,0.75,,1
tomdispatch.com,,,,,,0.8333,0.8333,0.8333,0.8333,0.5,0.5,1,0.5,0.5,,1
thestar.com,,,,,,0.8333,0.8333,0.8333,0.8333,0.75,1,1,0.875,0.75,,1
truthbetold.news,,,,,,0.8333,0.8333,0.8333,0.8333,0.75,1,1,0.875,0.75,,1
uft.org,,,,,,0.8333,0.8333,0.8333,0.8333,0.75,1,1,0.875,0.75,,1
urban.org,,,,,,0.8333,0.8333,0.8333,0.8333,0.75,1,1,0.875,0.75,,1
usnews.com,0.8947,0.8857,0.8857,0.9038,,0.9167,1,0.8333,0.8333,0.75,1,1,0.875,0.75,,1
upr.org,,,,,,0.8333,0.8333,0.8333,0.8333,0.75,1,1,0.875,0.75,,1
uticaod.com,,,,,,0.8333,0.8333,0.8333,0.8333,0.75,1,1,0.875,0.75,,1
variety.com,0.8042,0.7922,0.7922,0.8163,,0.8333,0.8333,0.8333,0.8333,0.75,1,1,0.875,0.75,,1
victoriaadvocate.com,,,,,,0.8333,0.8333,0.8333,0.8333,0.75,1,1,0.875,0.75,,1
virginiamercury.com,,,,,,0.8333,0.8333,0.8333,0.8333,0.75,1,1,0.875,0.75,,1
voiceofsandiego.org,,,,,,0.8333,0.8333,0.8333,0.8333,0.75,1,1,0.875,0.75,,1
vulture.com,,,,,,0.8333,0.8333,0.8333,0.8333,0.75,1,1,0.875,0.75,,1
walesonline.co.uk,,,,,,0.8333,0.8333,0.8333,0.8333,0.75,1,1,0.875,0.75,,1
washingtonblade.com,0.8013,0.7648,0.7648,0.8377,,0.8333,0.8333,0.8333,0.8333,0.75,1,1,0.875,0.75,,1
washingtonmonthly.com,0.5141,0.4772,0.4772,0.551,,0.8333,0.8333,0.8333,0.8333,0.5,0.5,1,0.5,0.5,,1
westernmassnews.com,,,,,,0.8333,0.8333,0.8333,0.8333,0.75,1,1,0.875,0.75,,1
wired.com,0.86,0.8396,0.8396,0.8804,,0.8333,0.8333,0.8333,0.8333,0.75,1,1,0.875,0.75,,1
wishtv.com,,,,,,0.8333,0.8333,0.8333,0.8333,0.75,1,1,0.875,0.75,,1
wnyc.org,,,,,,0.8333,0.8333,0.8333,0.8333,0.75,1,1,0.875,0.75,,1
wilsoncenter.org,,,,,,0.9167,1,0.8333,0.8333,0.75,1,1,0.875,0.75,,1
weforum.org,,,,,,0.9167,1,0.8333,0.8333,1,1,1,1,1,,1
broadenimpact.com,,,,,,0.8333,0.8333,0.8333,0.8333,,,,,,,1
wri.org,,,,,,0.8333,0.8333,0.8333,0.8333,0.75,1,1,0.875,0.75,,1
worldcrunch.com,,,,,,0.8333,0.8333,0.8333,0.8333,0.75,1,1,0.875,0.75,,1
nbcwashington.com,,,,,,0.8333,0.8333,0.8333,0.8333,0.75,1,1,0.875,0.75,,1
wsvn.com,,,,,,0.8333,0.8333,0.8333,0.8333,0.75,1,1,0.875,0.75,,1
yale.edu,,,,,,0.9167,1,0.8333,0.8333,,,,,,,1
ynetnews.com,,,,,,0.8333,0.8333,0.8333,0.8333,0.75,1,1,0.875,0.75,,1
ydr.com,,,,,,0.8333,0.8333,0.8333,0.8333,0.75,1,1,0.875,0.75,,1
yorkdispatch.com,,,,,,0.8333,0.8333,0.8333,0.8333,0.75,1,1,0.875,0.75,,1
youthradio.org,,,,,,0.8333,0.8333,0.8333,0.8333,0.75,1,1,0.875,0.75,,1
atavist.com,,,,,,0.9167,0.8333,1,0.8333,,,,,,,1
backchannel.com,,,,,,0.9167,0.8333,1,0.8333,0.75,1,1,0.875,0.75,,1
brookings.edu,,,,,,1,1,1,1,0.75,1,1,0.875,0.75,,1
crisisgroup.org,,,,,,0.9167,0.8333,1,0.8333,0.75,1,1,0.875,0.75,,1
helvidius.org,,,,,,0.9167,0.8333,1,0.8333,0.75,1,1,0.875,0.75,,1
frontiersin.org,,,,,,0.5,,0.5,0.5,1,1,1,1,1,,1
skepticalraptor.com,,,,,,0.5,,0.5,0.5,1,1,1,1,1,,1
healthline.com,,,,,,0.6667,,0.6667,0.6667,1,1,1,1,1,,1
news-medical.net,,,,,,0.6667,,0.6667,0.6667,,,,,,,1
cornell.edu,,,,,,0.8333,,0.8333,0.8333,,,,,,,1
lung.org,,,,,,0.8333,,0.8333,0.8333,1,1,1,1,1,,1
ama-assn.org,,,,,,0.8333,,0.8333,0.8333,1,1,1,1,1,,1
apsa.org,,,,,,0.8333,,0.8333,0.8333,1,1,1,1,1,,1
archaeology.org,,,,,,0.8333,,0.8333,0.8333,1,1,1,1,1,,1
skeptics.com.au,,,,,,0.8333,,0.8333,0.8333,1,1,1,1,1,,1
biospace.com,,,,,,0.8333,,0.8333,0.8333,1,1,1,1,1,,1
carbonbrief.org,,,,,,0.8333,,0.8333,0.8333,1,1,1,1,1,,1
climatesciencewatch.org,,,,,,0.8333,,0.8333,0.8333,1,1,1,1,1,,1
consumerlab.com,,,,,,0.8333,,0.8333,0.8333,1,1,1,1,1,,1
cosmosmagazine.com,,,,,,0.8333,,0.8333,0.8333,1,1,1,1,1,,1
discovermagazine.com,,,,,,0.8333,,0.8333,0.8333,1,1,1,1,1,,1
earthsky.org,,,,,,0.8333,,0.8333,0.8333,1,1,1,1,1,,1
britannica.com,,,,,,0.8333,,0.8333,0.8333,1,1,1,1,1,,1
everydayhealth.com,,,,,,0.8333,,0.8333,0.8333,1,1,1,1,1,,1
fas.org,,,,,,0.8333,,0.8333,0.8333,1,1,1,1,1,,1
futurism.com,,,,,,0.8333,,0.8333,0.8333,1,1,1,1,1,,1
genengnews.com,,,,,,0.8333,,0.8333,0.8333,1,1,1,1,1,,1
geneticliteracyproject.org,,,,,,0.8333,,0.8333,0.8333,1,1,1,1,1,,1
healio.com,,,,,,0.8333,,0.8333,0.8333,1,1,1,1,1,,1
insidescience.org,,,,,,0.8333,,0.8333,0.8333,1,1,1,1,1,,1
healthdata.org,,,,,,0.8333,,0.8333,0.8333,1,1,1,1,1,,1
issues.org,,,,,,0.8333,,0.8333,0.8333,1,1,1,1,1,,1
livescience.com,,,,,,0.8333,,0.8333,0.8333,0,0,0,0,0,,1
mayoclinic.org,,,,,,0.8333,,0.8333,0.8333,1,1,1,1,1,,1
medicalnewstoday.com,,,,,,0.8333,,0.8333,0.8333,1,1,1,1,1,,1
medicalxpress.com,,,,,,0.8333,,0.8333,0.8333,1,1,1,1,1,,1
mentaldaily.com,,,,,,0.8333,,0.8333,0.8333,1,1,1,1,1,,1
mosaicscience.com,,,,,,0.8333,,0.8333,0.8333,1,1,1,1,1,,1
nationalgeographic.com,,,,,,0.8333,,0.8333,0.8333,1,1,1,1,1,,1
nih.gov,,,,,,0.8333,,0.8333,0.8333,1,1,1,1,1,,1
nautil.us,,,,,,0.8333,,0.8333,0.8333,1,1,1,1,1,,1
neurosciencenews.com,,,,,,0.8333,,0.8333,0.8333,1,1,1,1,1,,1
nextbigfuture.com,,,,,,0.8333,,0.8333,0.8333,1,1,1,1,1,,1
nextobserver.com,,,,,,0.8333,,0.8333,0.8333,1,1,1,1,1,,1
oceana.org,,,,,,0.8333,,0.8333,0.8333,1,1,1,1,1,,1
paho.org,,,,,,0.8333,,0.8333,0.8333,1,1,1,1,1,,1
phys.org,,,,,,0.8333,,0.8333,0.8333,1,1,1,1,1,,1
popularmechanics.com,,,,,,0.8333,,0.8333,0.8333,1,1,1,1,1,,1
popsci.com,,,,,,0.8333,,0.8333,0.8333,1,1,1,1,1,,1
precisionvaccinations.com,,,,,,0.8333,,0.8333,0.8333,1,1,1,1,1,,1
psychcentral.com,,,,,,0.8333,,0.8333,0.8333,1,1,1,1,1,,1
psychologytoday.com,,,,,,0.8333,,0.8333,0.8333,1,1,1,1,1,,1
plos.org,,,,,,0.8333,,0.8333,0.8333,1,1,1,1,1,,1
quackwatch.org,,,,,,0.8333,,0.8333,0.8333,1,1,1,1,1,,1
realclearscience.com,,,,,,0.8333,,0.8333,0.8333,1,1,1,1,1,,1
realmofhistory.com,,,,,,0.8333,,0.8333,0.8333,1,1,1,1,1,,1
researchgate.net,,,,,,0.8333,,0.8333,0.8333,1,1,1,1,1,,1
resourcewatch.org,,,,,,0.8333,,0.8333,0.8333,1,1,1,1,1,,1
retractionwatch.com,,,,,,0.8333,,0.8333,0.8333,1,1,1,1,1,,1
sagepub.com,,,,,,0.8333,,0.8333,0.8333,,,,,,,1
scicentral.com,,,,,,0.8333,,0.8333,0.8333,1,1,1,1,1,,1
sciencedaily.com,,,,,,0.8333,,0.8333,0.8333,1,1,1,1,1,,1
sciencehistory.org,,,,,,0.8333,,0.8333,0.8333,1,1,1,1,1,,1
sciencemediacentre.org,,,,,,0.8333,,0.8333,0.8333,1,1,1,1,1,,1
sciencetrends.com,,,,,,0.8333,,0.8333,0.8333,1,1,1,1,1,,1
sciencealert.com,,,,,,0.8333,,0.8333,0.8333,1,1,1,1,1,,1
scientificamerican.com,,,,,,0.8333,,0.8333,0.8333,1,1,1,1,1,,1
seeker.com,,,,,,0.8333,,0.8333,0.8333,1,1,1,1,1,,1
singularityhub.com,,,,,,0.8333,,0.8333,0.8333,1,1,1,1,1,,1
skeptic.com,,,,,,0.8333,,0.8333,0.8333,1,1,1,1,1,,1
space.com,,,,,,0.8333,,0.8333,0.8333,1,1,1,1,1,,1
techxplore.com,,,,,,0.8333,,0.8333,0.8333,1,1,1,1,1,,1
blogspot.com,,,,,,0.8333,,0.8333,0.8333,,,,,,,1
universetoday.com,,,,,,0.8333,,0.8333,0.8333,1,1,1,1,1,,1
energy.gov,,,,,,0.8333,,0.8333,0.8333,,,,,,,1
vaxopedia.org,,,,,,0.8333,,0.8333,0.8333,1,1,1,1,1,,1
verywellfamily.com,,,,,,0.8333,,0.8333,0.8333,1,1,1,1,1,,1
verywell.com,,,,,,0.8333,,0.8333,0.8333,1,1,1,1,1,,1
webmd.com,,,,,,0.8333,,0.8333,0.8333,1,1,1,1,1,,1
who.int,,,,,,0.8333,,0.8333,0.8333,1,1,1,1,1,,1
airspacemag.com,,,,,,1,,1,1,1,1,1,1,1,,1
aaas.org,,,,,,1,,1,1,1,1,1,1,1,,1
ajaonline.org,,,,,,1,,1,1,1,1,1,1,1,,1
aphapublications.org,,,,,,1,,1,1,,,,,,,1
aps.org,,,,,,1,,1,1,1,1,1,1,1,,1
apa.org,,,,,,1,,1,1,1,1,1,1,1,,1
biomedcentral.com,,,,,,1,,1,1,1,1,1,1,1,,1
bio.org,,,,,,1,,1,1,1,1,1,1,1,,1
cdc.gov,,,,,,1,,1,1,1,1,1,1,1,,1
climateactiontracker.org,,,,,,1,,1,1,1,1,1,1,1,,1
climatefeedback.org,,,,,,1,,1,1,1,1,1,1,1,,1
cochrane.org,,,,,,1,,1,1,1,1,1,1,1,,1
edge.org,,,,,,1,,1,1,1,1,1,1,1,,1
eurekalert.org,,,,,,1,,1,1,1,1,1,1,1,,1
examine.com,,,,,,1,,1,1,1,1,1,1,1,,1
healthaffairs.org,,,,,,1,,1,1,1,1,1,1,1,,1
healthfeedback.org,,,,,,1,,1,1,1,1,1,1,1,,1
ieee.org,,,,,,1,,1,1,1,1,1,1,1,,1
iop.org,,,,,,1,,1,1,1,1,1,1,1,,1
hopkinsmedicine.org,,,,,,1,,1,1,1,1,1,1,1,,1
technologyreview.com,,,,,,1,,1,1,1,1,1,1,1,,1
nasa.gov,,,,,,1,,1,1,1,1,1,1,1,,1
nationalacademyofsciences.org,,,,,,1,,1,1,1,1,1,1,1,,1
noaa.gov,,,,,,1,,1,1,1,1,1,1,1,,1
nature.com,,,,,,1,,1,1,1,1,1,1,1,,1
nejm.org,,,,,,1,,1,1,1,1,1,1,1,,1
newscientist.com,,,,,,1,,1,1,1,1,1,1,1,,1
pnas.org,,,,,,1,,1,1,1,1,1,1,1,,1
sciencebasedmedicine.org,,,,,,1,,1,1,1,1,1,1,1,,1
sciencefeedback.co,,,,,,1,,1,1,1,1,1,1,1,,1
sciencemag.org,,,,,,1,,1,1,1,1,1,1,1,,1
sciencenews.org,,,,,,1,,1,1,1,1,1,1,1,,1
sciencedirect.com,,,,,,1,,1,1,1,1,1,1,1,,1
ucsd.edu,,,,,,1,,1,1,,,,,,,1
skepticalinquirer.org,,,,,,1,,1,1,1,1,1,1,1,,1
skepticalscience.com,,,,,,1,,1,1,1,1,1,1,1,,1
skyandtelescope.org,,,,,,1,,1,1,,,,,,,1
smithsonianmag.com,0.8912,0.8832,0.8832,0.8991,,1,,1,1,1,1,1,1,1,,1
bmj.com,,,,,,1,,1,1,1,1,1,1,1,,1
thelancet.com,,,,,,1,,1,1,1,1,1,1,1,,1
the-scientist.com,,,,,,1,,1,1,1,1,1,1,1,,1
skepdic.com,,,,,,1,,1,1,1,1,1,1,1,,1
censored.news,,,,,,0.4167,0.5,0.3333,0.3333,0,0,0,0,0,0.066,0
merica1st.com,,,,,,0.4167,0.5,0.3333,0.3333,0,0,0,0,0,0.066,0
israelnationalnews.com,,,,,,0.6667,0.8333,0.5,0.5,0.75,1,1,0.875,0.75,,1
franklinnews.org,,,,,,0.6667,0.8333,0.5,0.5,0.75,1,1,0.875,0.75,,1
gaystarnews.com,,,,,,0.5,0.5,0.5,0.5,0.75,1,1,0.875,0.75,,1
leftfootforward.org,,,,,,0.5833,0.6667,0.5,0.5,0.5,0.5,1,0.5,0.5,,1
merryjane.com,,,,,,0.5833,0.6667,0.5,0.5,0.5,0.5,1,0.5,0.5,,1
opednews.com,,,,,,0.5,0.5,0.5,0.5,0.5,0.5,1,0.5,0.5,,1
newspress.com,,,,,,0.5833,0.6667,0.5,0.5,,,,,,,1
scarymommy.com,,,,,,0.5833,0.6667,0.5,0.5,0.5,0.5,1,0.5,0.5,,1
smirkingchimp.com,,,,,,0.5833,0.6667,0.5,0.5,0.5,0.5,1,0.5,0.5,,1
stpete4peace.org,,,,,,0.5833,0.6667,0.5,0.5,0.5,0.5,1,0.5,0.5,,1
democratichub.com,,,,,,0.5,0.5,0.5,0.5,0.5,0.5,1,0.5,0.5,,1
thefloridasqueeze.com,,,,,,0.5833,0.6667,0.5,0.5,0.5,0.5,1,0.5,0.5,,1
themilitant.com,,,,,,0.5833,0.6667,0.5,0.5,0.5,0.5,1,0.5,0.5,,1
nation.com.pk,,,,,,0.6667,0.8333,0.5,0.5,0.25,0,0,0.125,0,,1
thenews.com.pk,,,,,,0.6667,0.8333,0.5,0.5,1,1,1,1,1,,1
whowhatwhy.org,,,,,,0.5833,0.6667,0.5,0.5,0,0,0,0,0,,1
workers.org,,,,,,0.5,0.5,0.5,0.5,0.5,0.5,1,0.5,0.5,,1
billmoyers.com,,,,,,0.6667,0.6667,0.6667,0.6667,0.5,0.5,1,0.5,0.5,,1
countercurrents.org,,,,,,0.6667,0.6667,0.6667,0.6667,0.25,0,0,0.125,0,,1
dailyrecord.co.uk,,,,,,0.6667,0.6667,0.6667,0.6667,0.5,0.5,1,0.5,0.5,,1
koreaherald.com,,,,,,0.75,0.8333,0.6667,0.6667,0.75,1,1,0.875,0.75,,1
liberationnews.org,,,,,,0.6667,0.6667,0.6667,0.6667,0.5,0.5,1,0.5,0.5,,1
popularresistance.org,,,,,,0.6667,0.6667,0.6667,0.6667,0.5,0.5,1,0.5,0.5,,1
sofrep.com,,,,,,0.75,0.8333,0.6667,0.6667,0.75,1,1,0.875,0.75,,1
studentnewsdaily.com,,,,,,0.75,0.8333,0.6667,0.6667,0.75,1,1,0.875,0.75,,1
climaterealityproject.org,,,,,,0.6667,0.6667,0.6667,0.6667,0.5,0.5,1,0.5,0.5,,1
watchers.news,,,,,,0.6667,,0.6667,0.6667,1,1,1,1,1,,1
valuewalk.com,,,,,,0.75,0.8333,0.6667,0.6667,0.75,1,1,0.875,0.75,,1
thecentersquare.com,,,,,,0.75,0.8333,0.6667,0.6667,,,,,,,1
au.org,,,,,,0.75,0.6667,0.8333,0.6667,0.5,0.5,1,0.5,0.5,,1
bitchmedia.org,,,,,,0.75,0.6667,0.8333,0.6667,0.5,0.5,1,0.5,0.5,,1
breakingdefense.com,,,,,,0.8333,0.8333,0.8333,0.8333,0.75,1,1,0.875,0.75,,1
thecjn.ca,,,,,,0.8333,0.8333,0.8333,0.8333,,,,,,,1
taxpayer.com,,,,,,0.8333,0.8333,0.8333,0.8333,0.75,1,1,0.875,0.75,,1
climatecentral.org,,,,,,0.8333,,0.8333,0.8333,1,1,1,1,1,,1
crimethinc.com,,,,,,0.75,0.6667,0.8333,0.6667,0.5,0.5,1,0.5,0.5,,1
desmogblog.com,,,,,,0.75,0.6667,0.8333,0.6667,0.5,0.5,1,0.5,0.5,,1
egbertowillies.com,,,,,,0.6667,0.5,0.8333,0.5,0.5,0.5,1,0.5,0.5,,1
euromaidanpress.com,,,,,,0.9167,1,0.8333,0.8333,0.75,1,1,0.875,0.75,,1
fifthestate.org,,,,,,0.75,0.6667,0.8333,0.6667,0.5,0.5,1,0.5,0.5,,1
fortnightlyreview.co.uk,,,,,,0.8333,0.8333,0.8333,0.8333,0.75,1,1,0.875,0.75,,1
freepress.net,,,,,,0.8333,0.8333,0.8333,0.8333,,,,,,,1
irena.org,,,,,,0.8333,,0.8333,0.8333,1,1,1,1,1,,1
mainebeacon.com,,,,,,0.75,0.6667,0.8333,0.6667,0.75,1,1,0.875,0.75,,1
miaminewtimes.com,,,,,,0.8333,0.8333,0.8333,0.8333,0.5,0.5,1,0.5,0.5,,1
msmagazine.com,,,,,,0.75,0.6667,0.8333,0.6667,0.5,0.5,1,0.5,0.5,,1
newatlas.com,,,,,,0.8333,,0.8333,0.8333,1,1,1,1,1,,1
newhumanist.org.uk,,,,,,0.8333,,0.8333,0.8333,1,1,1,1,1,,1
policyed.org,,,,,,0.8333,0.8333,0.8333,0.8333,0.75,1,1,0.875,0.75,,1
projectcensored.org,,,,,,0.75,0.6667,0.8333,0.6667,0.5,0.5,1,0.5,0.5,,1
psypost.org,,,,,,0.8333,,0.8333,0.8333,1,1,1,1,1,,1
rstreet.org,,,,,,0.8333,0.8333,0.8333,0.8333,0.75,1,1,0.875,0.75,,1
scienceillustrated.com.au,,,,,,0.8333,,0.8333,0.8333,1,1,1,1,1,,1
scienceblogs.com,,,,,,0.8333,,0.8333,0.8333,1,1,1,1,1,,1
tallahassee.com,,,,,,0.8333,0.8333,0.8333,0.8333,0.75,1,1,0.875,0.75,,1
thebaffler.com,,,,,,0.75,0.6667,0.8333,0.6667,0.75,1,1,0.875,0.75,,1
theburningspear.com,,,,,,0.75,0.6667,0.8333,0.6667,0.5,0.5,1,0.5,0.5,,1
thedailyvox.co.za,,,,,,0.75,0.6667,0.8333,0.6667,0.5,0.5,1,0.5,0.5,,1
jewishpress.com,,,,,,0.8333,0.8333,0.8333,0.8333,0.75,1,1,0.875,0.75,,1
pantagraph.com,,,,,,0.8333,0.8333,0.8333,0.8333,1,1,1,1,1,,1
thewest.com.au,,,,,,0.8333,0.8333,0.8333,0.8333,0.75,1,1,0.875,0.75,,1
wallstreetonparade.com,,,,,,0.8333,0.8333,0.8333,0.8333,0.25,0,0,0.125,0,,1
zmescience.com,,,,,,0.8333,,0.8333,0.8333,1,1,1,1,1,,1
aap.org,,,,,,1,,1,1,1,1,1,1,1,,1
agu.org,,,,,,1,,1,1,,,,,,,1
americanscientist.org,,,,,,1,,1,1,1,1,1,1,1,,1
adaa.org,,,,,,1,,1,1,1,1,1,1,1,,1
astronomy.com,,,,,,1,,1,1,1,1,1,1,1,,1
autisticadvocacy.org,,,,,,1,,1,1,1,1,1,1,1,,1
randi.org,,,,,,1,,1,1,,,,,,,1
medscape.com,,,,,,1,,1,1,1,1,1,1,1,,1
ispp.org,,,,,,1,,1,1,1,1,1,1,1,,1
quantamagazine.org,,,,,,1,,1,1,1,1,1,1,1,,1
realclimate.org,,,,,,1,,1,1,1,1,1,1,1,,1
skeptoid.com,,,,,,1,,1,1,1,1,1,1,1,,1
societyforscience.org,,,,,,1,,1,1,1,1,1,1,1,,1
aip.org,,,,,,1,,1,1,1,1,1,1,1,,1
wmo.int,,,,,,1,,1,1,,,,,,,1
fmobserver.com,,,,,,,,,,0,0.5,1,0.25,0,,1
dailydiscord.com,,,,,,,,,,0,0.5,1,0.25,0,,1
thehardtimes.net,,,,,,,,,,0,0.5,1,0.25,0,,1
the-postillon.com,,,,,,,,,,0,0,0,0,0,,1
theredshtick.com,,,,,,,,,,0,0.5,1,0.25,0,,1
thespoof.com,,,,,,,,,,0,0.5,1,0.25,0,,1
askingangels.com,,,,,,0.5,1,0,0,0,0,0,0,0,0,0
bestnewshere.com,,,,,,0.5,1,0,0,,,,,,0,0
wordpress.com,,,,,,0.5,1,0,0,,,,,,,1
space.news,,,,,,0.5,1,0,0,0,0,0,0,0,0.165,0
theexpose.uk,,,,,,0.5,1,0,0,,,,,,0.264,0
thefullertoninformer.com,,,,,,0.5,1,0,0,0,0,0,0,0,0,0
ajuanews.com,,,,,,0.3333,0.5,0.1667,0.1667,0,0,0,0,0,,1
americatalks.com,,,,,,0.3333,0.5,0.1667,0.1667,0,0,0,0,0,,1
americasnewssource.com,,,,,,0.3333,0.5,0.1667,0.1667,0,0,0,0,0,0,0
fashthenation.com,,,,,,0.3333,0.5,0.1667,0.1667,0,0,0,0,0,,1
newsner.com,,,,,,0.1667,,0.1667,0.1667,,,,,,,1
thepoliticalbrief.com,,,,,,0.3333,0.5,0.1667,0.1667,0,0,0,0,0,,1
uslibertywire.club,,,,,,0.3333,0.5,0.1667,0.1667,0,0,0,0,0,,1
fibrohealthnews.com,,,,,,0.3333,0.5,0.1667,0.1667,0,0,0,0,0,,1
3ccorp.net,,,,,,0.4167,0.5,0.3333,0.3333,0,0,0,0,0,,1
americansarepissed.com,,,,,,0.4167,0.5,0.3333,0.3333,0,0,0,0,0,,1
backroombuzz.com,,,,,,0.4167,0.5,0.3333,0.3333,0,0,0,0,0,,1
bestdailynews.info,,,,,,0.4167,0.5,0.3333,0.3333,0,0,0,0,0,,1
breakingnewshouse.com,,,,,,0.4167,0.5,0.3333,0.3333,0,0,0,0,0,,1
breakingnews247.net,,,,,,0.3333,,0.3333,0.3333,0,0,0,0,0,0,0
checkpointasia.net,,,,,,0.4167,0.5,0.3333,0.3333,0,0,0,0,0,,1
conservativetoday.org,,,,,,0.4167,0.5,0.3333,0.3333,0,0,0,0,0,,1
fbnewscycle.com,,,,,,0.4167,0.5,0.3333,0.3333,0,0,0,0,0,,1
freedomproject.com,,,,,,0.4167,0.5,0.3333,0.3333,0,0,0,0,0,0.1848,0
hereistheevidence.com,,,,,,0.4167,0.5,0.3333,0.3333,0,0,0,0,0,0.165,0
patriotreport.com,,,,,,0.4167,0.5,0.3333,0.3333,0,0,0,0,0,,1
realconservativesunite.com,,,,,,0.4167,0.5,0.3333,0.3333,0,0,0,0,0,0,0
reedcooper.net,,,,,,0.4167,0.5,0.3333,0.3333,0,0,0,0,0,,1
thelapost.com,,,,,,0.4167,0.5,0.3333,0.3333,0,0,0,0,0,,1
nationalistreview.net,,,,,,0.4167,0.5,0.3333,0.3333,0,0,0,0,0,,1
thepolitics.online,,,,,,0.4167,0.5,0.3333,0.3333,0,0,0,0,0,0.066,0
thedonald.win,,,,,,0.4167,0.5,0.3333,0.3333,0,0,0,0,0,,1
chicagodaily.pro,,,,,,0.4167,0.5,0.3333,0.3333,0,0,0,0,0,,1
toptopic.club,,,,,,0.4167,0.5,0.3333,0.3333,0,0,0,0,0,,1
thewashingtonpundit.com,,,,,,0.4167,0.5,0.3333,0.3333,0,0,0,0,0,,1
adareporter.com,,,,,,0.5833,0.6667,0.5,0.5,,,,,,0.099,0
adamscountytimes.com,,,,,,0.5833,0.6667,0.5,0.5,0,0,0,0,0,0.099,0
almanar.com.lb,,,,,,0.5833,0.6667,0.5,0.5,,,,,,,1
albanystandard.com,,,,,,0.5833,0.6667,0.5,0.5,0,0,0,0,0,0.099,0
americadaily.com,,,,,,0.5,0.5,0.5,0.5,0,0,0,0,0,,1
americanactionnews.com,,,,,,0.5,0.5,0.5,0.5,0,0,0,0,0,0.198,0
americanconservativemedia.com,,,,,,0.5,0.5,0.5,0.5,0,0,0,0,0,,1
andersonreporter.com,,,,,,0.5833,0.6667,0.5,0.5,,,,,,0.099,0
anewspost.com,,,,,,0.5833,0.6667,0.5,0.5,0,0,0,0,0,0.165,0
antelopevalleytoday.com,,,,,,0.5833,0.6667,0.5,0.5,0,0,0,0,0,0.099,0
athensreporter.com,,,,,,0.5833,0.6667,0.5,0.5,0,0,0,0,0,0.099,0
atlstandard.com,,,,,,0.5833,0.6667,0.5,0.5,0,0,0,0,0,0.099,0
auburntimes.com,,,,,,0.5833,0.6667,0.5,0.5,0,0,0,0,0,0.099,0
aynrand.org,,,,,,0.6667,0.8333,0.5,0.5,,,,,,,1
baldwintimes.com,,,,,,0.5833,0.6667,0.5,0.5,0,0,0,0,0,0.099,0
basnews.com,,,,,,0.5833,0.6667,0.5,0.5,0,0,0,0,0,0.165,0
bentontimes.com,,,,,,0.5833,0.6667,0.5,0.5,0,0,0,0,0,0.099,0
bigislandtimes.com,,,,,,0.5833,0.6667,0.5,0.5,,,,,,0.099,0
blacknews.com,,,,,,0.5,0.5,0.5,0.5,0,0,0,0,0,0.165,0
bloomingtonleader.com,,,,,,0.5833,0.6667,0.5,0.5,,,,,,0.099,0
boisecitywire.com,,,,,,0.5833,0.6667,0.5,0.5,,,,,,0.099,0
bossip.com,,,,,,0.5,0.5,0.5,0.5,0,0,0,0,0,0.198,0
breakingwide.com,,,,,,0.5,0.5,0.5,0.5,0,0,0,0,0,0.165,0
brevardsun.com,,,,,,0.5833,0.6667,0.5,0.5,0,0,0,0,0,0.099,0
bridgeporttimes.com,,,,,,0.5833,0.6667,0.5,0.5,0,0,0,0,0,0.099,0
caixinglobal.com,,,,,,0.6667,0.8333,0.5,0.5,0,0,0,0,0,0.165,0
caldronpool.com,,,,,,0.5,0.5,0.5,0.5,0,0,0,0,0,0.165,0
carbondalereporter.com,,,,,,0.5833,0.6667,0.5,0.5,,,,,,0.099,0
cdareporter.com,,,,,,0.5833,0.6667,0.5,0.5,,,,,,0.1049,0
centennialstatenews.com,,,,,,0.5833,0.6667,0.5,0.5,0,0,0,0,0,0.1049,0
centralbrowardnews.com,,,,,,0.5833,0.6667,0.5,0.5,0,0,0,0,0,0.1049,0
centralcoloradonews.com,,,,,,0.5833,0.6667,0.5,0.5,0,0,0,0,0,0.1049,0
centralgeorgianews.com,,,,,,0.5833,0.6667,0.5,0.5,0,0,0,0,0,0.1049,0
centralidahotimes.com,,,,,,0.5833,0.6667,0.5,0.5,,,,,,0.1049,0
centraloctimes.com,,,,,,0.5833,0.6667,0.5,0.5,0,0,0,0,0,0.1049,0
chambanasun.com,,,,,,0.5833,0.6667,0.5,0.5,,,,,,0.1049,0
chicagocitywire.com,,,,,,0.5833,0.6667,0.5,0.5,,,,,,0.1049,0
chicotimes.com,,,,,,0.5833,0.6667,0.5,0.5,0,0,0,0,0,0.1049,0
legitgov.org,,,,,,0.5833,0.6667,0.5,0.5,0,0,0,0,0,0.165,0
claycotimes.com,,,,,,0.5833,0.6667,0.5,0.5,0,0,0,0,0,0.1049,0
coachellatoday.com,,,,,,0.5833,0.6667,0.5,0.5,0,0,0,0,0,0.1049,0
coastalganews.com,,,,,,0.5833,0.6667,0.5,0.5,0,0,0,0,0,0.1049,0
cobbreporter.com,,,,,,0.5833,0.6667,0.5,0.5,0,0,0,0,0,0.1049,0
coconinonews.com,,,,,,0.5833,0.6667,0.5,0.5,0,0,0,0,0,0.1049,0
columbusstandard.com,,,,,,0.5833,0.6667,0.5,0.5,,,,,,0.1049,0
conservativematrix.com,,,,,,0.5,0.5,0.5,0.5,0,0,0,0,0,0.165,0
constative.com,,,,,,0.5833,0.6667,0.5,0.5,,,,,,0.1688,0
constitutionstatenews.com,,,,,,0.5833,0.6667,0.5,0.5,0,0,0,0,0,0.1049,0
cair.com,,,,,,0.6667,0.8333,0.5,0.5,0,0,0,0,0,0.1815,0
dailypoliticalnewswire.com,,,,,,0.5,0.5,0.5,0.5,0,0,0,0,0,0.165,0
dcalert.com,,,,,,0.5,0.5,0.5,0.5,0,0,0,0,0,,1
decaturtimes.com,,,,,,0.5833,0.6667,0.5,0.5,0,0,0,0,0,0.1049,0
deepleftfield.info,,,,,,0.5,0.5,0.5,0.5,0,0,0,0,0,0.165,0
dekalbganews.com,,,,,,0.5833,0.6667,0.5,0.5,0,0,0,0,0,0.1049,0
dekalbtimes.com,,,,,,0.5833,0.6667,0.5,0.5,,,,,,0.1058,0
democrats.org,,,,,,0.5833,0.6667,0.5,0.5,0,0,0,0,0,0.1929,0
denvercitywire.com,,,,,,0.5833,0.6667,0.5,0.5,0,0,0,0,0,0.1049,0
disobedientmedia.com,,,,,,0.6667,0.8333,0.5,0.5,0,0,0,0,0,,1
dnyuz.com,,,,,,0.6667,0.8333,0.5,0.5,0,0,0,0,0,0.1914,0
dupagepolicyjournal.com,,,,,,0.5833,0.6667,0.5,0.5,,,,,,0.1058,0
duvaltimes.com,,,,,,0.5833,0.6667,0.5,0.5,0,0,0,0,0,0.1049,0
eastalamedanews.com,,,,,,0.5833,0.6667,0.5,0.5,0,0,0,0,0,0.1049,0
eastarapahoenews.com,,,,,,0.5833,0.6667,0.5,0.5,0,0,0,0,0,0.1049,0
eastarizonanews.com,,,,,,0.5833,0.6667,0.5,0.5,0,0,0,0,0,0.1049,0
ecalabamanews.com,,,,,,0.5833,0.6667,0.5,0.5,0,0,0,0,0,0.1049,0
eastcentralreporter.com,,,,,,0.5833,0.6667,0.5,0.5,,,,,,0.1058,0
eastcontracostanews.com,,,,,,0.5833,0.6667,0.5,0.5,0,0,0,0,0,0.1049,0
easthillsboroughnews.com,,,,,,0.5833,0.6667,0.5,0.5,0,0,0,0,0,0.1049,0
eastidahotimes.com,,,,,,0.5833,0.6667,0.5,0.5,,,,,,0.1049,0
eastindynews.com,,,,,,0.5833,0.6667,0.5,0.5,,,,,,0.1049,0
eastlittlerocktimes.com,,,,,,0.5833,0.6667,0.5,0.5,0,0,0,0,0,0.1049,0
eastpanhandlenews.com,,,,,,0.5833,0.6667,0.5,0.5,0,0,0,0,0,0.1049,0
eastsandiegonews.com,,,,,,0.5833,0.6667,0.5,0.5,0,0,0,0,0,0.1049,0
eastsbvtimes.com,,,,,,0.5833,0.6667,0.5,0.5,0,0,0,0,0,0.1049,0
eastsfvtoday.com,,,,,,0.5833,0.6667,0.5,0.5,0,0,0,0,0,0.1049,0
eastsierranews.com,,,,,,0.5833,0.6667,0.5,0.5,0,0,0,0,0,0.1049,0
eastventuranews.com,,,,,,0.5833,0.6667,0.5,0.5,0,0,0,0,0,0.1049,0
eastvolusianews.com,,,,,,0.5833,0.6667,0.5,0.5,0,0,0,0,0,0.1049,0
ecindiananews.com,,,,,,0.5833,0.6667,0.5,0.5,,,,,,0.1049,0
emeraldcoasttimes.com,,,,,,0.5833,0.6667,0.5,0.5,0,0,0,0,0,0.1049,0
factsandlogic.org,,,,,,0.5,0.5,0.5,0.5,0.5,0.5,1,0.5,0.5,,1
fayettevillestandard.com,,,,,,0.5833,0.6667,0.5,0.5,0,0,0,0,0,0.1049,0
femalista.com,,,,,,0.5,0.5,0.5,0.5,0,0,0,0,0,,1
firststatetimes.com,,,,,,0.5833,0.6667,0.5,0.5,0,0,0,0,0,0.1061,0
flagandcross.com,,,,,,0.5,0.5,0.5,0.5,0,0,0,0,0,0.165,0
fortsmithtimes.com,,,,,,0.5833,0.6667,0.5,0.5,0,0,0,0,0,0.1049,0
fresnoleader.com,,,,,,0.5833,0.6667,0.5,0.5,0,0,0,0,0,0.1061,0
ftwaynetimes.com,,,,,,0.5833,0.6667,0.5,0.5,,,,,,0.1061,0
gadsdentoday.com,,,,,,0.5833,0.6667,0.5,0.5,0,0,0,0,0,0.1049,0
galesburgreporter.com,,,,,,0.5833,0.6667,0.5,0.5,,,,,,0.1049,0
gemstatewire.com,,,,,,0.5833,0.6667,0.5,0.5,,,,,,0.1061,0
genzconservative.com,,,,,,0.5,0.5,0.5,0.5,0,0,0,0,0,0.165,0
georgiamountainnews.com,,,,,,0.5833,0.6667,0.5,0.5,0,0,0,0,0,0.168,0
goldcountrytoday.com,,,,,,0.5833,0.6667,0.5,0.5,0,0,0,0,0,0.1061,0
goldenstatetoday.com,,,,,,0.5833,0.6667,0.5,0.5,0,0,0,0,0,0.099,0
gop.gov,,,,,,0.5,0.5,0.5,0.5,0,0,0,0,0,0.1815,0
grandcanyontimes.com,,,,,,0.5833,0.6667,0.5,0.5,0,0,0,0,0,0.1061,0
grandjunctiontimes.com,,,,,,0.5833,0.6667,0.5,0.5,0,0,0,0,0,0.099,0
grundyreporter.com,,,,,,0.5833,0.6667,0.5,0.5,,,,,,0.099,0
grunge.com,,,,,,0.5,,0.5,0.5,0,0,0,0,0,0.165,0
gucmakale.com,,,,,,0.5,0.5,0.5,0.5,0,0,0,0,0,,1
hartfordreporter.com,,,,,,0.5833,0.6667,0.5,0.5,0,0,0,0,0,0.099,0
headtopics.com,,,,,,0.6667,0.8333,0.5,0.5,0,0,0,0,0,0.198,0
hernandoreporter.com,,,,,,0.5833,0.6667,0.5,0.5,0,0,0,0,0,0.099,0
honolulureporter.com,,,,,,0.5833,0.6667,0.5,0.5,,,,,,0.099,0
hoodsite.com,,,,,,0.5,,0.5,0.5,0,0,0,0,0,,1
hoosierstatetoday.com,,,,,,0.5833,0.6667,0.5,0.5,,,,,,0.099,0
hotspringstimes.com,,,,,,0.5833,0.6667,0.5,0.5,0,0,0,0,0,0.099,0
housatonicvalleynews.com,,,,,,0.5833,0.6667,0.5,0.5,0,0,0,0,0,0.099,0
huntsvilleleader.com,,,,,,0.5833,0.6667,0.5,0.5,0,0,0,0,0,0.099,0
iharare.com,,,,,,0.5,0.5,0.5,0.5,0,0,0,0,0,0.165,0
illegalaliencrimereport.com,,,,,,0.5,0.5,0.5,0.5,0,0,0,0,0,0.165,0
illinoisvalleytimes.com,,,,,,0.5833,0.6667,0.5,0.5,,,,,,0.099,0
imperialcanews.com,,,,,,0.5833,0.6667,0.5,0.5,0,0,0,0,0,0.099,0
indystandard.com,,,,,,0.5833,0.6667,0.5,0.5,,,,,,0.099,0
innerstrength.zone,,,,,,0.5,,0.5,0.5,0,0,0,0,0,,1
interioralaskanews.com,,,,,,0.5833,0.6667,0.5,0.5,0,0,0,0,0,0.099,0
jeffersonreporter.com,,,,,,0.5833,0.6667,0.5,0.5,0,0,0,0,0,0.099,0
jonesborotimes.com,,,,,,0.5833,0.6667,0.5,0.5,0,0,0,0,0,0.099,0
kanecountyreporter.com,,,,,,0.5833,0.6667,0.5,0.5,,,,,,0.099,0
kankakeetimes.com,,,,,,0.5833,0.6667,0.5,0.5,,,,,,0.099,0
kauaisun.com,,,,,,0.5833,0.6667,0.5,0.5,,,,,,0.099,0
kendallcountytimes.com,,,,,,0.5833,0.6667,0.5,0.5,,,,,,0.099,0
kentcountytoday.com,,,,,,0.5833,0.6667,0.5,0.5,0,0,0,0,0,0.099,0
kentuckianatimes.com,,,,,,0.5833,0.6667,0.5,0.5,,,,,,0.099,0
kerncountytimes.com,,,,,,0.5833,0.6667,0.5,0.5,0,0,0,0,0,0.099,0
keywestreporter.com,,,,,,0.5833,0.6667,0.5,0.5,0,0,0,0,0,0.099,0
kingscountytimes.com,,,,,,0.5833,0.6667,0.5,0.5,0,0,0,0,0,0.099,0
kokomostandard.com,,,,,,0.5833,0.6667,0.5,0.5,,,,,,0.099,0
laharbornews.com,,,,,,0.5833,0.6667,0.5,0.5,0,0,0,0,0,0.099,0
lafayettetimes.com,,,,,,0.5833,0.6667,0.5,0.5,,,,,,0.099,0
lakecountygazette.com,,,,,,0.5833,0.6667,0.5,0.5,,,,,,0.099,0
laketahoesun.com,,,,,,0.5833,0.6667,0.5,0.5,0,0,0,0,0,0.099,0
larimernews.com,,,,,,0.5833,0.6667,0.5,0.5,0,0,0,0,0,0.099,0
lastfrontiernews.com,,,,,,0.5833,0.6667,0.5,0.5,0,0,0,0,0,0.099,0
laxleader.com,,,,,,0.5833,0.6667,0.5,0.5,0,0,0,0,0,0.099,0
litchfieldhillstoday.com,,,,,,0.5833,0.6667,0.5,0.5,0,0,0,0,0,0.099,0
lowedeltanews.com,,,,,,0.5833,0.6667,0.5,0.5,0,0,0,0,0,0.099,0
lucianne.com,,,,,,0.5,0.5,0.5,0.5,0,0,0,0,0,0.1815,0
maconreporter.com,,,,,,0.5833,0.6667,0.5,0.5,,,,,,0.165,0
macontimes.com,,,,,,0.5833,0.6667,0.5,0.5,0,0,0,0,0,0.099,0
magadailyreport.com,,,,,,0.5,0.5,0.5,0.5,0,0,0,0,0,,1
magicvalleytimes.com,,,,,,0.5833,0.6667,0.5,0.5,,,,,,0.099,0
manateereview.com,,,,,,0.5833,0.6667,0.5,0.5,0,0,0,0,0,0.099,0
marinleader.com,,,,,,0.5833,0.6667,0.5,0.5,0,0,0,0,0,0.099,0
matsutimes.com,,,,,,0.5833,0.6667,0.5,0.5,0,0,0,0,0,0.099,0
mauireporter.com,,,,,,0.5833,0.6667,0.5,0.5,,,,,,0.099,0
mchenrytimes.com,,,,,,0.5833,0.6667,0.5,0.5,,,,,,0.099,0
mcleancountytimes.com,,,,,,0.5833,0.6667,0.5,0.5,,,,,,0.099,0
mrc.org,,,,,,0.5,0.5,0.5,0.5,0.5,0.5,1,0.5,0.5,,1
mercedtimes.com,,,,,,0.5833,0.6667,0.5,0.5,0,0,0,0,0,0.099,0
metricmedianews.com,,,,,,0.5833,0.6667,0.5,0.5,0,0,0,0,0,0.099,0
metroeastsun.com,,,,,,0.5833,0.6667,0.5,0.5,,,,,,0.099,0
miamicourant.com,,,,,,0.5833,0.6667,0.5,0.5,0,0,0,0,0,0.099,0
middleamericandemocrat.com,,,,,,0.5,0.5,0.5,0.5,0,0,0,0,0,,1
mobilecourant.com,,,,,,0.5833,0.6667,0.5,0.5,0,0,0,0,0,0.099,0
mohavetoday.com,,,,,,0.5833,0.6667,0.5,0.5,0,0,0,0,0,0.099,0
montereytimes.com,,,,,,0.5833,0.6667,0.5,0.5,0,0,0,0,0,0.099,0
msmlies.com,,,,,,0.5833,0.6667,0.5,0.5,0,0,0,0,0,0.165,0
munciereporter.com,,,,,,0.5833,0.6667,0.5,0.5,,,,,,0.099,0
naplesstandard.com,,,,,,0.5833,0.6667,0.5,0.5,0,0,0,0,0,0.099,0
nfrw.org,,,,,,0.5,0.5,0.5,0.5,0.5,0.5,1,0.5,0.5,,1
naturalstatenews.com,,,,,,0.5833,0.6667,0.5,0.5,0,0,0,0,0,0.1061,0
naturecoasttimes.com,,,,,,0.5833,0.6667,0.5,0.5,0,0,0,0,0,0.099,0
naugatucktimes.com,,,,,,0.5833,0.6667,0.5,0.5,0,0,0,0,0,0.1061,0
ncfloridanews.com,,,,,,0.5833,0.6667,0.5,0.5,0,0,0,0,0,0.1061,0
ncgeorgianews.com,,,,,,0.5833,0.6667,0.5,0.5,0,0,0,0,0,0.1061,0
ncindiananews.com,,,,,,0.5833,0.6667,0.5,0.5,,,,,,0.165,0
nealabamanews.com,,,,,,0.5833,0.6667,0.5,0.5,0,0,0,0,0,0.1049,0
neatlantanews.com,,,,,,0.5833,0.6667,0.5,0.5,0,0,0,0,0,0.1061,0
necalinews.com,,,,,,0.5833,0.6667,0.5,0.5,0,0,0,0,0,0.1061,0
necoloradonews.com,,,,,,0.5833,0.6667,0.5,0.5,0,0,0,0,0,0.1061,0
neconnnews.com,,,,,,0.5833,0.6667,0.5,0.5,0,0,0,0,0,0.1061,0
nefloridanews.com,,,,,,0.5833,0.6667,0.5,0.5,0,0,0,0,0,0.1061,0
neindiananews.com,,,,,,0.5833,0.6667,0.5,0.5,,,,,,0.1061,0
nesacramentonews.com,,,,,,0.5833,0.6667,0.5,0.5,0,0,0,0,0,0.1061,0
nevalleytimes.com,,,,,,0.5833,0.6667,0.5,0.5,0,0,0,0,0,0.1061,0
news18.com,,,,,,0.5833,0.6667,0.5,0.5,0,0,0,0,0,0.1676,0
nextavenue.org,,,,,,0.75,1,0.5,0.5,1,1,1,1,1,,1
nordicmonitor.com,,,,,,0.6667,0.8333,0.5,0.5,0,0,0,0,0,0.165,0
northalaskanews.com,,,,,,0.5833,0.6667,0.5,0.5,0,0,0,0,0,0.1061,0
northbirminghamtimes.com,,,,,,0.5833,0.6667,0.5,0.5,0,0,0,0,0,0.1049,0
northbrowardnews.com,,,,,,0.5833,0.6667,0.5,0.5,0,0,0,0,0,0.1061,0
ncarkansasnews.com,,,,,,0.5833,0.6667,0.5,0.5,0,0,0,0,0,0.099,0
northcoastcanews.com,,,,,,0.5833,0.6667,0.5,0.5,0,0,0,0,0,0.1061,0
northcooknews.com,,,,,,0.5833,0.6667,0.5,0.5,,,,,,0.1058,0
northegyptnews.com,,,,,,0.5833,0.6667,0.5,0.5,,,,,,0.1049,0
northfultontoday.com,,,,,,0.5833,0.6667,0.5,0.5,,,,,,0.1061,0
northgwinnettnews.com,,,,,,0.5833,0.6667,0.5,0.5,,,,,,0.1061,0
northidahotimes.com,,,,,,0.5833,0.6667,0.5,0.5,,,,,,0.1061,0
northindynews.com,,,,,,0.5833,0.6667,0.5,0.5,,,,,,0.1061,0
northinlandnews.com,,,,,,0.5833,0.6667,0.5,0.5,0,0,0,0,0,0.1061,0
northjeffconews.com,,,,,,0.5833,0.6667,0.5,0.5,0,0,0,0,0,0.1061,0
northlaketimes.com,,,,,,0.5833,0.6667,0.5,0.5,0,0,0,0,0,0.1061,0
northlittlerocktimes.com,,,,,,0.5833,0.6667,0.5,0.5,0,0,0,0,0,0.1061,0
northmianews.com,,,,,,0.5833,0.6667,0.5,0.5,0,0,0,0,0,0.1061,0
northnewcastlenews.com,,,,,,0.5833,0.6667,0.5,0.5,0,0,0,0,0,0.1061,0
northoctimes.com,,,,,,0.5833,0.6667,0.5,0.5,0,0,0,0,0,0.1061,0
northpanhandlenews.com,,,,,,0.5833,0.6667,0.5,0.5,0,0,0,0,0,0.1061,0
northpimanews.com,,,,,,0.5833,0.6667,0.5,0.5,0,0,0,0,0,0.1061,0
northsactoday.com,,,,,,0.5833,0.6667,0.5,0.5,0,0,0,0,0,0.1049,0
northsfvtoday.com,,,,,,0.5833,0.6667,0.5,0.5,0,0,0,0,0,0.1061,0
northsgvnews.com,,,,,,0.5833,0.6667,0.5,0.5,0,0,0,0,0,0.1061,0
nwalabamanews.com,,,,,,0.5833,0.6667,0.5,0.5,0,0,0,0,0,0,0
nwarkansasnews.com,,,,,,0.5833,0.6667,0.5,0.5,0,0,0,0,0,0.1061,0
nwatlantanews.com,,,,,,0.5833,0.6667,0.5,0.5,,,,,,0.1061,0
nwconnnews.com,,,,,,0.5833,0.6667,0.5,0.5,0,0,0,0,0,0.1061,0
nwgeorgianews.com,,,,,,0.5833,0.6667,0.5,0.5,,,,,,0.1061,0
nwillinoisnews.com,,,,,,0.5833,0.6667,0.5,0.5,,,,,,0.1058,0
nwlatimes.com,,,,,,0.5833,0.6667,0.5,0.5,0,0,0,0,0,0.1061,0
nwriversidenews.com,,,,,,0.5833,0.6667,0.5,0.5,0,0,0,0,0,0.1061,0
nwvalleytimes.com,,,,,,0.5833,0.6667,0.5,0.5,0,0,0,0,0,0.1061,0
oaklandcitywire.com,,,,,,0.5833,0.6667,0.5,0.5,0,0,0,0,0,0.165,0
objectivist.co,,,,,,0.5,0.5,0.5,0.5,0,0,0,0,0,0.165,0
ocalastandard.com,,,,,,0.5833,0.6667,0.5,0.5,0,0,0,0,0,0.1061,0
okeechobeetimes.com,,,,,,0.5833,0.6667,0.5,0.5,0,0,0,0,0,0,0
orlandostandard.com,,,,,,0.5833,0.6667,0.5,0.5,0,0,0,0,0,0.1061,0
palmcoasttimes.com,,,,,,0.5833,0.6667,0.5,0.5,0,0,0,0,0,0.1061,0
panamacityreporter.com,,,,,,0.5833,0.6667,0.5,0.5,0,0,0,0,0,0.1061,0
patriotjournal.org,,,,,,0.5,0.5,0.5,0.5,0,0,0,0,0,0.165,0
peacedata.net,,,,,,0.5,,0.5,0.5,0,0,0,0,0,,1
peachtreetimes.com,,,,,,0.5833,0.6667,0.5,0.5,,,,,,,1
pensacolatimes.com,,,,,,0.5833,0.6667,0.5,0.5,0,0,0,0,0,0.1061,0
peoriastandard.com,,,,,,0.5833,0.6667,0.5,0.5,,,,,,0.1058,0
perezhilton.com,,,,,,0.5,0.5,0.5,0.5,0,0,0,0,0,0.1911,0
phxreporter.com,,,,,,0.5833,0.6667,0.5,0.5,0,0,0,0,0,0.1061,0
pinaltoday.com,,,,,,0.5833,0.6667,0.5,0.5,0,0,0,0,0,0.1061,0
pinellastimes.com,,,,,,0.5833,0.6667,0.5,0.5,0,0,0,0,0,0.1061,0
pocatellotimes.com,,,,,,0.5833,0.6667,0.5,0.5,,,,,,0.1061,0
polktimes.com,,,,,,0.5833,0.6667,0.5,0.5,0,0,0,0,0,0.1061,0
pomonavalleynews.com,,,,,,0.5833,0.6667,0.5,0.5,0,0,0,0,0,0.1061,0
prairiestatewire.com,,,,,,0.5833,0.6667,0.5,0.5,,,,,,0.1058,0
presscorp.org,,,,,,0.5,0.5,0.5,0.5,0,0,0,0,0,0.165,0
protothema.gr,,,,,,0.5833,0.6667,0.5,0.5,,,,,,0.1937,0
pulaskitimes.com,,,,,,0.5833,0.6667,0.5,0.5,0,0,0,0,0,0.1061,0
quincyreporter.com,,,,,,0.5833,0.6667,0.5,0.5,,,,,,0,0
radiotelevisionmarti.com,,,,,,0.6667,0.8333,0.5,0.5,,,,,,,1
rawconservativeopinions.com,,,,,,0.5,0.5,0.5,0.5,0,0,0,0,0,0.165,0
redbluedivide.com,,,,,,0.5,0.5,0.5,0.5,0,0,0,0,0,,1
reddingtoday.com,,,,,,0.5833,0.6667,0.5,0.5,0,0,0,0,0,0.1061,0
redorbit.com,,,,,,0.5,,0.5,0.5,0,0,0,0,0,0.1901,0
redwoodempirenews.com,,,,,,0.5833,0.6667,0.5,0.5,0,0,0,0,0,0.1061,0
revolver.news,,,,,,0.5,0.5,0.5,0.5,0,0,0,0,0,0.1914,0
riverregiontimes.com,,,,,,0.5833,0.6667,0.5,0.5,0,0,0,0,0,0.1049,0
rockislandtoday.com,,,,,,0.5833,0.6667,0.5,0.5,,,,,,0.1049,0
rockfordsun.com,,,,,,0.5833,0.6667,0.5,0.5,,,,,,0.1049,0
romereporter.com,,,,,,0.5833,0.6667,0.5,0.5,,,,,,0.1058,0
ruptly.tv,,,,,,0.6667,0.8333,0.5,0.5,0,0,0,0,0,0.166,0
sacramentostandard.com,,,,,,0.5833,0.6667,0.5,0.5,0,0,0,0,0,0.1061,0
salemnewswire.com,,,,,,0.5833,0.6667,0.5,0.5,,,,,,0.1049,0
sandiegocitywire.com,,,,,,0.5833,0.6667,0.5,0.5,0,0,0,0,0,0.165,0
sanfransun.com,,,,,,0.5833,0.6667,0.5,0.5,0,0,0,0,0,0.1061,0
sanjoaquintimes.com,,,,,,0.5833,0.6667,0.5,0.5,0,0,0,0,0,0.1061,0
sanjosestandard.com,,,,,,0.5833,0.6667,0.5,0.5,0,0,0,0,0,0.1061,0
sanmateosun.com,,,,,,0.5833,0.6667,0.5,0.5,0,0,0,0,0,0.1061,0
sangamonsun.com,,,,,,0.5833,0.6667,0.5,0.5,,,,,,0.1049,0
santaclaratoday.com,,,,,,0.5833,0.6667,0.5,0.5,0,0,0,0,0,0.1061,0
santacruzstandard.com,,,,,,0.5833,0.6667,0.5,0.5,0,0,0,0,0,0.1061,0
sarasotareview.com,,,,,,0.5833,0.6667,0.5,0.5,0,0,0,0,0,0.1061,0
savannahstandard.com,,,,,,0.5833,0.6667,0.5,0.5,,,,,,,1
scalaskanews.com,,,,,,0.5833,0.6667,0.5,0.5,0,0,0,0,0,0.1061,0
sealaskanews.com,,,,,,0.5833,0.6667,0.5,0.5,0,0,0,0,0,0.1061,0
searizonanews.com,,,,,,0.5833,0.6667,0.5,0.5,0,0,0,0,0,0.1061,0
seatlantanews.com,,,,,,0.5833,0.6667,0.5,0.5,,,,,,0.1061,0
secoloradonews.com,,,,,,0.5833,0.6667,0.5,0.5,0,0,0,0,0,0.1061,0
seconnnews.com,,,,,,0.5833,0.6667,0.5,0.5,0,0,0,0,0,0.1061,0
sedenvernews.com,,,,,,0.5833,0.6667,0.5,0.5,0,0,0,0,0,0.1058,0
segeorgianews.com,,,,,,0.5833,0.6667,0.5,0.5,,,,,,,1
seillinoisnews.com,,,,,,0.5833,0.6667,0.5,0.5,,,,,,0.1049,0
seindiananews.com,,,,,,0.5833,0.6667,0.5,0.5,,,,,,0.1061,0
selatimes.com,,,,,,0.5833,0.6667,0.5,0.5,0,0,0,0,0,0.1061,0
sfvtoday.com,,,,,,0.5833,0.6667,0.5,0.5,0,0,0,0,0,0.1061,0
sgvstandard.com,,,,,,0.5833,0.6667,0.5,0.5,0,0,0,0,0,0.1061,0
shoalstoday.com,,,,,,0.5833,0.6667,0.5,0.5,0,0,0,0,0,0.1049,0
sloreporter.com,,,,,,0.5833,0.6667,0.5,0.5,0,0,0,0,0,0.1061,0
sohu.com,,,,,,0.6667,0.8333,0.5,0.5,0,0,0,0,0,0.1873,0
solanosun.com,,,,,,0.5833,0.6667,0.5,0.5,0,0,0,0,0,0.1061,0
southalabamatimes.com,,,,,,0.5833,0.6667,0.5,0.5,0,0,0,0,0,0.1061,0
southalamedanews.com,,,,,,0.5833,0.6667,0.5,0.5,0,0,0,0,0,0.1061,0
southatlantanews.com,,,,,,0.5833,0.6667,0.5,0.5,,,,,,0.1061,0
southbayleader.com,,,,,,0.5833,0.6667,0.5,0.5,0,0,0,0,0,0.1061,0
southbaysdnews.com,,,,,,0.5833,0.6667,0.5,0.5,0,0,0,0,0,0.1061,0
southbendtimes.com,,,,,,0.5833,0.6667,0.5,0.5,,,,,,0.1061,0
southbirminghamtimes.com,,,,,,0.5833,0.6667,0.5,0.5,0,0,0,0,0,0.1061,0
southbrowardnews.com,,,,,,0.5833,0.6667,0.5,0.5,0,0,0,0,0,0.1058,0
southcentralreporter.com,,,,,,0.5833,0.6667,0.5,0.5,,,,,,0.1049,0
southcooknews.com,,,,,,0.5833,0.6667,0.5,0.5,,,,,,0.1049,0
southfultontoday.com,,,,,,0.5833,0.6667,0.5,0.5,,,,,,0.1061,0
southgeorgiatimes.com,,,,,,0.5833,0.6667,0.5,0.5,,,,,,0.1061,0
southgwinnettnews.com,,,,,,0.5833,0.6667,0.5,0.5,,,,,,0.1061,0
southindynews.com,,,,,,0.5833,0.6667,0.5,0.5,,,,,,0.1061,0
southjeffconews.com,,,,,,0.5833,0.6667,0.5,0.5,0,0,0,0,0,0.1061,0
southmianews.com,,,,,,0.5833,0.6667,0.5,0.5,0,0,0,0,0,0.1061,0
southnewcastlenews.com,,,,,,0.5833,0.6667,0.5,0.5,0,0,0,0,0,0.1061,0
southoctimes.com,,,,,,0.5833,0.6667,0.5,0.5,0,0,0,0,0,0.1061,0
southorlandonews.com,,,,,,0.5833,0.6667,0.5,0.5,0,0,0,0,0,0.1061,0
southpalmbeachtoday.com,,,,,,0.5833,0.6667,0.5,0.5,0,0,0,0,0,0.1061,0
southpimanews.com,,,,,,0.5833,0.6667,0.5,0.5,0,0,0,0,0,0,0
southpinellastimes.com,,,,,,0.5833,0.6667,0.5,0.5,0,0,0,0,0,0.1061,0
southsactoday.com,,,,,,0.5833,0.6667,0.5,0.5,0,0,0,0,0,0.1049,0
southsfbaynews.com,,,,,,0.5833,0.6667,0.5,0.5,0,0,0,0,0,0.1061,0
southsfvtoday.com,,,,,,0.5833,0.6667,0.5,0.5,0,0,0,0,0,0.1061,0
southsgvnews.com,,,,,,0.5833,0.6667,0.5,0.5,0,0,0,0,0,0.1061,0
swillinoisnews.com,,,,,,0.5833,0.6667,0.5,0.5,,,,,,0.1049,0
silnews.com,,,,,,0.5833,0.6667,0.5,0.5,,,,,,0.1049,0
southernindianatoday.com,,,,,,0.5833,0.6667,0.5,0.5,,,,,,0.1061,0
springstimes.com,,,,,,0.5833,0.6667,0.5,0.5,0,0,0,0,0,0.1061,0
stpetestandard.com,,,,,,0.5833,0.6667,0.5,0.5,0,0,0,0,0,0.1061,0
stanislausnews.com,,,,,,0.5833,0.6667,0.5,0.5,0,0,0,0,0,0.1061,0
stoppingsocialism.com,,,,,,0.5,0.5,0.5,0.5,0,0,0,0,0,0.165,0
stfnreport.com,,,,,,0.5,0.5,0.5,0.5,0,0,0,0,0,,1
sundaysportonline.co.uk,,,,,,0.5,,0.5,0.5,0,0.5,1,0.25,0,,1
sunshinesentinel.com,,,,,,0.5833,0.6667,0.5,0.5,0,0,0,0,0,0.1061,0
sussexreview.com,,,,,,0.5833,0.6667,0.5,0.5,0,0,0,0,0,0.1061,0
swalaskanews.com,,,,,,0.5833,0.6667,0.5,0.5,0,0,0,0,0,0.1061,0
swarizonanews.com,,,,,,0.5833,0.6667,0.5,0.5,0,0,0,0,0,0.1061,0
swarkansastimes.com,,,,,,0.5833,0.6667,0.5,0.5,0,0,0,0,0,0.1061,0
swcoloradonews.com,,,,,,0.5833,0.6667,0.5,0.5,0,0,0,0,0,0.1061,0
swconnnews.com,,,,,,0.5833,0.6667,0.5,0.5,0,0,0,0,0,0.1061,0
swriversidenews.com,,,,,,0.5833,0.6667,0.5,0.5,0,0,0,0,0,0.099,0
swvalleytimes.com,,,,,,0.5833,0.6667,0.5,0.5,0,0,0,0,0,0.1061,0
tallahasseesun.com,,,,,,0.5833,0.6667,0.5,0.5,0,0,0,0,0,0.099,0
tamparepublic.com,,,,,,0.5833,0.6667,0.5,0.5,0,0,0,0,0,0.099,0
tbdailynews.com,,,,,,0.5,0.5,0.5,0.5,0,0,0,0,0,0.165,0
africanexponent.com,,,,,,0.5833,0.6667,0.5,0.5,0,0,0,0,0,0,0
thebeltwayreport.com,,,,,,0.5,0.5,0.5,0.5,0,0,0,0,0,0.165,0
thebl.com,,,,,,0.5,0.5,0.5,0.5,0,0,0,0,0,0.132,0
buffalochronicle.com,,,,,,0.5,0.5,0.5,0.5,0,0,0,0,0,0.165,0
theconservativebrief.com,,,,,,0.5,0.5,0.5,0.5,0,0,0,0,0,0.165,0
conservativebuzz.com,,,,,,0.5,0.5,0.5,0.5,0,0,0,0,0,,1
conservativepapers.com,,,,,,0.5,0.5,0.5,0.5,0,0,0,0,0,0.1546,0
thedesertreview.com,,,,,,0.5833,0.6667,0.5,0.5,,,,,,0.198,0
joerogan.com,,,,,,0.6667,0.8333,0.5,0.5,,,,,,0,0
thelibertydaily.com,,,,,,0.5,0.5,0.5,0.5,0,0,0,0,0,0.198,0
punchng.com,,,,,,0.6667,0.8333,0.5,0.5,,,,,,,1
thescinewsreporter.com,,,,,,0.5,,0.5,0.5,0,0,0,0,0,,1
sciencetimes.com,,,,,,0.6667,0.8333,0.5,0.5,0,0,0,0,0,0.1686,0
thewashingtonsentinel.com,,,,,,0.5,0.5,0.5,0.5,0,0,0,0,0,,1
toddstarnes.com,,,,,,0.5,0.5,0.5,0.5,0,0,0,0,0,,1
toofab.com,,,,,,0.5833,0.6667,0.5,0.5,0,0,0,0,0,0.1876,0
tplnews.com,,,,,,0.5,0.5,0.5,0.5,0,0,0,0,0,0.1533,0
treasurecoastsun.com,,,,,,0.5833,0.6667,0.5,0.5,0,0,0,0,0,0.1058,0
treasurevalleytimes.com,,,,,,0.5833,0.6667,0.5,0.5,,,,,,0.1061,0
trumptrainnews.com,,,,,,0.5,0.5,0.5,0.5,0,0,0,0,0,0.1914,0
tucsonstandard.com,,,,,,0.5833,0.6667,0.5,0.5,0,0,0,0,0,0.1061,0
tularetimes.com,,,,,,0.5833,0.6667,0.5,0.5,0,0,0,0,0,0.1061,0
tuscaloosaleader.com,,,,,,0.5833,0.6667,0.5,0.5,0,0,0,0,0,0.1061,0
upperdeltanews.com,,,,,,0.5833,0.6667,0.5,0.5,0,0,0,0,0,0,0
usrightleft.com,,,,,,0.5,0.5,0.5,0.5,,,,,,,1
verdugosnews.com,,,,,,0.5833,0.6667,0.5,0.5,0,0,0,0,0,0.1061,0
victorvalleytimes.com,,,,,,0.5833,0.6667,0.5,0.5,0,0,0,0,0,0.1061,0
warnerrobinstoday.com,,,,,,0.5833,0.6667,0.5,0.5,,,,,,0.1061,0
wcgeorgianews.com,,,,,,0.5833,0.6667,0.5,0.5,,,,,,0.1061,0
wethepeopledaily.com,,,,,,0.5,0.5,0.5,0.5,0,0,0,0,0,0.165,0
westatlantanews.com,,,,,,0.5833,0.6667,0.5,0.5,,,,,,0.1061,0
wcalabamanews.com,,,,,,0.5833,0.6667,0.5,0.5,0,0,0,0,0,0.1061,0
westcentralreporter.com,,,,,,0.5833,0.6667,0.5,0.5,,,,,,0.1049,0
westcontracostanews.com,,,,,,0.5833,0.6667,0.5,0.5,0,0,0,0,0,0.1061,0
westcooknews.com,,,,,,0.5833,0.6667,0.5,0.5,,,,,,0.1049,0
westflnews.com,,,,,,0.5833,0.6667,0.5,0.5,0,0,0,0,0,0.1061,0
westhillsboroughnews.com,,,,,,0.5833,0.6667,0.5,0.5,0,0,0,0,0,0.1061,0
westlatimes.com,,,,,,0.5833,0.6667,0.5,0.5,0,0,0,0,0,0.1061,0
westoctimes.com,,,,,,0.5833,0.6667,0.5,0.5,0,0,0,0,0,0,0
westsbvtimes.com,,,,,,0.5833,0.6667,0.5,0.5,0,0,0,0,0,0.1061,0
westsfvtoday.com,,,,,,0.5833,0.6667,0.5,0.5,0,0,0,0,0,0.1061,0
westsgvnews.com,,,,,,0.5833,0.6667,0.5,0.5,0,0,0,0,0,0.1061,0
westventuranews.com,,,,,,0.5833,0.6667,0.5,0.5,0,0,0,0,0,0.1061,0
westvolusianews.com,,,,,,0.5833,0.6667,0.5,0.5,0,0,0,0,0,0.1061,0
whatstheharm.net,,,,,,0.5,,0.5,0.5,0,0,0,0,0,0.1985,0
willcountygazette.com,,,,,,0.5833,0.6667,0.5,0.5,,,,,,0.1049,0
winecountrytimes.com,,,,,,0.5833,0.6667,0.5,0.5,0,0,0,0,0,0.1061,0
wiregrasstimes.com,,,,,,0.5833,0.6667,0.5,0.5,0,0,0,0,0,0.1061,0
womenarehuman.com,,,,,,0.5,0.5,0.5,0.5,0,0,0,0,0,0.165,0
worldstarhiphop.com,,,,,,0.5,0.5,0.5,0.5,0,0,0,0,0,0.1459,0
yavapainews.com,,,,,,0.5833,0.6667,0.5,0.5,0,0,0,0,0,0.1061,0
yellowhammertimes.com,,,,,,0.5833,0.6667,0.5,0.5,0,0,0,0,0,0.1061,0
yc.news,,,,,,0.5833,0.6667,0.5,0.5,0,0,0,0,0,,1
yubasuttertimes.com,,,,,,0.5833,0.6667,0.5,0.5,0,0,0,0,0,0.1061,0
chinadigitaltimes.net,,,,,,0.75,0.8333,0.6667,0.6667,0.75,1,1,0.875,0.75,,1
cagw.org,,,,,,0.6667,0.6667,0.6667,0.6667,0.5,0.5,1,0.5,0.5,,1
digg.com,,,,,,0.75,0.8333,0.6667,0.6667,0.75,1,1,0.875,0.75,,1
middleeasteye.net,,,,,,0.75,0.8333,0.6667,0.6667,0.75,1,1,0.875,0.75,,1
thecut.com,,,,,,0.6667,0.6667,0.6667,0.6667,0.5,0.5,1,0.5,0.5,,1
worldpopulationreview.com,,,,,,0.8333,1,0.6667,0.6667,1,1,1,1,1,,1
afp.com,0.9454,0.935,0.935,0.9557,,0.9167,1,0.8333,0.8333,1,1,1,1,1,,1
americanpurpose.com,,,,,,0.8333,0.8333,0.8333,0.8333,,,,,,,1
aspeniaonline.it,,,,,,0.8333,0.8333,0.8333,0.8333,,,,,,,1
ajc.com,0.8975,0.8973,0.8973,0.8976,,0.8333,0.8333,0.8333,0.8333,0.75,1,1,0.875,0.75,,1
newsoptimist.ca,,,,,,0.9167,1,0.8333,0.8333,1,1,1,1,1,,1
borderreport.com,,,,,,0.9167,1,0.8333,0.8333,,,,,,,1
carolinapublicpress.org,,,,,,0.8333,0.8333,0.8333,0.8333,0.75,1,1,0.875,0.75,,1
cnet.com,0.9474,0.9846,0.9102,0.9102,,0.9167,1,0.8333,0.8333,1,1,1,1,1,,1
countryliving.com,,,,,,0.9167,1,0.8333,0.8333,,,,,,,1
crainsdetroit.com,,,,,,0.9167,1,0.8333,0.8333,1,1,1,1,1,,1
dnj.com,,,,,,0.8333,0.8333,0.8333,0.8333,0.75,1,1,0.875,0.75,,1
freep.com,0.9139,0.8716,0.8716,0.9562,,0.8333,0.8333,0.8333,0.8333,0.75,1,1,0.875,0.75,,1
disabilityscoop.com,,,,,,0.8333,,0.8333,0.8333,1,1,1,1,1,,1
entrepreneur.com,,,,,,0.8333,0.8333,0.8333,0.8333,0.75,1,1,0.875,0.75,,1
evonomics.com,,,,,,0.75,0.6667,0.8333,0.6667,0.5,0.5,1,0.5,0.5,,1
fourstateshomepage.com,,,,,,0.9167,1,0.8333,0.8333,1,1,1,1,1,,1
francetvinfo.fr,,,,,,0.8333,0.8333,0.8333,0.8333,0.75,1,1,0.875,0.75,,1
faz.net,,,,,,0.8333,0.8333,0.8333,0.8333,0.75,1,1,0.875,0.75,,1
infobae.com,,,,,,0.8333,0.8333,0.8333,0.8333,0.75,1,1,0.875,0.75,,1
jewishpolicycenter.org,,,,,,0.75,0.6667,0.8333,0.6667,0.5,0.5,1,0.5,0.5,,1
wwmt.com,,,,,,0.8333,0.8333,0.8333,0.8333,0.75,1,1,0.875,0.75,,1
kcci.com,,,,,,0.9167,1,0.8333,0.8333,1,1,1,1,1,,1
cw33.com,,,,,,0.9167,1,0.8333,0.8333,,,,,,,1
cw39.com,,,,,,0.9167,1,0.8333,0.8333,,,,,,,1
kron4.com,,,,,,0.9167,1,0.8333,0.8333,,,,,,,1
bigcountryhomepage.com,,,,,,0.9167,1,0.8333,0.8333,,,,,,,1
kyma.com,,,,,,0.9167,1,0.8333,0.8333,,,,,,,1
niagara-gazette.com,,,,,,0.8333,0.8333,0.8333,0.8333,0.75,1,1,0.875,0.75,,1
notthebee.com,,,,,,0.75,0.6667,0.8333,0.6667,0.5,0.5,1,0.5,0.5,,1
relevantmagazine.com,,,,,,0.9167,1,0.8333,0.8333,1,1,1,1,1,,1
rgj.com,,,,,,0.8333,0.8333,0.8333,0.8333,0.75,1,1,0.875,0.75,,1
rewirenewsgroup.com,,,,,,0.75,0.6667,0.8333,0.6667,,,,,,,1
spin.com,,,,,,0.8333,0.8333,0.8333,0.8333,0.75,1,1,0.875,0.75,,1
news-leader.com,,,,,,0.8333,0.8333,0.8333,0.8333,0.75,1,1,0.875,0.75,,1
thedailystar.com,,,,,,0.8333,0.8333,0.8333,0.8333,0,0,0,0,0,,1
interpretermag.com,,,,,,0.8333,0.8333,0.8333,0.8333,0.75,1,1,0.875,0.75,,1
localdvm.com,,,,,,0.9167,1,0.8333,0.8333,,,,,,,1
whnt.com,,,,,,0.9167,1,0.8333,0.8333,,,,,,,1
cbs42.com,,,,,,0.9167,1,0.8333,0.8333,,,,,,,1
wkrg.com,,,,,,0.9167,1,0.8333,0.8333,,,,,,,1
phl17.com,,,,,,0.9167,1,0.8333,0.8333,,,,,,,1
pix11.com,,,,,,0.9167,1,0.8333,0.8333,,,,,,,1
opensecrets.org,,,,,,1,1,1,1,1,1,1,1,1,,1
drugs.com,,,,,,1,,1,1,1,1,1,1,1,,1
gallup.com,,,,,,1,1,1,1,1,1,1,1,1,,1
medpagetoday.com,,,,,,1,,1,1,1,1,1,1,1,,1
ncse.ngo,,,,,,1,,1,1,,,,,,,1
complex.com,,,,,,0.75,0.8333,0.6667,0.6667,0.75,1,1,0.875,0.75,,1
donaldjtrump.com,,,,,,0.4167,0.5,0.3333,0.3333,0.5,0.5,1,0.5,0.5,0.0695,0
worldtribune.com,,,,,,0.4167,0.5,0.3333,0.3333,0.5,0.5,1,0.5,0.5,0.2642,0
2ndvote.com,,,,,,0.5,0.5,0.5,0.5,0.5,0.5,1,0.5,0.5,,1
abort73.com,,,,,,0.5,0.5,0.5,0.5,0.5,0.5,1,0.5,0.5,,1
academia.org,,,,,,0.5,0.5,0.5,0.5,0.5,0.5,1,0.5,0.5,,1
aim.org,,,,,,0.5,0.5,0.5,0.5,0.5,0.5,1,0.5,0.5,,1
aish.com,,,,,,0.5833,0.6667,0.5,0.5,,,,,,,1
albertapressleader.ca,,,,,,0.5833,0.6667,0.5,0.5,0.5,0.5,1,0.5,0.5,,1
amac.us,,,,,,0.5,0.5,0.5,0.5,0.5,0.5,1,0.5,0.5,,1
a1apac.org,,,,,,0.5,0.5,0.5,0.5,0.5,0.5,1,0.5,0.5,,1
americarisingpac.org,,,,,,0.5833,0.6667,0.5,0.5,0.5,0.5,1,0.5,0.5,,1
americanconsequences.com,,,,,,0.5833,0.6667,0.5,0.5,0.5,0.5,1,0.5,0.5,,1
conservative.org,,,,,,0.5833,0.6667,0.5,0.5,,,,,,,1
aei.org,,,,,,0.5833,0.6667,0.5,0.5,0.5,0.5,1,0.5,0.5,,1
amgreatness.com,0.3013,0.2716,0.2716,0.331,,0.5,0.5,0.5,0.5,0.5,0.5,1,0.5,0.5,,1
alec.org,,,,,,0.5833,0.6667,0.5,0.5,0.5,0.5,1,0.5,0.5,,1
americanlibertyreport.com,,,,,,0.5833,0.6667,0.5,0.5,0.5,0.5,1,0.5,0.5,,1
spectator.org,0.3111,0.2757,0.2757,0.3466,,0.5833,0.6667,0.5,0.5,0.5,0.5,1,0.5,0.5,,1
americansforprosperity.org,,,,,,0.5,0.5,0.5,0.5,0.5,0.5,1,0.5,0.5,,1
atr.org,,,,,,0.5833,0.6667,0.5,0.5,,,,,,,1
aa.com.tr,,,,,,0.5833,0.6667,0.5,0.5,0.5,0.5,1,0.5,0.5,,1
arizonadailyindependent.com,,,,,,0.5833,0.6667,0.5,0.5,0.5,0.5,1,0.5,0.5,,1
armstrongeconomics.com,,,,,,0.5833,0.6667,0.5,0.5,0.5,0.5,1,0.5,0.5,,1
asianews.it,,,,,,0.5833,0.6667,0.5,0.5,,,,,,,1
aina.org,,,,,,0.5833,0.6667,0.5,0.5,0.5,0.5,1,0.5,0.5,,1
axiomnewsnetwork.com,,,,,,0.5,0.5,0.5,0.5,0.5,0.5,1,0.5,0.5,,1
bearingarms.com,0.4384,0.389,0.389,0.4878,,0.5,0.5,0.5,0.5,0.5,0.5,1,0.5,0.5,,1
beliefnet.com,,,,,,0.5833,0.6667,0.5,0.5,0.5,0.5,1,0.5,0.5,,1
blabber.buzz,,,,,,0.5,0.5,0.5,0.5,0.5,0.5,1,0.5,0.5,,1
ibleedredwhiteblue.com,,,,,,0.5,0.5,0.5,0.5,0.5,0.5,1,0.5,0.5,,1
policetribune.com,,,,,,0.5,0.5,0.5,0.5,,,,,,,1
boundingintocomics.com,,,,,,0.5833,0.6667,0.5,0.5,0.5,0.5,1,0.5,0.5,,1
brexitcentral.com,,,,,,0.5833,0.6667,0.5,0.5,0.5,0.5,1,0.5,0.5,,1
ca-political.com,,,,,,0.5833,0.6667,0.5,0.5,0.5,0.5,1,0.5,0.5,,1
campaignlifecoalition.com,,,,,,0.5,0.5,0.5,0.5,0.5,0.5,1,0.5,0.5,,1
campusreform.org,,,,,,0.5833,0.6667,0.5,0.5,0.5,0.5,1,0.5,0.5,,1
capitalresearch.org,,,,,,0.5833,0.6667,0.5,0.5,0.5,0.5,1,0.5,0.5,,1
freedomandprosperity.org,,,,,,0.5,0.5,0.5,0.5,0.5,0.5,1,0.5,0.5,,1
chicksontheright.com,,,,,,0.5833,0.6667,0.5,0.5,0.25,0.5,1,0.375,0.25,,1
cc.org,,,,,,0.5,0.5,0.5,0.5,0.5,0.5,1,0.5,0.5,,1
christianheadlines.com,,,,,,0.5,0.5,0.5,0.5,0.5,0.5,1,0.5,0.5,,1
christiannewsalerts.com,,,,,,0.5,0.5,0.5,0.5,0.5,0.5,1,0.5,0.5,,1
christiantoday.com,,,,,,0.5833,0.6667,0.5,0.5,0.5,0.5,1,0.5,0.5,,1
chroniclesmagazine.org,,,,,,0.5,0.5,0.5,0.5,0.5,0.5,1,0.5,0.5,,1
citizenfreepress.com,,,,,,0.5,0.5,0.5,0.5,0.5,0.5,1,0.5,0.5,,1
citizensunited.org,,,,,,0.5833,0.6667,0.5,0.5,0.5,0.5,1,0.5,0.5,,1
nccivitas.org,,,,,,0.5,0.5,0.5,0.5,0.5,0.5,1,0.5,0.5,,1
claremont.org,,,,,,0.5,0.5,0.5,0.5,0.5,0.5,1,0.5,0.5,,1
colddeadhands.us,,,,,,0.5,0.5,0.5,0.5,0.5,0.5,1,0.5,0.5,,1
commdiginews.com,,,,,,0.5,0.5,0.5,0.5,0.5,0.5,1,0.5,0.5,,1
conservativebase.com,,,,,,0.5,0.5,0.5,0.5,0.5,0.5,1,0.5,0.5,,1
conservativehq.org,,,,,,0.5,0.5,0.5,0.5,,,,,,,1
conservativereview.com,0.414,0.3918,0.3918,0.4362,,0.5833,0.6667,0.5,0.5,0.5,0.5,1,0.5,0.5,,1
conservativetoday.com,,,,,,0.5,0.5,0.5,0.5,0.5,0.5,1,0.5,0.5,,1
conservativeopinion.com,,,,,,0.5,0.5,0.5,0.5,0.5,0.5,1,0.5,0.5,,1
crimeresearch.org,,,,,,0.5833,0.6667,0.5,0.5,0.5,0.5,1,0.5,0.5,,1
crisismagazine.com,,,,,,0.5,0.5,0.5,0.5,0.5,0.5,1,0.5,0.5,,1
dailyreckoning.com,,,,,,0.5833,0.6667,0.5,0.5,,,,,,,1
sabah.com.tr,,,,,,0.5833,0.6667,0.5,0.5,0.5,0.5,1,0.5,0.5,,1
dcstatesman.com,,,,,,0.5,0.5,0.5,0.5,0.5,0.5,1,0.5,0.5,,1
telegraaf.nl,,,,,,0.5833,0.6667,0.5,0.5,0.5,0.5,1,0.5,0.5,,1
disrn.com,,,,,,0.5833,0.6667,0.5,0.5,0.5,0.5,1,0.5,0.5,,1
dmlnews.com,,,,,,0.5,0.5,0.5,0.5,0.5,0.5,1,0.5,0.5,,1
eagleactionreport.com,,,,,,0.5,0.5,0.5,0.5,0.5,0.5,1,0.5,0.5,,1
epnewsleader.com,,,,,,0.5833,0.6667,0.5,0.5,0.5,0.5,1,0.5,0.5,,1
egypttoday.com,,,,,,0.5833,0.6667,0.5,0.5,0.5,0.5,1,0.5,0.5,,1
energycitizens.org,,,,,,0.5,0.5,0.5,0.5,0.5,0.5,1,0.5,0.5,,1
erlc.com,,,,,,0.5,0.5,0.5,0.5,0.5,0.5,1,0.5,0.5,,1
faithwire.com,,,,,,0.5,0.5,0.5,0.5,0.5,0.5,1,0.5,0.5,,1
fakehatecrimes.org,,,,,,0.5833,0.6667,0.5,0.5,0.5,0.5,1,0.5,0.5,,1
farleftwatch.com,,,,,,0.5,0.5,0.5,0.5,0.5,0.5,1,0.5,0.5,,1
federalistpress.com,,,,,,0.5,0.5,0.5,0.5,0.5,0.5,1,0.5,0.5,0.1553,0
fedsoc.org,,,,,,0.5833,0.6667,0.5,0.5,0.5,0.5,1,0.5,0.5,,1
firstthings.com,,,,,,0.5833,0.6667,0.5,0.5,0.5,0.5,1,0.5,0.5,,1
freerepublic.com,,,,,,0.5,0.5,0.5,0.5,0.25,0,0,0.125,0,,1
freedomworks.org,,,,,,0.5833,0.6667,0.5,0.5,0,0,0,0,0,,1
ff.org,,,,,,0.5833,0.6667,0.5,0.5,0.5,0.5,1,0.5,0.5,,1
ourfutureinamerica.org,,,,,,0.5,0.5,0.5,0.5,,,,,,,1
fff.org,,,,,,0.5833,0.6667,0.5,0.5,,,,,,,1
g-a-i.org,,,,,,0.5833,0.6667,0.5,0.5,0.5,0.5,1,0.5,0.5,,1
grabien.com,,,,,,0.5833,0.6667,0.5,0.5,,,,,,,1
greatamericanpolitics.com,,,,,,0.5,0.5,0.5,0.5,0.5,0.5,1,0.5,0.5,,1
order-order.com,,,,,,0.5,0.5,0.5,0.5,0.5,0.5,1,0.5,0.5,,1
heritage.org,,,,,,0.5,0.5,0.5,0.5,0.5,0.5,1,0.5,0.5,,1
hermancain.com,,,,,,0.5,0.5,0.5,0.5,0.5,0.5,1,0.5,0.5,,1
humanevents.com,,,,,,0.5833,0.6667,0.5,0.5,0.5,0.5,1,0.5,0.5,,1
hurriyetdailynews.com,,,,,,0.5833,0.6667,0.5,0.5,0.5,0.5,1,0.5,0.5,,1
hurriyet.com.tr,,,,,,0.5833,0.6667,0.5,0.5,0.5,0.5,1,0.5,0.5,,1
hillsdale.edu,,,,,,0.5833,0.6667,0.5,0.5,,,,,,,1
ifstudies.org,,,,,,0.5833,0.6667,0.5,0.5,0.5,0.5,1,0.5,0.5,,1
investors.com,,,,,,0.5,0.5,0.5,0.5,0.5,0.5,1,0.5,0.5,,1
issuesinsights.com,,,,,,0.5,0.5,0.5,0.5,0.5,0.5,1,0.5,0.5,,1
jewishworldreview.com,,,,,,0.5833,0.6667,0.5,0.5,0.5,0.5,1,0.5,0.5,,1
judicialnetwork.com,,,,,,0.5,0.5,0.5,0.5,0.5,0.5,1,0.5,0.5,,1
kansaspolicy.org,,,,,,0.5833,0.6667,0.5,0.5,0.5,0.5,1,0.5,0.5,,1
libertyheadlines.com,,,,,,0.5,0.5,0.5,0.5,0.5,0.5,1,0.5,0.5,,1
libertynation.com,0.3917,0.3975,0.3858,0.3858,,0.5,0.5,0.5,0.5,0.5,0.5,1,0.5,0.5,,1
fightpp.org,,,,,,0.5,0.5,0.5,0.5,0.5,0.5,1,0.5,0.5,,1
lifezette.com,0.3087,0.2659,0.2659,0.3515,,0.5,0.5,0.5,0.5,0.25,0.5,1,0.375,0.25,,1
loneconservative.com,,,,,,0.5833,0.6667,0.5,0.5,0.5,0.5,1,0.5,0.5,,1
lozierinstitute.org,,,,,,0.5,0.5,0.5,0.5,0.5,0.5,1,0.5,0.5,,1
manhattan-institute.org,,,,,,0.5833,0.6667,0.5,0.5,0.5,0.5,1,0.5,0.5,,1
mediacircus.com,,,,,,0.5,0.5,0.5,0.5,0.5,0.5,1,0.5,0.5,,1
mediaequalizer.com,,,,,,0.5,0.5,0.5,0.5,0.5,0.5,1,0.5,0.5,,1
milliyet.com.tr,,,,,,0.5833,0.6667,0.5,0.5,0.5,0.5,1,0.5,0.5,,1
theminnesotasun.com,,,,,,0.5,0.5,0.5,0.5,0.5,0.5,1,0.5,0.5,,1
mises.org,,,,,,0.5833,0.6667,0.5,0.5,0.5,0.5,1,0.5,0.5,,1
ncregister.com,0.7449,0.7316,0.7316,0.7582,,0.5833,0.6667,0.5,0.5,0.5,0.5,1,0.5,0.5,,1
nationalcenter.org,,,,,,0.5,0.5,0.5,0.5,0.5,0.5,1,0.5,0.5,,1
newbostonpost.com,,,,,,0.5833,0.6667,0.5,0.5,0.5,0.5,1,0.5,0.5,,1
ngo-monitor.org,,,,,,0.5833,0.6667,0.5,0.5,,,,,,,1
nraila.org,,,,,,0.5833,0.6667,0.5,0.5,0.5,0.5,1,0.5,0.5,,1
ntknetwork.com,,,,,,0.5,0.5,0.5,0.5,0.5,0.5,1,0.5,0.5,,1
offgridsurvival.com,,,,,,0.5,0.5,0.5,0.5,0,0,0,0,0,,1
oneangrygamer.net,,,,,,0.5,0.5,0.5,0.5,0.5,0.5,1,0.5,0.5,,1
onenewsnow.com,,,,,,0.5,0.5,0.5,0.5,0.5,0.5,1,0.5,0.5,,1
openvaers.com,,,,,,0.5833,0.6667,0.5,0.5,,,,,,,1
opslens.com,,,,,,0.5,0.5,0.5,0.5,0.5,0.5,1,0.5,0.5,,1
panampost.com,,,,,,0.5,0.5,0.5,0.5,0.5,0.5,1,0.5,0.5,,1
patriotnewsalerts.com,,,,,,0.5,0.5,0.5,0.5,0.5,0.5,1,0.5,0.5,,1
patriotnewsdaily.com,,,,,,0.5,0.5,0.5,0.5,0,0.5,1,0.25,0,,1
patriotretort.com,,,,,,0.5,0.5,0.5,0.5,0.5,0.5,1,0.5,0.5,,1
politicalite.com,,,,,,0.5,0.5,0.5,0.5,0.5,0.5,1,0.5,0.5,,1
politichicks.com,,,,,,0.5,0.5,0.5,0.5,0.5,0.5,1,0.5,0.5,,1
politifeed.net,,,,,,0.5,0.5,0.5,0.5,0.5,0.5,1,0.5,0.5,,1
populistwire.com,,,,,,0.5,0.5,0.5,0.5,0.5,0.5,1,0.5,0.5,,1
powerlineblog.com,,,,,,0.5,0.5,0.5,0.5,0.5,0.5,1,0.5,0.5,,1
conservativesus.party,,,,,,0.5,0.5,0.5,0.5,0.5,0.5,1,0.5,0.5,,1
publicinterestlegal.org,,,,,,0.5833,0.6667,0.5,0.5,0.5,0.5,1,0.5,0.5,,1
punchingbagpost.com,,,,,,0.5833,0.6667,0.5,0.5,0.5,0.5,1,0.5,0.5,,1
quadrant.org.au,,,,,,0.5,0.5,0.5,0.5,0.5,0.5,1,0.5,0.5,,1
rd.com,,,,,,0.5833,0.6667,0.5,0.5,0.5,0.5,1,0.5,0.5,,1
americasvoice.news,,,,,,0.5833,0.6667,0.5,0.5,0.5,0.5,1,0.5,0.5,,1
redalertpolitics.com,,,,,,0.5833,0.6667,0.5,0.5,0.5,0.5,1,0.5,0.5,,1
regated.com,,,,,,0.5833,0.6667,0.5,0.5,0.5,0.5,1,0.5,0.5,,1
renewedright.com,,,,,,0.5,0.5,0.5,0.5,0.5,0.5,1,0.5,0.5,,1
ricochet.com,,,,,,0.5833,0.6667,0.5,0.5,0.5,0.5,1,0.5,0.5,,1
rightandfree.com,,,,,,0.5,0.5,0.5,0.5,0.5,0.5,1,0.5,0.5,,1
ronpaullibertyreport.com,,,,,,0.5833,0.6667,0.5,0.5,0.5,0.5,1,0.5,0.5,,1
sentinelksmo.org,,,,,,0.5,0.5,0.5,0.5,0.5,0.5,1,0.5,0.5,,1
sbgi.net,,,,,,0.5833,0.6667,0.5,0.5,0.5,0.5,1,0.5,0.5,,1
skynews.com.au,,,,,,0.5833,0.6667,0.5,0.5,0.5,0.5,1,0.5,0.5,,1
sonorannews.com,,,,,,0.5833,0.6667,0.5,0.5,0.5,0.5,1,0.5,0.5,,1
spiked-online.com,,,,,,0.5833,0.6667,0.5,0.5,0.5,0.5,1,0.5,0.5,,1
standpointmag.co.uk,,,,,,0.5,0.5,0.5,0.5,0.5,0.5,1,0.5,0.5,,1
starpolitical.com,,,,,,0.5833,0.6667,0.5,0.5,0.5,0.5,1,0.5,0.5,,1
steadfastdaily.com,,,,,,0.5833,0.6667,0.5,0.5,,,,,,,1
tatumreport.com,,,,,,0.5,0.5,0.5,0.5,,,,,,,1
tenthamendmentcenter.com,,,,,,0.5,0.5,0.5,0.5,0.5,0.5,1,0.5,0.5,,1
adelaidenow.com.au,,,,,,0.5,0.5,0.5,0.5,0.5,0.5,1,0.5,0.5,,1
americafirstpolicy.com,,,,,,0.5833,0.6667,0.5,0.5,,,,,,,1
americanmind.org,,,,,,0.5,0.5,0.5,0.5,0.5,0.5,1,0.5,0.5,,1
badgerinstitute.org,,,,,,0.5833,0.6667,0.5,0.5,0.5,0.5,1,0.5,0.5,,1
thecollegefix.com,0.7306,0.698,0.698,0.7633,,0.5,0.5,0.5,0.5,0.5,0.5,1,0.5,0.5,,1
theconservativenut.gop,,,,,,0.5833,0.6667,0.5,0.5,0.5,0.5,1,0.5,0.5,,1
conservativewoman.co.uk,,,,,,0.5,0.5,0.5,0.5,0.5,0.5,1,0.5,0.5,,1
thedailydefender.com,,,,,,0.5,0.5,0.5,0.5,0.5,0.5,1,0.5,0.5,,1
thedailyliberator.com,,,,,,0.5833,0.6667,0.5,0.5,0.5,0.5,1,0.5,0.5,,1
dailytelegraph.com.au,,,,,,0.5833,0.6667,0.5,0.5,0.5,0.5,1,0.5,0.5,,1
dc-chronicle.com,,,,,,0.5,0.5,0.5,0.5,0.5,0.5,1,0.5,0.5,,1
thefirsttv.com,,,,,,0.5833,0.6667,0.5,0.5,0.5,0.5,1,0.5,0.5,,1
thehayride.com,,,,,,0.5,0.5,0.5,0.5,0.5,0.5,1,0.5,0.5,,1
thelibertyloft.com,0.3866,0.4138,0.3594,0.3594,,0.5,0.5,0.5,0.5,0.5,0.5,1,0.5,0.5,0.132,0
thenationalherald.com,,,,,,0.5833,0.6667,0.5,0.5,0.5,0.5,1,0.5,0.5,,1
thenewamerican.com,0.284,0.2813,0.2813,0.2867,,0.5833,0.6667,0.5,0.5,0.5,0.5,1,0.5,0.5,,1
thenewrevere.com,,,,,,0.5833,0.6667,0.5,0.5,0.5,0.5,1,0.5,0.5,,1
theohiostar.com,,,,,,0.5,0.5,0.5,0.5,0.5,0.5,1,0.5,0.5,,1
thepostmillennial.com,,,,,,0.5,0.5,0.5,0.5,0.5,0.5,1,0.5,0.5,,1
rebelnews.com,,,,,,0.5,0.5,0.5,0.5,0.5,0.5,1,0.5,0.5,0.1914,0
theresurgent.com,,,,,,0.5,0.5,0.5,0.5,0.5,0.5,1,0.5,0.5,,1
ronpaulinstitute.org,,,,,,0.5833,0.6667,0.5,0.5,0.5,0.5,1,0.5,0.5,,1
thestar.com.my,,,,,,0.5833,0.6667,0.5,0.5,0.5,0.5,1,0.5,0.5,,1
tennesseestar.com,,,,,,0.5,0.5,0.5,0.5,0.5,0.5,1,0.5,0.5,,1
theleoterrell.com,,,,,,0.5833,0.6667,0.5,0.5,,,,,,,1
trendingviews.co,,,,,,0.5,0.5,0.5,0.5,0.5,0.5,1,0.5,0.5,,1
trtworld.com,,,,,,0.5833,0.6667,0.5,0.5,0.5,0.5,1,0.5,0.5,,1
updateamerica.com,,,,,,0.5,0.5,0.5,0.5,0.5,0.5,1,0.5,0.5,,1
watchdogreport.org,,,,,,0.5833,0.6667,0.5,0.5,,,,,,,1
weaselzippers.us,,,,,,0.5,0.5,0.5,0.5,0.25,0,0,0.125,0,,1
westmonster.com,,,,,,0.5,0.5,0.5,0.5,0.5,0.5,1,0.5,0.5,,1
whatfinger.com,,,,,,0.5833,0.6667,0.5,0.5,0.5,0.5,1,0.5,0.5,,1
wng.org,,,,,,0.5833,0.6667,0.5,0.5,,,,,,,1
chicksonright.com,,,,,,0.5,0.5,0.5,0.5,,,,,,,1
ac2news.com,,,,,,0.6667,0.6667,0.6667,0.6667,0.5,0.5,1,0.5,0.5,,1
afpc.org,,,,,,0.6667,0.6667,0.6667,0.6667,0.5,0.5,1,0.5,0.5,,1
amimagazine.org,,,,,,0.6667,0.6667,0.6667,0.6667,0.5,0.5,1,0.5,0.5,,1
buzzsawpolitics.com,,,,,,0.6667,0.6667,0.6667,0.6667,0.5,0.5,1,0.5,0.5,,1
c2cjournal.ca,,,,,,0.6667,0.6667,0.6667,0.6667,0.5,0.5,1,0.5,0.5,,1
calgarysun.com,,,,,,0.6667,0.6667,0.6667,0.6667,0.5,0.5,1,0.5,0.5,,1
city-journal.org,,,,,,0.6667,0.6667,0.6667,0.6667,0.5,0.5,1,0.5,0.5,,1
commentarymagazine.com,,,,,,0.6667,0.6667,0.6667,0.6667,0.5,0.5,1,0.5,0.5,,1
conservativeinstitute.org,,,,,,0.6667,0.6667,0.6667,0.6667,0.5,0.5,1,0.5,0.5,,1
cpi.org,,,,,,0.6667,0.6667,0.6667,0.6667,,,,,,,1
dailytorch.com,0.3291,0.3633,0.2949,0.2949,,0.6667,0.6667,0.6667,0.6667,0.5,0.5,1,0.5,0.5,,1
getreligion.org,,,,,,0.6667,0.6667,0.6667,0.6667,0.5,0.5,1,0.5,0.5,,1
gopusa.com,,,,,,0.5833,0.5,0.6667,0.5,0.5,0.5,1,0.5,0.5,,1
hotair.com,,,,,,0.6667,0.6667,0.6667,0.6667,0.5,0.5,1,0.5,0.5,,1
illinoispolicy.org,,,,,,0.6667,0.6667,0.6667,0.6667,0.5,0.5,1,0.5,0.5,,1
iwf.org,,,,,,0.6667,0.6667,0.6667,0.6667,0.5,0.5,1,0.5,0.5,,1
intellectualtakeout.org,,,,,,0.6667,0.6667,0.6667,0.6667,0.5,0.5,1,0.5,0.5,,1
israelhayom.com,,,,,,0.6667,0.6667,0.6667,0.6667,0.5,0.5,1,0.5,0.5,,1
journaldemontreal.com,,,,,,0.6667,0.6667,0.6667,0.6667,,,,,,,1
outkick.com,,,,,,0.5833,0.5,0.6667,0.5,0.5,0.5,1,0.5,0.5,,1
pluralist.com,,,,,,0.5833,0.5,0.6667,0.5,0.5,0.5,1,0.5,0.5,,1
southernpatriotnews.com,,,,,,0.5833,0.5,0.6667,0.5,0.5,0.5,1,0.5,0.5,,1
thetexan.news,,,,,,0.6667,0.6667,0.6667,0.6667,0.5,0.5,1,0.5,0.5,,1
thetruthaboutguns.com,,,,,,0.6667,0.6667,0.6667,0.6667,0.5,0.5,1,0.5,0.5,,1
thejeffreylord.com,,,,,,0.6667,0.6667,0.6667,0.6667,0.5,0.5,1,0.5,0.5,0.2145,0
torontosun.com,,,,,,0.6667,0.6667,0.6667,0.6667,0.5,0.5,1,0.5,0.5,,1
tribunist.com,,,,,,0.6667,0.6667,0.6667,0.6667,0.5,0.5,1,0.5,0.5,,1
unwatch.org,,,,,,0.6667,0.6667,0.6667,0.6667,0.5,0.5,1,0.5,0.5,,1
altnewsmedia.net,,,,,,0.75,0.6667,0.8333,0.6667,0.5,0.5,1,0.5,0.5,,1
conservativehome.com,,,,,,0.8333,0.8333,0.8333,0.8333,0.5,0.5,1,0.5,0.5,,1
economicpolicyjournal.com,,,,,,0.75,0.6667,0.8333,0.6667,0.5,0.5,1,0.5,0.5,,1
defenddemocracy.org,,,,,,0.75,0.6667,0.8333,0.6667,0.5,0.5,1,0.5,0.5,,1
hudson.org,,,,,,0.75,0.6667,0.8333,0.6667,0.5,0.5,1,0.5,0.5,,1
influencewatch.org,,,,,,0.75,0.6667,0.8333,0.6667,0.5,0.5,1,0.5,0.5,,1
mercatornet.com,,,,,,0.6667,0.5,0.8333,0.5,0.5,0.5,1,0.5,0.5,,1
ontarioproud.ca,,,,,,0.75,0.6667,0.8333,0.6667,0.5,0.5,1,0.5,0.5,,1
savejersey.com,,,,,,0.75,0.6667,0.8333,0.6667,0.5,0.5,1,0.5,0.5,,1
unitynewsnetwork.co.uk,,,,,,0.6667,0.5,0.8333,0.5,0.5,0.5,1,0.5,0.5,,1
weeklystandard.com,,,,,,0.75,0.6667,0.8333,0.6667,0.5,0.5,1,0.5,0.5,,1
yellowhammernews.com,,,,,,0.75,0.6667,0.8333,0.6667,0.5,0.5,1,0.5,0.5,,1
yaf.org,,,,,,0.75,0.6667,0.8333,0.6667,0.5,0.5,1,0.5,0.5,,1
7news.com.au,,,,,,0.6667,0.8333,0.5,0.5,0.75,1,1,0.875,0.75,,1
dailyo.in,,,,,,0.6667,0.8333,0.5,0.5,0.75,1,1,0.875,0.75,,1
ahram.org.eg,,,,,,0.6667,0.8333,0.5,0.5,,,,,,,1
aleteia.org,,,,,,0.5833,0.6667,0.5,0.5,0.75,1,1,0.875,0.75,,1
aier.org,,,,,,0.6667,0.8333,0.5,0.5,0.75,1,1,0.875,0.75,,1
aawsat.com,,,,,,0.6667,0.8333,0.5,0.5,,,,,,,1
aninews.in,,,,,,0.6667,0.8333,0.5,0.5,0.75,1,1,0.875,0.75,,1
bild.de,,,,,,0.6667,0.8333,0.5,0.5,0.75,1,1,0.875,0.75,,1
businesslive.co.za,,,,,,0.6667,0.8333,0.5,0.5,0.75,1,1,0.875,0.75,,1
californiaglobe.com,,,,,,0.6667,0.8333,0.5,0.5,0.75,1,1,0.875,0.75,,1
campaignforliberty.org,,,,,,0.5833,0.6667,0.5,0.5,0.75,1,1,0.875,0.75,,1
drudgereport.com,,,,,,0.5833,0.6667,0.5,0.5,0.5,0.5,1,0.5,0.5,,1
ecuavisa.com,,,,,,0.6667,0.8333,0.5,0.5,0.75,1,1,0.875,0.75,,1
ekirikas.com,,,,,,0.6667,0.8333,0.5,0.5,0.75,1,1,0.875,0.75,,1
financialexpress.com,,,,,,0.6667,0.8333,0.5,0.5,0.75,1,1,0.875,0.75,,1
fee.org,,,,,,0.6667,0.8333,0.5,0.5,0.75,1,1,0.875,0.75,,1
fraserinstitute.org,,,,,,0.6667,0.8333,0.5,0.5,0.75,1,1,0.875,0.75,,1
geo.tv,,,,,,0.6667,0.8333,0.5,0.5,,,,,,,1
iefimerida.gr,,,,,,0.6667,0.8333,0.5,0.5,0.75,1,1,0.875,0.75,,1
indiatoday.in,,,,,,0.6667,0.8333,0.5,0.5,0.75,1,1,0.875,0.75,,1
jewishbreakingnews.com,,,,,,0.6667,0.8333,0.5,0.5,0.75,1,1,0.875,0.75,,1
justfactsdaily.com,,,,,,0.5833,0.6667,0.5,0.5,0.75,1,1,0.875,0.75,,1
lbc.co.uk,,,,,,0.5833,0.6667,0.5,0.5,0.75,1,1,0.875,0.75,,1
malaysia-today.net,,,,,,0.6667,0.8333,0.5,0.5,0.75,1,1,0.875,0.75,,1
opendoorsusa.org,,,,,,0.6667,0.8333,0.5,0.5,0.75,1,1,0.875,0.75,,1
republicworld.com,,,,,,0.6667,0.8333,0.5,0.5,0.75,1,1,0.875,0.75,0.1767,0
theaustralian.com.au,,,,,,0.6667,0.8333,0.5,0.5,0.75,1,1,0.875,0.75,,1
chosun.com,,,,,,0.6667,0.8333,0.5,0.5,,,,,,,1
thechronicleherald.ca,,,,,,0.6667,0.8333,0.5,0.5,0.75,1,1,0.875,0.75,,1
theecjournal.com,,,,,,0.6667,0.8333,0.5,0.5,0.75,1,1,0.875,0.75,,1
thehindubusinessline.com,,,,,,0.6667,0.8333,0.5,0.5,0.75,1,1,0.875,0.75,,1
manilatimes.net,,,,,,0.6667,0.8333,0.5,0.5,0.75,1,1,0.875,0.75,,1
thequint.com,,,,,,0.6667,0.8333,0.5,0.5,0.75,1,1,0.875,0.75,,1
thesorrentino.com,,,,,,0.5833,0.6667,0.5,0.5,0.75,1,1,0.875,0.75,,1
standardmedia.co.ke,,,,,,0.6667,0.8333,0.5,0.5,0.75,1,1,0.875,0.75,,1
timeslive.co.za,,,,,,0.6667,0.8333,0.5,0.5,0.75,1,1,0.875,0.75,,1
tovima.gr,,,,,,0.6667,0.8333,0.5,0.5,0.75,1,1,0.875,0.75,,1
tribunnews.com,,,,,,0.6667,0.8333,0.5,0.5,0.75,1,1,0.875,0.75,,1
washingtoninstitute.org,,,,,,0.6667,0.8333,0.5,0.5,0.75,1,1,0.875,0.75,,1
19fortyfive.com,,,,,,0.75,0.8333,0.6667,0.6667,,,,,,,1
theadvocates.org,,,,,,0.75,0.8333,0.6667,0.6667,0.75,1,1,0.875,0.75,,1
americanactionforum.org,,,,,,0.75,0.8333,0.6667,0.6667,0.75,1,1,0.875,0.75,,1
appledaily.com,,,,,,0.75,0.8333,0.6667,0.6667,,,,,,,1
arcamax.com,,,,,,0.75,0.8333,0.6667,0.6667,0.75,1,1,0.875,0.75,,1
bt.dk,,,,,,0.75,0.8333,0.6667,0.6667,0.75,1,1,0.875,0.75,,1
beinglibertarian.com,,,,,,0.6667,0.6667,0.6667,0.6667,0.75,1,1,0.875,0.75,,1
berlingske.dk,,,,,,0.75,0.8333,0.6667,0.6667,0.75,1,1,0.875,0.75,,1
bipartisanpolicy.org,,,,,,0.75,0.8333,0.6667,0.6667,0.75,1,1,0.875,0.75,,1
bnr.nl,,,,,,0.75,0.8333,0.6667,0.6667,,,,,,,1
business-standard.com,,,,,,0.75,0.8333,0.6667,0.6667,,,,,,,1
capoliticalreview.com,,,,,,0.75,0.8333,0.6667,0.6667,0.75,1,1,0.875,0.75,,1
capitalismmagazine.com,,,,,,0.75,0.8333,0.6667,0.6667,0.75,1,1,0.875,0.75,,1
deccanchronicle.com,,,,,,0.75,0.8333,0.6667,0.6667,0.75,1,1,0.875,0.75,,1
deutschland.de,,,,,,0.75,0.8333,0.6667,0.6667,0.75,1,1,0.875,0.75,,1
edmontonexaminer.com,,,,,,0.75,0.8333,0.6667,0.6667,0.75,1,1,0.875,0.75,,1
elmundo.es,,,,,,0.75,0.8333,0.6667,0.6667,0.75,1,1,0.875,0.75,,1
expressen.se,,,,,,0.75,0.8333,0.6667,0.6667,0.75,1,1,0.875,0.75,,1
financialpost.com,,,,,,0.75,0.8333,0.6667,0.6667,0.75,1,1,0.875,0.75,,1
firstpost.com,,,,,,0.75,0.8333,0.6667,0.6667,0.25,0,0,0.125,0,,1
fitsnews.com,,,,,,0.75,0.8333,0.6667,0.6667,0.75,1,1,0.875,0.75,,1
gp.se,,,,,,0.6667,0.6667,0.6667,0.6667,0.75,1,1,0.875,0.75,,1
heraldsun.com.au,,,,,,0.75,0.8333,0.6667,0.6667,0.75,1,1,0.875,0.75,,1
hln.be,,,,,,0.75,0.8333,0.6667,0.6667,0.75,1,1,0.875,0.75,,1
honestreporting.com,,,,,,0.75,0.8333,0.6667,0.6667,0.75,1,1,0.875,0.75,,1
humanprogress.org,,,,,,0.6667,0.6667,0.6667,0.6667,0.75,1,1,0.875,0.75,,1
india.com,,,,,,0.75,0.8333,0.6667,0.6667,0.75,1,1,0.875,0.75,,1
indiatvnews.com,,,,,,0.75,0.8333,0.6667,0.6667,,,,,,,1
insidesources.com,,,,,,0.75,0.8333,0.6667,0.6667,0.75,1,1,0.875,0.75,,1
independent.ie,,,,,,0.75,0.8333,0.6667,0.6667,0.75,1,1,0.875,0.75,,1
justfacts.com,,,,,,0.75,0.8333,0.6667,0.6667,0.75,1,1,0.875,0.75,,1
knewz.com,,,,,,0.75,0.8333,0.6667,0.6667,0.75,1,1,0.875,0.75,,1
listverse.com,,,,,,0.75,0.8333,0.6667,0.6667,0.75,1,1,0.875,0.75,,1
standard.co.uk,,,,,,0.75,0.8333,0.6667,0.6667,0.75,1,1,0.875,0.75,,1
lfpress.com,,,,,,0.75,0.8333,0.6667,0.6667,0.75,1,1,0.875,0.75,,1
mackinac.org,,,,,,0.75,0.8333,0.6667,0.6667,0.75,1,1,0.875,0.75,,1
news.com.au,,,,,,0.75,0.8333,0.6667,0.6667,0.75,1,1,0.875,0.75,,1
pacificresearch.org,,,,,,0.75,0.8333,0.6667,0.6667,0.75,1,1,0.875,0.75,,1
realcleardefense.com,,,,,,0.75,0.8333,0.6667,0.6667,0.75,1,1,0.875,0.75,,1
realclearpolicy.com,,,,,,0.75,0.8333,0.6667,0.6667,0.75,1,1,0.875,0.75,,1
realclearmarkets.com,,,,,,0.75,0.8333,0.6667,0.6667,,,,,,,1
realclearreligion.org,,,,,,0.75,0.8333,0.6667,0.6667,0.75,1,1,0.875,0.75,,1
scoperatings.com,,,,,,0.75,0.8333,0.6667,0.6667,0.75,1,1,0.875,0.75,,1
theamericanconservative.com,0.5929,0.5711,0.5711,0.6146,,0.6667,0.6667,0.6667,0.6667,0.5,0.5,1,0.5,0.5,,1
independent.org,,,,,,0.75,0.8333,0.6667,0.6667,0.75,1,1,0.875,0.75,,1
thelibertarianrepublic.com,,,,,,0.75,0.8333,0.6667,0.6667,0.75,1,1,0.875,0.75,,1
spectator.co.uk,,,,,,0.6667,0.6667,0.6667,0.6667,0.75,1,1,0.875,0.75,,1
spectator.us,,,,,,0.6667,0.6667,0.6667,0.6667,0.75,1,1,0.875,0.75,,1
spectatorworld.com,,,,,,0.6667,0.6667,0.6667,0.6667,,,,,,,1
straitstimes.com,,,,,,0.75,0.8333,0.6667,0.6667,0.75,1,1,0.875,0.75,,1
transparentcalifornia.com,,,,,,0.75,0.8333,0.6667,0.6667,0.75,1,1,0.875,0.75,,1
9news.com.au,,,,,,0.8333,0.8333,0.8333,0.8333,0.75,1,1,0.875,0.75,,1
abc.es,,,,,,0.8333,0.8333,0.8333,0.8333,0.75,1,1,0.875,0.75,,1
al.com,0.9372,0.951,0.9234,0.9234,,0.8333,0.8333,0.8333,0.8333,0.75,1,1,0.875,0.75,,1
abqjournal.com,,,,,,0.8333,0.8333,0.8333,0.8333,0.75,1,1,0.875,0.75,,1
americanaffairsjournal.org,,,,,,0.8333,0.8333,0.8333,0.8333,0.75,1,1,0.875,0.75,,1
acsh.org,,,,,,0.8333,0.8333,0.8333,0.8333,0.75,1,1,0.875,0.75,,1
americanfirearms.org,,,,,,0.8333,0.8333,0.8333,0.8333,0.75,1,1,0.875,0.75,,1
americasquarterly.org,,,,,,0.8333,0.8333,0.8333,0.8333,0.75,1,1,0.875,0.75,,1
angusreid.org,,,,,,0.8333,0.8333,0.8333,0.8333,0.75,1,1,0.875,0.75,,1
argusleader.com,,,,,,0.8333,0.8333,0.8333,0.8333,0.75,1,1,0.875,0.75,,1
arkansasonline.com,,,,,,0.8333,0.8333,0.8333,0.8333,0.75,1,1,0.875,0.75,,1
atlanticcouncil.org,,,,,,0.8333,0.8333,0.8333,0.8333,0.75,1,1,0.875,0.75,,1
barrons.com,,,,,,0.8333,0.8333,0.8333,0.8333,0.75,1,1,0.875,0.75,,1
billingsgazette.com,,,,,,0.8333,0.8333,0.8333,0.8333,0.75,1,1,0.875,0.75,,1
boomlive.in,,,,,,0.8333,0.8333,0.8333,0.8333,,,,,,,1
bostonherald.com,0.7322,0.6788,0.6788,0.7855,,0.8333,0.8333,0.8333,0.8333,0.75,1,1,0.875,0.75,,1
thebreakthrough.org,,,,,,0.8333,0.8333,0.8333,0.8333,0.75,1,1,0.875,0.75,,1
batimes.com.ar,,,,,,0.8333,0.8333,0.8333,0.8333,0.75,1,1,0.875,0.75,,1
calgaryherald.com,,,,,,0.8333,0.8333,0.8333,0.8333,0.75,1,1,0.875,0.75,,1
cato.org,0.8046,0.8053,0.8038,0.8038,,0.75,0.6667,0.8333,0.6667,0.75,1,1,0.875,0.75,,1
ccn.com,,,,,,0.8333,0.8333,0.8333,0.8333,0.75,1,1,0.875,0.75,,1
cftni.org,,,,,,0.8333,0.8333,0.8333,0.8333,0.75,1,1,0.875,0.75,,1
checkyourfact.com,,,,,,0.8333,0.8333,0.8333,0.8333,0.75,1,1,0.875,0.75,,1
christianitytoday.com,0.8119,0.8035,0.8035,0.8203,,0.8333,0.8333,0.8333,0.8333,0.75,1,1,0.875,0.75,,1
gazette.com,,,,,,0.8333,0.8333,0.8333,0.8333,0.75,1,1,0.875,0.75,,1
columbiadailyherald.com,,,,,,0.8333,0.8333,0.8333,0.8333,0.75,1,1,0.875,0.75,,1
dn.se,,,,,,0.8333,0.8333,0.8333,0.8333,,,,,,,1
dailyherald.com,0.9526,0.994,0.9113,0.9113,,0.8333,0.8333,0.8333,0.8333,0.75,1,1,0.875,0.75,,1
mininggazette.com,,,,,,0.8333,0.8333,0.8333,0.8333,0.75,1,1,0.875,0.75,,1
dailypress.com,,,,,,0.8333,0.8333,0.8333,0.8333,0.75,1,1,0.875,0.75,,1
dallasnews.com,0.8935,0.9203,0.8668,0.8668,,0.8333,0.8333,0.8333,0.8333,0.75,1,1,0.875,0.75,,1
volkskrant.nl,,,,,,0.8333,0.8333,0.8333,0.8333,0.75,1,1,0.875,0.75,,1
denvergazette.com,,,,,,0.8333,0.8333,0.8333,0.8333,0.75,1,1,0.875,0.75,,1
deseret.com,0.9237,0.9752,0.8723,0.8723,,0.8333,0.8333,0.8333,0.8333,,,,,,,1
desertsun.com,,,,,,0.8333,0.8333,0.8333,0.8333,0.75,1,1,0.875,0.75,,1
detroitnews.com,0.9269,0.9259,0.9259,0.928,,0.8333,0.8333,0.8333,0.8333,0.75,1,1,0.875,0.75,,1
diepresse.com,,,,,,0.8333,0.8333,0.8333,0.8333,0.75,1,1,0.875,0.75,,1
welt.de,,,,,,0.8333,0.8333,0.8333,0.8333,0.75,1,1,0.875,0.75,,1
downsizinggovernment.org,,,,,,0.8333,0.8333,0.8333,0.8333,0.75,1,1,0.875,0.75,,1
edmontonjournal.com,,,,,,0.8333,0.8333,0.8333,0.8333,0.75,1,1,0.875,0.75,,1
edmontonsun.com,,,,,,0.8333,0.8333,0.8333,0.8333,0.75,1,1,0.875,0.75,,1
eppc.org,,,,,,0.8333,0.8333,0.8333,0.8333,0.75,1,1,0.875,0.75,,1
faithfamilyamerica.com,,,,,,0.8333,0.8333,0.8333,0.8333,0.5,0.5,1,0.5,0.5,,1
longwarjournal.org,,,,,,0.8333,0.8333,0.8333,0.8333,0.75,1,1,0.875,0.75,,1
firearmsnews.com,,,,,,0.75,0.6667,0.8333,0.6667,0.75,1,1,0.875,0.75,,1
fitchratings.com,,,,,,0.8333,0.8333,0.8333,0.8333,0.75,1,1,0.875,0.75,,1
fpri.org,,,,,,0.8333,0.8333,0.8333,0.8333,0.75,1,1,0.875,0.75,,1
fbherald.com,,,,,,0.8333,0.8333,0.8333,0.8333,0.75,1,1,0.875,0.75,,1
fortune.com,0.9127,0.9454,0.88,0.88,,0.8333,0.8333,0.8333,0.8333,0.75,1,1,0.875,0.75,,1
freedomalliance.org,,,,,,0.8333,0.8333,0.8333,0.8333,0.75,1,1,0.875,0.75,,1
freedomhouse.org,,,,,,0.8333,0.8333,0.8333,0.8333,0.75,1,1,0.875,0.75,,1
greeleytribune.com,,,,,,0.8333,0.8333,0.8333,0.8333,0.75,1,1,0.875,0.75,,1
guns.com,,,,,,0.8333,0.8333,0.8333,0.8333,0.75,1,1,0.875,0.75,,1
heterodoxacademy.org,,,,,,0.8333,0.8333,0.8333,0.8333,0.75,1,1,0.875,0.75,,1
hidesertstar.com,,,,,,0.8333,0.8333,0.8333,0.8333,0.75,1,1,0.875,0.75,,1
hpenews.com,,,,,,0.8333,0.8333,0.8333,0.8333,0.75,1,1,0.875,0.75,,1
hoover.org,,,,,,0.8333,0.8333,0.8333,0.8333,0.75,1,1,0.875,0.75,,1
idahostatejournal.com,,,,,,0.8333,0.8333,0.8333,0.8333,0.75,1,1,0.875,0.75,,1
inhomelandsecurity.com,,,,,,0.8333,0.8333,0.8333,0.8333,0.75,1,1,0.875,0.75,,1
inforum.com,,,,,,0.8333,0.8333,0.8333,0.8333,0.75,1,1,0.875,0.75,,1
theihs.org,,,,,,0.8333,0.8333,0.8333,0.8333,0.75,1,1,0.875,0.75,,1
itv.com,,,,,,0.8333,0.8333,0.8333,0.8333,0.75,1,1,0.875,0.75,,1
jewishjournal.com,,,,,,0.8333,0.8333,0.8333,0.8333,0.75,1,1,0.875,0.75,,1
jns.org,,,,,,0.8333,0.8333,0.8333,0.8333,0.75,1,1,0.875,0.75,,1
foxsanantonio.com,,,,,,0.8333,0.8333,0.8333,0.8333,,,,,,,1
katu.com,,,,,,0.8333,0.8333,0.8333,0.8333,0.75,1,1,0.875,0.75,,1
bakersfieldnow.com,,,,,,0.8333,0.8333,0.8333,0.8333,,,,,,,1
klewtv.com,,,,,,0.8333,0.8333,0.8333,0.8333,,,,,,,1
kmph.com,,,,,,0.8333,0.8333,0.8333,0.8333,,,,,,,1
okcfox.com,,,,,,0.8333,0.8333,0.8333,0.8333,,,,,,,1
komonews.com,,,,,,0.8333,0.8333,0.8333,0.8333,,,,,,,1
foxreno.com,,,,,,0.8333,0.8333,0.8333,0.8333,,,,,,,1
news3lv.com,,,,,,0.8333,0.8333,0.8333,0.8333,,,,,,,1
kutv.com,,,,,,0.8333,0.8333,0.8333,0.8333,0.75,1,1,0.875,0.75,,1
nebraska.tv,,,,,,0.8333,0.8333,0.8333,0.8333,,,,,,,1
lmtonline.com,,,,,,0.8333,0.8333,0.8333,0.8333,0.75,1,1,0.875,0.75,,1
reviewjournal.com,0.9137,0.9771,0.8503,0.8503,,0.8333,0.8333,0.8333,0.8333,0.75,1,1,0.875,0.75,,1
lefigaro.fr,,,,,,0.8333,0.8333,0.8333,0.8333,,,,,,,1
learnliberty.org,,,,,,0.8333,0.8333,0.8333,0.8333,0.75,1,1,0.875,0.75,,1
lexingtoninstitute.org,,,,,,0.8333,0.8333,0.8333,0.8333,0.75,1,1,0.875,0.75,,1
libertarianism.org,,,,,,0.8333,0.8333,0.8333,0.8333,0.75,1,1,0.875,0.75,,1
dailynews.com,,,,,,0.8333,0.8333,0.8333,0.8333,0.75,1,1,0.875,0.75,,1
lubbockonline.com,,,,,,0.8333,0.8333,0.8333,0.8333,0.75,1,1,0.875,0.75,,1
unionleader.com,,,,,,0.75,0.6667,0.8333,0.6667,0.5,0.5,1,0.5,0.5,,1
marginalrevolution.com,,,,,,0.8333,0.8333,0.8333,0.8333,0.75,1,1,0.875,0.75,,1
mercatus.org,,,,,,0.8333,0.8333,0.8333,0.8333,0.75,1,1,0.875,0.75,,1
metabunk.org,,,,,,0.8333,,0.8333,0.8333,0.75,1,1,0.875,0.75,,1
montrealgazette.com,,,,,,0.8333,0.8333,0.8333,0.8333,0.75,1,1,0.875,0.75,,1
mtdemocrat.com,,,,,,0.8333,0.8333,0.8333,0.8333,0.75,1,1,0.875,0.75,,1
mynorthwest.com,,,,,,0.8333,0.8333,0.8333,0.8333,0.75,1,1,0.875,0.75,,1
nationalaffairs.com,,,,,,0.8333,0.8333,0.8333,0.8333,0.75,1,1,0.875,0.75,,1
nationalinterest.org,,,,,,0.8333,0.8333,0.8333,0.8333,0.75,1,1,0.875,0.75,,1
nationalpost.com,,,,,,0.8333,0.8333,0.8333,0.8333,0.75,1,1,0.875,0.75,,1
nos.nl,,,,,,0.8333,0.8333,0.8333,0.8333,0.75,1,1,0.875,0.75,,1
observer.com,,,,,,0.8333,0.8333,0.8333,0.8333,0.5,0.5,1,0.5,0.5,,1
news-gazette.com,,,,,,0.8333,0.8333,0.8333,0.8333,0.75,1,1,0.875,0.75,,1
nikkei.com,,,,,,0.8333,0.8333,0.8333,0.8333,,,,,,,1
nj1015.com,,,,,,0.8333,0.8333,0.8333,0.8333,0.75,1,1,0.875,0.75,,1
nwaonline.com,,,,,,0.8333,0.8333,0.8333,0.8333,0.75,1,1,0.875,0.75,,1
oaoa.com,,,,,,0.8333,0.8333,0.8333,0.8333,0.75,1,1,0.875,0.75,,1
omaha.com,0.9606,0.9859,0.9353,0.9353,,0.8333,0.8333,0.8333,0.8333,0.75,1,1,0.875,0.75,,1
ocregister.com,,,,,,0.8333,0.8333,0.8333,0.8333,0.75,1,1,0.875,0.75,,1
oregonlive.com,0.8998,0.8603,0.8603,0.9392,,0.8333,0.8333,0.8333,0.8333,0.75,1,1,0.875,0.75,,1
ottawacitizen.com,,,,,,0.8333,0.8333,0.8333,0.8333,0.75,1,1,0.875,0.75,,1
ottawasun.com,,,,,,0.8333,0.8333,0.8333,0.8333,0.75,1,1,0.875,0.75,,1
newsandsentinel.com,,,,,,0.8333,0.8333,0.8333,0.8333,0.75,1,1,0.875,0.75,,1
peninsuladailynews.com,,,,,,0.8333,0.8333,0.8333,0.8333,0.75,1,1,0.875,0.75,,1
post-gazette.com,0.9703,0.9827,0.9579,0.9579,,0.8333,0.8333,0.8333,0.8333,0.75,1,1,0.875,0.75,,1
triblive.com,,,,,,0.8333,0.8333,0.8333,0.8333,0.75,1,1,0.875,0.75,,1
politisite.com,,,,,,0.8333,0.8333,0.8333,0.8333,0.75,1,1,0.875,0.75,,1
postbulletin.com,,,,,,0.8333,0.8333,0.8333,0.8333,0.75,1,1,0.875,0.75,,1
rasmussenreports.com,0.7054,0.5981,0.5981,0.8126,,0.8333,0.8333,0.8333,0.8333,0.75,1,1,0.875,0.75,,1
valleynewslive.com,,,,,,0.9167,1,0.8333,0.8333,0.75,1,1,0.875,0.75,,1
leaderpost.com,,,,,,0.8333,0.8333,0.8333,0.8333,0.75,1,1,0.875,0.75,,1
remingtonresearchgroup.com,,,,,,0.8333,0.8333,0.8333,0.8333,0.75,1,1,0.875,0.75,,1
richmond.com,,,,,,0.8333,0.8333,0.8333,0.8333,0.75,1,1,0.875,0.75,,1
srnnews.com,,,,,,0.8333,0.8333,0.8333,0.8333,0.75,1,1,0.875,0.75,,1
sbsun.com,,,,,,0.8333,0.8333,0.8333,0.8333,0.75,1,1,0.875,0.75,,1
thestarphoenix.com,,,,,,0.8333,0.8333,0.8333,0.8333,0.75,1,1,0.875,0.75,,1
savannahnow.com,,,,,,0.8333,0.8333,0.8333,0.8333,0.75,1,1,0.875,0.75,,1
star-telegram.com,,,,,,0.8333,0.8333,0.8333,0.8333,0.75,1,1,0.875,0.75,,1
taxfoundation.org,,,,,,0.8333,0.8333,0.8333,0.8333,0.75,1,1,0.875,0.75,,1
tharawat-magazine.com,,,,,,0.8333,0.8333,0.8333,0.8333,0.75,1,1,0.875,0.75,,1
algemeiner.com,,,,,,0.8333,0.8333,0.8333,0.8333,0.75,1,1,0.875,0.75,,1
the-american-interest.com,,,,,,0.8333,0.8333,0.8333,0.8333,0.75,1,1,0.875,0.75,,1
thebulwark.com,0.73,0.7934,0.6666,0.6666,,0.8333,0.8333,0.8333,0.8333,0.75,1,1,0.875,0.75,,1
couriermail.com.au,,,,,,0.8333,0.8333,0.8333,0.8333,0.75,1,1,0.875,0.75,,1
thedispatch.com,0.8394,0.8427,0.8362,0.8362,,0.8333,0.8333,0.8333,0.8333,0.75,1,1,0.875,0.75,,1
durangoherald.com,,,,,,0.8333,0.8333,0.8333,0.8333,0.75,1,1,0.875,0.75,,1
elkharttruth.com,,,,,,0.8333,0.8333,0.8333,0.8333,0.75,1,1,0.875,0.75,,1
thefiscaltimes.com,0.9364,0.9881,0.8848,0.8848,,0.8333,0.8333,0.8333,0.8333,0.75,1,1,0.875,0.75,,1
thegazette.com,,,,,,0.8333,0.8333,0.8333,0.8333,0.75,1,1,0.875,0.75,,1
theglobeandmail.com,,,,,,0.8333,0.8333,0.8333,0.8333,0.75,1,1,0.875,0.75,,1
thejacknews.com,,,,,,0.8333,0.8333,0.8333,0.8333,0.75,1,1,0.875,0.75,,1
the-japan-news.com,,,,,,0.8333,0.8333,0.8333,0.8333,0.75,1,1,0.875,0.75,,1
journal-news.net,,,,,,0.8333,0.8333,0.8333,0.8333,0.75,1,1,0.875,0.75,,1
theledger.com,,,,,,0.8333,0.8333,0.8333,0.8333,0.75,1,1,0.875,0.75,,1
thenewatlantis.com,,,,,,0.8333,0.8333,0.8333,0.8333,0.75,1,1,0.875,0.75,,1
theobjectivestandard.com,,,,,,0.8333,0.8333,0.8333,0.8333,0.75,1,1,0.875,0.75,,1
oklahoman.com,,,,,,0.8333,0.8333,0.8333,0.8333,0.75,1,1,0.875,0.75,,1
post-journal.com,,,,,,0.8333,0.8333,0.8333,0.8333,0.75,1,1,0.875,0.75,,1
pe.com,,,,,,0.8333,0.8333,0.8333,0.8333,0.75,1,1,0.875,0.75,,1
spokesman.com,,,,,,0.9167,1,0.8333,0.8333,0.75,1,1,0.875,0.75,,1
theitem.com,,,,,,0.75,0.6667,0.8333,0.6667,0.75,1,1,0.875,0.75,,1
thetimesherald.com,,,,,,0.8333,0.8333,0.8333,0.8333,0.75,1,1,0.875,0.75,,1
thetimes.co.uk,,,,,,0.8333,0.8333,0.8333,0.8333,0.75,1,1,0.875,0.75,,1
winchesterstar.com,,,,,,0.8333,0.8333,0.8333,0.8333,0.75,1,1,0.875,0.75,,1
yomiuri.co.jp,,,,,,0.8333,0.8333,0.8333,0.8333,0.75,1,1,0.875,0.75,,1
thestreet.com,,,,,,0.8333,0.8333,0.8333,0.8333,0.75,1,1,0.875,0.75,,1
tnonline.com,,,,,,0.8333,0.8333,0.8333,0.8333,0.75,1,1,0.875,0.75,,1
toledoblade.com,,,,,,0.8333,0.8333,0.8333,0.8333,0.75,1,1,0.875,0.75,,1
cjonline.com,,,,,,0.8333,0.8333,0.8333,0.8333,0.75,1,1,0.875,0.75,,1
tulsaworld.com,,,,,,0.8333,0.8333,0.8333,0.8333,0.75,1,1,0.875,0.75,,1
vancouversun.com,,,,,,0.8333,0.8333,0.8333,0.8333,0.75,1,1,0.875,0.75,,1
villages-news.com,,,,,,0.8333,0.8333,0.8333,0.8333,,,,,,,1
rep-am.com,,,,,,0.8333,0.8333,0.8333,0.8333,0.75,1,1,0.875,0.75,,1
weartv.com,,,,,,0.8333,0.8333,0.8333,0.8333,,,,,,,1
wctrib.com,,,,,,0.8333,0.8333,0.8333,0.8333,0.75,1,1,0.875,0.75,,1
wgxa.tv,,,,,,0.8333,0.8333,0.8333,0.8333,,,,,,,1
sungazette.com,,,,,,0.8333,0.8333,0.8333,0.8333,0.75,1,1,0.875,0.75,,1
news-herald.com,,,,,,0.8333,0.8333,0.8333,0.8333,0.75,1,1,0.875,0.75,,1
windsorstar.com,,,,,,0.8333,0.8333,0.8333,0.8333,0.75,1,1,0.875,0.75,,1
wjactv.com,,,,,,0.8333,0.8333,0.8333,0.8333,,,,,,,1
wjla.com,,,,,,0.8333,0.8333,0.8333,0.8333,,,,,,,1
wlos.com,,,,,,0.8333,0.8333,0.8333,0.8333,0.75,1,1,0.875,0.75,,1
fox11online.com,,,,,,0.8333,0.8333,0.8333,0.8333,,,,,,,1
nbc24.com,,,,,,0.8333,0.8333,0.8333,0.8333,,,,,,,1
cbs12.com,,,,,,0.8333,0.8333,0.8333,0.8333,0.75,1,1,0.875,0.75,,1
wsbt.com,,,,,,0.8333,0.8333,0.8333,0.8333,,,,,,,1
wtov9.com,,,,,,0.8333,0.8333,0.8333,0.8333,,,,,,,1
yankeeinstitute.org,,,,,,0.8333,0.8333,0.8333,0.8333,0.75,1,1,0.875,0.75,,1
zebrafactcheck.com,,,,,,0.8333,0.8333,0.8333,0.8333,0.75,1,1,0.875,0.75,,1
crfb.org,,,,,,0.9167,0.8333,1,0.8333,0.75,1,1,0.875,0.75,,1
glennbeck.com,0.3139,0.2666,0.2666,0.3612,,,,,,,,,,,,1
billoreilly.com,0.2866,0.1978,0.1978,0.3755,,,,,,,,,,,,1
nysun.com,0.5852,0.5884,0.582,0.582,,,,,,0.5,0.5,1,0.5,0.5,,1
popsugar.com,0.6504,0.6185,0.6185,0.6822,,,,,,,,,,,,1
elle.com,0.7167,0.7328,0.7005,0.7005,,,,,,0.5,0.5,1,0.5,0.5,,1
capitolweekly.net,0.8393,0.9246,0.754,0.754,,,,,,,,,,,,1
radiotimes.com,0.886,1,0.7721,0.7721,,,,,,,,,,,,1
vogue.com,0.7027,0.6239,0.6239,0.7815,,,,,,,,,,,,1
billboard.com,0.862,0.93,0.7941,0.7941,,,,,,,,,,,,1
theeveningtimes.com,0.8846,0.9535,0.8157,0.8157,,,,,,,,,,,,1
edweek.org,0.8679,0.881,0.8549,0.8549,,,,,,,,,,,,1
readtangle.com,0.9003,0.9438,0.8569,0.8569,,,,,,,,,,,,1
harpersbazaar.com,0.8243,0.7862,0.7862,0.8624,,,,,,,,,,,,1
coloradodaily.com,0.9099,0.9234,0.8965,0.8965,,,,,,,,,,,,1
bizjournals.com,0.9556,0.9962,0.915,0.915,,,,,,,,,,,,1
aspentimes.com,0.9536,0.99,0.9172,0.9172,,,,,,,,,,,,1
hawaiinewsnow.com,0.9571,0.9956,0.9185,0.9185,,,,,,,,,,,,1
montanafreepress.org,0.9135,0.9046,0.9046,0.9225,,,,,,,,,,,,1
financialbuzz.com,0.9611,0.9991,0.9231,0.9231,,,,,,,,,,,,1
bgov.com,0.8837,0.8314,0.8314,0.9359,,,,,,,,,,,,1
cfo.com,0.9732,0.9994,0.9469,0.9469,,,,,,,,,,,,1
chron.com,0.9694,0.9837,0.9551,0.9551,,,,,,0.75,1,1,0.875,0.75,,1
weather.com,0.9849,0.9699,0.9699,1,,,,,,,,,,,,1
thevaccinereaction.org,,,,,,0.1667,,0.1667,0.1667,0,0,0,0,0,0.066,0
notiziepericolose.blogspot.it,,,,,,,,,,0,0,0,0,0,,1
ilmattoquotidiano.it,,,,,,,,,,0,0,0,0,0,,1
ilmessaggio.it,,,,,,,,,,0,0,0,0,0,,1
ilfattoquotidaino.it,,,,,,,,,,0,0,0,0,0,,1
ilquotidaino.wordpress.com,,,,,,,,,,0,0,0,0,0,,1
liberogiornale.com,,,,,,,,,,0,0,0,0,0,,1
notiziariosegreto.wordpress.com,,,,,,,,,,0,0,0,0,0,,1
secretnews.fr,,,,,,,,,,0,0,0,0,0,,1
superbamente.com,,,,,,,,,,0,0,0,0,0,,1
worldnewsdailyreport.com,,,,,,,,,,0,0,0,0,0,,1
fonteverificata.it,,,,,,,,,,0,0,0,0,0,,1
dionidream.com,,,,,,,,,,0,0,0,0,0,,1
lastella.altervista.org,,,,,,,,,,0,0,0,0,0,,1
segnidalcielo.it,,,,,,,,,,0,0,0,0,0,,1
pianetablunews.wordpress.com,,,,,,,,,,0,0,0,0,0,,1
saltoquantico.org,,,,,,,,,,0,0,0,0,0,,1
autismovaccini.org,,,,,,,,,,0,0,0,0,0,,1
jedanews.it/blog,,,,,,,,,,0,0,0,0,0,,1
notiziespericolate.com,,,,,,,,,,0,0,0,0,0,,1
viaggialowcost.altervista.org,,,,,,,,,,0,0,0,0,0,,1
sadefenza.blogspot.com,,,,,,,,,,0,0,0,0,0,,1
renovatio21.com,,,,,,,,,,0,0,0,0,0,,1
devinformarti.blogspot.it,,,,,,,,,,0,0,0,0,0,,1
imolaoggi.it,,,,,,,,,,0,0,0,0,0,,1
scenarieconomici.it,,,,,,,,,,0,0,0,0,0,,1
voxnews.info,,,,,,,,,,0,0,0,0,0,,1
informarexresistere.fr,,,,,,,,,,0,0,0,0,0,,1
breaknotizie.com,,,,,,,,,,0,0,0,0,0,,1
direttanews24.com,,,,,,,,,,0,0,0,0,0,,1
fascinazione.info,,,,,,,,,,0,0,0,0,0,,1
tg5stelle.it,,,,,,,,,,0,0,0,0,0,,1
blogopenyoureyes.altervista.org,,,,,,,,,,0,0,0,0,0,,1
ilbazarinformazione.blogspot.it,,,,,,,,,,0,0,0,0,0,,1
informare.over-blog.it,,,,,,,,,,0,0,0,0,0,,1
notizieinmovimentonews.blogspot.it,,,,,,,,,,0,0,0,0,0,,1
tg24-ore.com,,,,,,,,,,0,0,0,0,0,,1
informaresenzacensure.blogspot.com,,,,,,,,,,0,0,0,0,0,,1
byoblu.com,,,,,,,,,,0,0,0,0,0,,1
mag24.es,,,,,,,,,,0,0,0,0,0,,1
iocritico.com,,,,,,,,,,0,0,0,0,0,,1
sostenitori.info,,,,,,,,,,0,0,0,0,0,,1
irresponsabile.com,,,,,,,,,,0,0,0,0,0,,1
aidaa-animaliambiente.blogspot.it,,,,,,,,,,0,0,0,0,0,,1
thuglifevideos.com,,,,,,,,,,0,0,0,0,0,,1
maurizioblondet.it,,,,,,,,,,0,0,0,0,0,,1
tgnewsitalia.it/wp,,,,,,,,,,0.25,0.5,1,0.375,0.25,,1
vnews24.it,,,,,,,,,,0.25,0.5,1,0.375,0.25,,1
internapoli.it,,,,,,,,,,0.25,0.5,1,0.375,0.25,,1
elitereaders.com,,,,,,,,,,0.25,0.5,1,0.375,0.25,,1
endtime.com,,,,,,,,,,0.25,0.5,1,0.375,0.25,,1
livevote.com,,,,,,,,,,0.25,0.5,1,0.375,0.25,,1
lovethispic.com,,,,,,,,,,0.25,0.5,1,0.375,0.25,,1
meanlefthook.com,,,,,,,,,,0.25,0.5,1,0.375,0.25,,1
occupyliberals.com,,,,,,,,,,0.25,0.5,1,0.375,0.25,,1
patriotchronicle.com,,,,,,,,,,0.25,0.5,1,0.375,0.25,,1
remedydaily.com,,,,,,,,,,0.25,0.5,1,0.375,0.25,,1
bigpzone.com,,,,,,,,,,0.25,0.5,1,0.375,0.25,,1
wideawakeamerica.com,,,,,,,,,,0.25,0.5,1,0.375,0.25,,1
redflagnews.com,,,,,,,,,,0.25,0.5,1,0.375,0.25,,1
amusmentic.com,,,,,,,,,,0.25,0.5,1,0.375,0.25,,1
automotostar.com,,,,,,,,,,0.25,0.5,1,0.375,0.25,,1
educateinspirechange.org/health,,,,,,,,,,0.25,0.5,1,0.375,0.25,,1
heatst.com,,,,,,,,,,0.25,0.5,1,0.375,0.25,,1
indiaarising.com,,,,,,,,,,0.25,0.5,1,0.375,0.25,,1
uslifetoday.com,,,,,,,,,,0.25,0.5,1,0.375,0.25,,1
usuncut.com,,,,,,,,,,0.25,0.5,1,0.375,0.25,,1
viraltube.nl,,,,,,,,,,0.25,0.5,1,0.375,0.25,,1
yournationnews.com,,,,,,,,,,0.25,0.5,1,0.375,0.25,,1
sulatestagiannilannes.blogspot.it,,,,,,,,,,0,0,0,0,0,,1
tmcrew.org,,,,,,,,,,0,0,0,0,0,,1
tanker-enemy.com,,,,,,,,,,0,0,0,0,0,,1
tankerenemy.com,,,,,,,,,,0,0,0,0,0,,1
nocensura.com,,,,,,,,,,0,0,0,0,0,,1
sapereeundovere.com,,,,,,,,,,0,0,0,0,0,,1
luogocomune.net/lc,,,,,,,,,,0,0,0,0,0,,1
disinformazione.it,,,,,,,,,,0,0,0,0,0,,1
centrometeoitaliano.it,,,,,,,,,,0,0,0,0,0,,1
informatitalia.blogspot.it,,,,,,,,,,0,0,0,0,0,,1
signoraggio.it,,,,,,,,,,0,0,0,0,0,,1
albainternazionale.blogspot.it,,,,,,,,,,0,0,0,0,0,,1
facebook.com/oggi24ore,,,,,,,,,,0,0,0,0,0,,1
facebook.com/scienza-di-confine-188189217954979,,,,,,,,,,0,0,0,0,0,,1
facebook.com/stopinvasioneclandestina,,,,,,,,,,0,0,0,0,0,,1
facebook.com/noncielodicono,,,,,,,,,,0,0,0,0,0,,1
facebook.com/robyfanpage.it,,,,,,,,,,0,0,0,0,0,,1
facebook.com/sardegnatoday,,,,,,,,,,0,0,0,0,0,,1
facebook.com/sadefenza,,,,,,,,,,0,0,0,0,0,,1
twitter.com/radiosavana,,,,,,,,,,0,0,0,0,0,,1
facebook.com/quello-che-non-ci-dicono-107884204213182,,,,,,,,,,0,0,0,0,0,,1
facebook.com/websocialtv,,,,,,,,,,0,0,0,0,0,,1
twitter.com/socialtvntw,,,,,,,,,,0,0,0,0,0,,1
anno3000.altervista.org,,,,,,,,,,0.25,0,0,0.125,0,,1
corrieredelcorsaro.it,,,,,,,,,,0.25,0,0,0.125,0,,1
gazzettadellasera.com,,,,,,,,,,0.25,0,0,0.125,0,,1
gazzettinoweb.altervista.org,,,,,,,,,,0.25,0,0,0.125,0,,1
ilcazzoquotidiano.altervista.org/blog,,,,,,,,,,0.25,0,0,0.125,0,,1
notiziepericolose.blogspot.com,,,,,,,,,,0.25,0,0,0.125,0,,1
facebook.com/ilfalloquotidiano,,,,,,,,,,0.25,0,0,0.125,0,,1
ilgiornaliere.com,,,,,,,,,,0.25,0,0,0.125,0,,1
ilgiomale.it,,,,,,,,,,0.25,0,0,0.125,0,,1
inews24.it,,,,,,,,,,0.25,0,0,0.125,0,,1
ioco.altervista.org,,,,,,,,,,0.25,0,0,0.125,0,,1
lavocea5stelle.altervista.org,,,,,,,,,,0.25,0,0,0.125,0,,1
liberogiornale.it,,,,,,,,,,0.25,0,0,0.125,0,,1
news24roma.altervista.org,,,,,,,,,,0.25,0,0,0.125,0,,1
news24tg.com,,,,,,,,,,0.25,0,0,0.125,0,,1
news24europa.com,,,,,,,,,,0.25,0,0,0.125,0,,1
notiziea5stelle.com,,,,,,,,,,0.25,0,0,0.125,0,,1
panorana.it,,,,,,,,,,0.25,0,0,0.125,0,,1
paperera.com,,,,,,,,,,0.25,0,0,0.125,0,,1
sky24ore.it,,,,,,,,,,0.25,0,0,0.125,0,,1
strafattiquotidiani.wordpress.com,,,,,,,,,,0.25,0,0,0.125,0,,1
ilgiornaledeiticinesi.info,,,,,,,,,,0,0.5,1,0.25,0,,1
lercio.it,,,,,,,,,,0,0.5,1,0.25,0,,1
ticinoinforna.com,,,,,,,,,,0,0.5,1,0.25,0,,1
twitter.com/cbugliano,,,,,,,,,,0,0.5,1,0.25,0,,1
twitter.com/vigilevittorino,,,,,,,,,,0,0.5,1,0.25,0,,1
theonion.com,,,,,,,,,,0,0.5,1,0.25,0,,1
aceflashman.wordpress.com,,,,,,,,,,0,0.5,1,0.25,0,,1
actualidadpanamericana.com,,,,,,,,,,0,0.5,1,0.25,0,,1
awazetribune.com,,,,,,,,,,0,0.5,1,0.25,0,,1
brokenworldnews.com,,,,,,,,,,0,0.5,1,0.25,0,,1
callthecops.net,,,,,,,,,,0,0.5,1,0.25,0,,1
chronicle.su,,,,,,,,,,0,0.5,1,0.25,0,,1
dailysnark.com,,,,,,,,,,0,0.5,1,0.25,0,,1
dailysquib.co.uk,,,,,,,,,,0,0.5,1,0.25,0,,1
diversitychronicle.wordpress.com,,,,,,,,,,0,0.5,1,0.25,0,,1
duffelblog.com,,,,,,,,,,0,0.5,1,0.25,0,,1
elkoshary.com,,,,,,,,,,0,0.5,1,0.25,0,,1
elmundotoday.com,,,,,,,,,,0,0.5,1,0.25,0,,1
fognews.ru,,,,,,,,,,0,0.5,1,0.25,0,,1
freedumjunkshun.com,,,,,,,,,,0,0.5,1,0.25,0,,1
fridaymash.com,,,,,,,,,,0,0.5,1,0.25,0,,1
halfwaypost.com,,,,,,,,,,0,0.5,1,0.25,0,,1
holyobserver.com,,,,,,,,,,0,0.5,1,0.25,0,,1
islamicanews.com,,,,,,,,,,0,0.5,1,0.25,0,,1
liberalbias.com,,,,,,,,,,0,0.5,1,0.25,0,,1
lushforlife.com,,,,,,,,,,0,0.5,1,0.25,0,,1
newsbreakers.org,,,,,,,,,,0,0.5,1,0.25,0,,1
newstoad.net,,,,,,,,,,0,0.5,1,0.25,0,,1
objectiveministries.org,,,,,,,,,,0,0.5,1,0.25,0,,1
politicalgarbagechute.com,,,,,,,,,,0,0.5,1,0.25,0,,1
satirewire.com,,,,,,,,,,0,0.5,1,0.25,0,,1
sensationalisttimes.com,,,,,,,,,,0,0.5,1,0.25,0,,1
sportspickle.com,,,,,,,,,,0,0.5,1,0.25,0,,1
stneotscitizen.com,,,,,,,,,,0,0.5,1,0.25,0,,1
thedailymash.co.uk,,,,,,,,,,0,0.5,1,0.25,0,,1
thedailywtf.com,,,,,,,,,,0,0.5,1,0.25,0,,1
thelapine.ca,,,,,,,,,,0,0.5,1,0.25,0,,1
thepeoplescube.com,,,,,,,,,,0,0.5,1,0.25,0,,1
theskunk.org,,,,,,,,,,0,0.5,1,0.25,0,,1
theunrealtimes.com,,,,,,,,,,0,0.5,1,0.25,0,,1
trumpbetrayed.us,,,,,,,,,,0,0.5,1,0.25,0,,1
unconfirmedsources.com,,,,,,,,,,0,0.5,1,0.25,0,,1
waterfordwhispersnews.com,,,,,,,,,,0,0.5,1,0.25,0,,1
wearethellod.com,,,,,,,,,,0,0.5,1,0.25,0,,1
williambanzai7.blogspot.com,,,,,,,,,,0,0.5,1,0.25,0,,1
wonkie.com,,,,,,,,,,0,0.5,1,0.25,0,,1
amplifyingglass.com,,,,,,,,,,0,0.5,1,0.25,0,,1
duffleblog.com,,,,,,,,,,0,0.5,1,0.25,0,,1
gomerblog.com,,,,,,,,,,0,0.5,1,0.25,0,,1
nahadaily.com,,,,,,,,,,0,0.5,1,0.25,0,,1
rockcitytimes.com,,,,,,,,,,0,0.5,1,0.25,0,,1
alternativelyfacts.com,,,,,,,,,,0,0.5,1,0.25,0,,1
alternative-science.com,,,,,,,,,,0,0.5,1,0.25,0,,1
babylonbee.com,,,,,,,,,,0,0.5,1,0.25,0,,1
bluenewsnetwork.com,,,,,,,,,,0,0.5,1,0.25,0,,1
breakingburgh.com,,,,,,,,,,0,0.5,1,0.25,0,,1
bullshitnews.org,,,,,,,,,,0,0.5,1,0.25,0,,1
bustatroll.org,,,,,,,,,,0,0.5,1,0.25,0,,1
confederacyofdrones.com,,,,,,,,,,0,0.5,1,0.25,0,,1
cracked.com,,,,,,,,,,0,0.5,1,0.25,0,,1
dailyworldupdate.us,,,,,,,,,,0,0.5,1,0.25,0,,1
eveningharold.com,,,,,,,,,,0,0.5,1,0.25,0,,1
flake.news,,,,,,,,,,0,0.5,1,0.25,0,,1
frankmag.ca,,,,,,,,,,0,0.5,1,0.25,0,,1
freedomcrossroads.com,,,,,,,,,,0,0.5,1,0.25,0,,1
genesiustimes.com,,,,,,,,,,0,0.5,1,0.25,0,,1
gishgallop.com,,,,,,,,,,0,0.5,1,0.25,0,,1
harddawn.com,,,,,,,,,,0,0.5,1,0.25,0,,1
imao.us,,,,,,,,,,0,0.5,1,0.25,0,,1
infobattle.org,,,,,,,,,,0,0.5,1,0.25,0,,1
larknews.com,,,,,,,,,,0,0.5,1,0.25,0,,1
legorafi.fr,,,,,,,,,,0,0.5,1,0.25,0,,1
madhousemagazine.com,,,,,,,,,,0,0.5,1,0.25,0,,1
mcsweeneys.net,,,,,,,,,,0,0.5,1,0.25,0,,1
moronmajority.com,,,,,,,,,,0,0.5,1,0.25,0,,1
newsthump.com,,,,,,,,,,0,0.5,1,0.25,0,,1
npcdaily.com,,,,,,,,,,0,0.5,1,0.25,0,,1
prettycoolsite.com,,,,,,,,,,0,0.5,1,0.25,0,,1
potatriotsunite.com,,,,,,,,,,0,0.5,1,0.25,0,,1
realrawnews.com,,,,,,,,,,0,0.5,1,0.25,0,,1
reductress.com,,,,,,,,,,0,0.5,1,0.25,0,,1
sanctumnews.com,,,,,,,,,,0,0.5,1,0.25,0,,1
satirev.org,,,,,,,,,,0,0.5,1,0.25,0,,1
schmedium.org,,,,,,,,,,0,0.5,1,0.25,0,,1
southendnewsnetwork.net,,,,,,,,,,0,0.5,1,0.25,0,,1
stiltonsplace.blogspot.com,,,,,,,,,,0,0.5,1,0.25,0,,1
stubhillnews.com,,,,,,,,,,0,0.5,1,0.25,0,,1
suffolkgazette.com,,,,,,,,,,0,0.5,1,0.25,0,,1
thatsprettygoodscience.com,,,,,,,,,,0,0.5,1,0.25,0,,1
atlbanana.com,,,,,,,,,,0,0.5,1,0.25,0,,1
thebeaverton.com,,,,,,,,,,0,0.5,1,0.25,0,,1
chaser.com.au,,,,,,,,,,0,0.5,1,0.25,0,,1
thedailymire.com,,,,,,,,,,0,0.5,1,0.25,0,,1
themideastbeast.com,,,,,,,,,,0,0.5,1,0.25,0,,1
thesciencepost.com,,,,,,,,,,0,0.5,1,0.25,0,,1
theshovel.com.au,,,,,,,,,,0,0.5,1,0.25,0,,1
thereisnews.com,,,,,,,,,,0,0.5,1,0.25,0,,1
tittletattle365.com,,,,,,,,,,0,0.5,1,0.25,0,,1
truthbrary.org,,,,,,,,,,0,0.5,1,0.25,0,,1
wokennews.com,,,,,,,,,,0,0.5,1,0.25,0,,1
beehivebugle.com,,,,,,,,,,0,0.5,1,0.25,0,,1
borowitzreport.com,,,,,,,,,,0,0.5,1,0.25,0,,1
bostontribune.com,,,,,,,,,,0,0.5,1,0.25,0,,1
crystalair.com,,,,,,,,,,0,0.5,1,0.25,0,,1
dailyleak.org,,,,,,,,,,0,0.5,1,0.25,0,,1
dandygoat.com,,,,,,,,,,0,0.5,1,0.25,0,,1
der-postillon.com,,,,,,,,,,0,0.5,1,0.25,0,,1
freepatriot.org,,,,,,,,,,0,0.5,1,0.25,0,,1
glossynews.com,,,,,,,,,,0,0.5,1,0.25,0,,1
humortimes.com,,,,,,,,,,0,0.5,1,0.25,0,,1
ironictimes.com,,,,,,,,,,0,0.5,1,0.25,0,,1
johnnyrobish.com,,,,,,,,,,0,0.5,1,0.25,0,,1
landoverbaptist.org,,,,,,,,,,0,0.5,1,0.25,0,,1
newyorker.com/humor,,,,,,,,,,0,0.5,1,0.25,0,,1
religionlo.com,,,,,,,,,,0,0.5,1,0.25,0,,1
scrappleface.com,,,,,,,,,,0,0.5,1,0.25,0,,1
speld.nl,,,,,,,,,,0,0.5,1,0.25,0,,1
surrealscoop.com,,,,,,,,,,0,0.5,1,0.25,0,,1
theineptowl.com,,,,,,,,,,0,0.5,1,0.25,0,,1
themadisonmisnomer.com,,,,,,,,,,0,0.5,1,0.25,0,,1
thestatelyharold.com,,,,,,,,,,0,0.5,1,0.25,0,,1
thetimesoftheworld.com,,,,,,,,,,0,0.5,1,0.25,0,,1
topekasnews.com,,,,,,,,,,0,0.5,1,0.25,0,,1
winkprogress.com,,,,,,,,,,0,0.5,1,0.25,0,,1
wundergroundmusic.com,,,,,,,,,,0,0.5,1,0.25,0,,1
bbspot.com,,,,,,,,,,0,0,0,0,0,,1
betootaadvocate.com,,,,,,,,,,0,0,0,0,0,,1
collegehumor.com,,,,,,,,,,0,0,0,0,0,,1
dailycurrant.com,,,,,,,,,,0,0,0,0,0,,1
empirenews.net,,,,,,,,,,0,0,0,0,0,,1
empiresports.co,,,,,,,,,,0,0,0,0,0,,1
freewoodpost.com,,,,,,,,,,0,0,0,0,0,,1
huzlers.com,,,,,,,,,,0,0,0,0,0,,1
journaldemourreal.com,,,,,,,,,,0,0,0,0,0,,1
lightlybraisedturnip.com,,,,,,,,,,0,0,0,0,0,,1
en.mediamass.net,,,,,,,,,,0,0,0,0,0,,1
nationalreport.net,,,,,,,,,,0,0,0,0,0,,1
newsexaminer.net,,,,,,,,,,0,0,0,0,0,0,0
newyorker.com/humor/borowitz-report,,,,,,,,,,0,0,0,0,0,,1
thenewsnerd.com,,,,,,,,,,0,0,0,0,0,,1
thepoke.co.uk,,,,,,,,,,0,0,0,0,0,,1
weeklyworldnews.com,,,,,,,,,,0,0,0,0,0,,1
16wmpo.com,,,,,,,,,,0,0,0,0,0,,1
20minutenews.com,,,,,,,,,,0,0,0,0,0,,1
247newsmedia.com,,,,,,,,,,0,0,0,0,0,,1
24aktuelles.com,,,,,,,,,,0,0,0,0,0,,1
24online.news,,,,,,,,,,0,0,0,0,0,,1
24usainfo.com,,,,,,,,,,0,0,0,0,0,,1
24wpn.com,,,,,,,,,,0,0,0,0,0,,1
abcnews.com.co,,,,,,,,,,0,0,0,0,0,,1
actualite.co,,,,,,,,,,0,0,0,0,0,,1
actualites.co,,,,,,,,,,0,0,0,0,0,,1
adobochronicles.com,,,,,,,,,,0,0,0,0,0,,1
alabamaobserver.com,,,,,,,,,,0,0,0,0,0,,1
aldipest.com,,,,,,,,,,0,0,0,0,0,,1
alertchild.com,,,,,,,,,,0,0,0,0,0,,1
alynews.com,,,,,,,,,,0,0,0,0,0,,1
americafans.com,,,,,,,,,,0,0,0,0,0,,1
americanflare.com,,,,,,,,,,0,0,0,0,0,,1
americanflavor.news,,,,,,,,,,0,0,0,0,0,,1
americanpeoplenetwork.com,,,,,,,,,,0,0,0,0,0,,1
americanpoliticnews.co,,,,,,,,,,0,0,0,0,0,,1
americanpresident.co,,,,,,,,,,0,0,0,0,0,,1
americanprides.com,,,,,,,,,,0,0,0,0,0,,1
americasnewest.com,,,,,,,,,,0,0,0,0,0,,1
amposts.com,,,,,,,,,,0,0,0,0,0,,1
anews-24.com,,,,,,,,,,0,0,0,0,0,0,0
anews24.org,,,,,,,,,,0,0,0,0,0,,1
anonjekloy.tk,,,,,,,,,,0,0,0,0,0,,1
areyouasleep.com,,,,,,,,,,0,0,0,0,0,,1
asamericanasapplepie.org,,,,,,,,,,0,0,0,0,0,,1
associatedmediacoverage.com,,,,,,,,,,0,0,0,0,0,,1
aurora-news.us,,,,,,,,,,0,0,0,0,0,,1
badcriminals.com,,,,,,,,,,0,0,0,0,0,,1
baldwinpost.com,,,,,,,,,,0,0,0,0,0,,1
baltimoregazette.com,,,,,,,,,,0,0,0,0,0,,1
battypost.com,,,,,,,,,,0,0,0,0,0,,1
belgique.actualites.co,,,,,,,,,,0,0,0,0,0,,1
bients.com,,,,,,,,,,0,0,0,0,0,,1
bigbluevision.org,,,,,,,,,,0,0,0,0,0,,1
bignuggetnews.com,,,,,,,,,,0,0,0,0,0,,1
bizstandardnews.com,,,,,,,,,,0,0,0,0,0,,1
bluevision.news,,,,,,,,,,0,0,0,0,0,,1
bluevisionpost.com,,,,,,,,,,0,0,0,0,0,,1
borderherald.com,,,,,,,,,,0,0,0,0,0,,1
bostonleader.com,,,,,,,,,,0,0,0,0,0,,1
breakingtop.world,,,,,,,,,,0,0,0,0,0,,1
burrardstreetjournal.com,,,,,,,,,,0,0,0,0,0,,1
butthatsnoneofmybusiness.com,,,,,,,,,,0,0,0,0,0,,1
buzzfeedusa.com,,,,,,,,,,0,0,0,0,0,,1
cartelpress.com,,,,,,,,,,0,0,0,0,0,,1
cartelreport.com,,,,,,,,,,0,0,0,0,0,,1
celebtricity.com,,,,,,,,,,0,0,0,0,0,,1
channel16news.com,,,,,,,,,,0,0,0,0,0,,1
channel17news.com,,,,,,,,,,0,0,0,0,0,,1
channel18news.com,,,,,,,,,,0,0,0,0,0,,1
channel22news.com,,,,,,,,,,0,0,0,0,0,,1
channel23news.com,,,,,,,,,,0,0,0,0,0,,1
channel28news.com,,,,,,,,,,0,0,0,0,0,,1
channel34news.com,,,,,,,,,,0,0,0,0,0,,1
channel45news.com,,,,,,,,,,0,0,0,0,0,,1
channel5000.com,,,,,,,,,,0,0,0,0,0,,1
choiceandtruth.com,,,,,,,,,,0,0,0,0,0,,1
christiantimesnewspaper.com,,,,,,,,,,0,0,0,0,0,,1
christiantoday.info,,,,,,,,,,0,0,0,0,0,,1
chuckcallesto.blogspot.com,,,,,,,,,,0,0,0,0,0,,1
civictribune.com,,,,,,,,,,0,0,0,0,0,,1
clancyreport.com,,,,,,,,,,0,0,0,0,0,,1
clear-politics.com,,,,,,,,,,0,0,0,0,0,,1
cnn.com.de,,,,,,,,,,0,0,0,0,0,,1
cnnews3.com,,,,,,,,,,0,0,0,0,0,,1
consciouslyenlightened.com,,,,,,,,,,0,0,0,0,0,,1
conservativearmy88.com,,,,,,,,,,0,0,0,0,0,,1
conservativeflashnews.com,,,,,,,,,,0,0,0,0,0,,1
conservativeinfocorner.com,,,,,,,,,,0,0,0,0,0,,1
conservativeinsider.co,,,,,,,,,,0,0,0,0,0,,1
conservativespirit.com,,,,,,,,,,0,0,0,0,0,,1
conservativestudio.com,,,,,,,,,,0,0,0,0,0,,1
consnation.com,,,,,,,,,,0,0,0,0,0,,1
cooltobeconservative.com,,,,,,,,,,0,0,0,0,0,,1
daily-sun.com,,,,,,,,,,0,0,0,0,0,,1
dailyfinesser.com,,,,,,,,,,0,0,0,0,0,,1
dailyinfobox.com,,,,,,,,,,0,0,0,0,0,,1
dailyinsidernews.com,,,,,,,,,,0,0,0,0,0,0.066,0
dailynews10.com,,,,,,,,,,0,0,0,0,0,,1
dailynews11.com,,,,,,,,,,0,0,0,0,0,,1
dailynews3.com,,,,,,,,,,0,0,0,0,0,,1
dailynews33.com,,,,,,,,,,0,0,0,0,0,,1
dailynews5.com,,,,,,,,,,0,0,0,0,0,,1
dailynewsposts.info,,,,,,,,,,0,0,0,0,0,,1
dailypresser.com,,,,,,,,,,0,0,0,0,0,,1
dailyusaupdate.com,,,,,,,,,,0,0,0,0,0,,1
damnleaks.com,,,,,,,,,,0,0,0,0,0,,1
democraticmoms.com,,,,,,,,,,0,0,0,0,0,,1
denverguardian.com,,,,,,,,,,0,0,0,0,0,,1
denverinquirer.com,,,,,,,,,,0,0,0,0,0,,1
departed.co,,,,,,,,,,0,0,0,0,0,,1
departedmedia.com,,,,,,,,,,0,0,0,0,0,,1
dineal.com,,,,,,,,,,0,0,0,0,0,,1
diyhours.net,,,,,,,,,,0,0,0,0,0,,1
donaldtrumpnews.co,,,,,,,,,,0,0,0,0,0,,1
donaldtrumppotus45.com,,,,,,,,,,0,0,0,0,0,,1
drugsofficial.com,,,,,,,,,,0,0,0,0,0,,1
embols.com,,,,,,,,,,0,0,0,0,0,,1
endingthefed.com,,,,,,,,,,0,0,0,0,0,,1
enhlive.com,,,,,,,,,,0,0,0,0,0,,1
everydaybreakingnews.com,,,,,,,,,,0,0,0,0,0,,1
everynewshere.com,,,,,,,,,,0,0,0,0,0,,1
famousviralstories.com,,,,,,,,,,0,0,0,0,0,,1
fanzinger.com,,,,,,,,,,0,0,0,0,0,,1
federalistnation.com,,,,,,,,,,0,0,0,0,0,,1
federalisttribune.com,,,,,,,,,,0,0,0,0,0,,1
fedsalert.com,,,,,,,,,,0,0,0,0,0,,1
flashinfo.org,,,,,,,,,,0,0,0,0,0,,1
flashnewscorner.com,,,,,,,,,,0,0,0,0,0,,1
floridasunpost.com,,,,,,,,,,0,0,0,0,0,,1
focusnews.info,,,,,,,,,,0,0,0,0,0,,1
folksvideo.com,,,,,,,,,,0,0,0,0,0,,1
fox-news24.com,,,,,,,,,,0,0,0,0,0,,1
france.actualites.co,,,,,,,,,,0,0,0,0,0,,1
freddymag.com,,,,,,,,,,0,0,0,0,0,,1
freedomcrossroads.us,,,,,,,,,,0,0,0,0,0,,1
freedomsfinalstand.com,,,,,,,,,,0,0,0,0,0,,1
freshdailyreport.com,,,,,,,,,,0,0,0,0,0,,1
friendsofsyria.wordpress.com,,,,,,,,,,0,0,0,0,0,,1
givemeliberty01.com,,,,,,,,,,0,0,0,0,0,,1
globalassociatednews.com,,,,,,,,,,0,0,0,0,0,,1
globalpoliticsnow.com,,,,,,,,,,0,0,0,0,0,0.0578,0
guerilla.news,,,,,,,,,,0,0,0,0,0,,1
guerillanews.com,,,,,,,,,,0,0,0,0,0,,1
gummypost.com,,,,,,,,,,0,0,0,0,0,,1
halturnershow.com,,,,,,,,,,0,0,0,0,0,,1
headlinebrief.com,,,,,,,,,,0,0,0,0,0,,1
healthyworldhouse.com,,,,,,,,,,0,0,0,0,0,,1
heaviermetal.net,,,,,,,,,,0,0,0,0,0,,1
hotglobalnews.com,,,,,,,,,,0,0,0,0,0,,1
houstonchronicle-tv.com,,,,,,,,,,0,0,0,0,0,,1
interestingdailynews.com,,,,,,,,,,0,0,0,0,0,,1
intrendtoday.com,,,,,,,,,,0,0,0,0,0,,1
isthatlegit.com,,,,,,,,,,0,0,0,0,0,,1
jokerviral.com,,,,,,,,,,0,0,0,0,0,,1
kata33.com,,,,,,,,,,0,0,0,0,0,,1
klponews.com,,,,,,,,,,0,0,0,0,0,,1
km8news.com,,,,,,,,,,0,0,0,0,0,,1
kmt11.com,,,,,,,,,,0,0,0,0,0,,1
knp7.com,,,,,,,,,,0,0,0,0,0,,1
konkonsagh.biz,,,,,,,,,,0,0,0,0,0,,1
krbcnews.com,,,,,,,,,,0,0,0,0,0,,1
kspm33.com,,,,,,,,,,0,0,0,0,0,,1
kupr7.com,,,,,,,,,,0,0,0,0,0,,1
ky12news.com,,,,,,,,,,0,0,0,0,0,,1
ky6news.com,,,,,,,,,,0,0,0,0,0,,1
kypo6.com,,,,,,,,,,0,0,0,0,0,,1
ladylibertysnews.com,,,,,,,,,,0,0,0,0,0,,1
landrypost.com,,,,,,,,,,0,0,0,0,0,,1
lastdeplorables.com,,,,,,,,,,0,0,0,0,0,,1
liberalplug.com,,,,,,,,,,0,0,0,0,0,,1
liberty-courier.com,,,,,,,,,,0,0,0,0,0,,1
libertyalliance.com,,,,,,,,,,0,0,0,0,0,,1
libertywritersnews.com,,,,,,,,,,0,0,0,0,0,,1
local31news.com,,,,,,,,,,0,0,0,0,0,,1
localnews33.com,,,,,,,,,,0,0,0,0,0,,1
lopezreport.com,,,,,,,,,,0,0,0,0,0,,1
mainerepublicemailalert.com,,,,,,,,,,0,0,0,0,0,,1
majorthoughts.com,,,,,,,,,,0,0,0,0,0,,1
maywoodpost.com,,,,,,,,,,0,0,0,0,0,,1
mbynews.com,,,,,,,,,,0,0,0,0,0,,1
mckenziepost.com,,,,,,,,,,0,0,0,0,0,,1
mediazone.news,,,,,,,,,,0,0,0,0,0,,1
metropolitanworlds.com,,,,,,,,,,0,0,0,0,0,,1
mississippiherald.com,,,,,,,,,,0,0,0,0,0,,1
morningnewsusa.com,,,,,,,,,,0,0,0,0,0,,1
mrnewswatch.com,,,,,,,,,,0,0,0,0,0,,1
msfanpage.link,,,,,,,,,,0,0,0,0,0,,1
msnbc.website,,,,,,,,,,0,0,0,0,0,,1
nationalinsiderpolitics.com,,,,,,,,,,0,0,0,0,0,,1
nbc.com.co,,,,,,,,,,0,0,0,0,0,,1
ncscooper.com,,,,,,,,,,0,0,0,0,0,,1
nephef.com,,,,,,,,,,0,0,0,0,0,,1
nevo.news,,,,,,,,,,0,0,0,0,0,,1
newpoliticstoday.com,,,,,,,,,,0,0,0,0,0,,1
news14kgpn.com,,,,,,,,,,0,0,0,0,0,,1
news14now.com,,,,,,,,,,0,0,0,0,0,,1
news4ktla.com,,,,,,,,,,0,0,0,0,0,,1
newsbiscuit.com,,,,,,,,,,0,0,0,0,0,,1
newsbreakingspipe.com,,,,,,,,,,0,0,0,0,0,,1
newsbuzzdaily.com,,,,,,,,,,0,0,0,0,0,,1
newsbysquad.com,,,,,,,,,,0,0,0,0,0,,1
newsdaily10.com,,,,,,,,,,0,0,0,0,0,,1
newsdaily12.com,,,,,,,,,,0,0,0,0,0,,1
newsdaily27.com,,,,,,,,,,0,0,0,0,0,,1
newsfeedobserver.com,,,,,,,,,,0,0,0,0,0,,1
newshubs.info,,,,,,,,,,0,0,0,0,0,,1
newsjustforyou1.blogspot.com,,,,,,,,,,0,0,0,0,0,,1
newsleak.co,,,,,,,,,,0,0,0,0,0,,1
newslo.com,,,,,,,,,,0,0,0,0,0,,1
newsnow17.com,,,,,,,,,,0,0,0,0,0,,1
newswatch33.com,,,,,,,,,,0,0,0,0,0,,1
newzmagazine.com,,,,,,,,,,0,0,0,0,0,,1
noticias365.info,,,,,,,,,,0,0,0,0,0,,1
nymeta.co,,,,,,,,,,0,0,0,0,0,,1
openmagazines.com,,,,,,,,,,0,0,0,0,0,,1
oreillypost.com,,,,,,,,,,0,0,0,0,0,,1
ourlandofthefree.com,,,,,,,,,,0,0,0,0,0,,1
paris.actualites.co,,,,,,,,,,0,0,0,0,0,,1
patriothangout.com,,,,,,,,,,0,0,0,0,0,,1
persecutes.com,,,,,,,,,,0,0,0,0,0,,1
politicops.com,,,,,,,,,,0,0,0,0,0,,1
politicot.com,,,,,,,,,,0,0,0,0,0,,1
politicsusanews.com,,,,,,,,,,0,0,0,0,0,,1
powerdaily.us,,,,,,,,,,0,0,0,0,0,,1
president45donaldtrump.com,,,,,,,,,,0,0,0,0,0,,1
pressunion.org,,,,,,,,,,0,0,0,0,0,,1
proudleader.com,,,,,,,,,,0,0,0,0,0,,1
qualitysharing.com,,,,,,,,,,0,0,0,0,0,,1
readconservatives.news,,,,,,,,,,0,0,0,0,0,,1
redcountry.us,,,,,,,,,,0,0,0,0,0,,1
redinfo.us,,,,,,,,,,0,0,0,0,0,,1
redrocktribune.com,,,,,,,,,,0,0,0,0,0,,1
religionmind.com,,,,,,,,,,0,0,0,0,0,,1
rickwells.us,,,,,,,,,,0,0,0,0,0,,1
rilenews.com,,,,,,,,,,0,0,0,0,0,,1
rogue-nation3.com,,,,,,,,,,0,0,0,0,0,,1
rumorjournal.com,,,,,,,,,,0,0,0,0,0,,1
satiratribune.com,,,,,,,,,,0,0,0,0,0,,1
scrapetv.com,,,,,,,,,,0,0,0,0,0,,1
smhwtfnews.com,,,,,,,,,,0,0,0,0,0,,1
snoopack.com,,,,,,,,,,0,0,0,0,0,,1
southernconservativeextra.com,,,,,,,,,,0,0,0,0,0,,1
spinzon.com,,,,,,,,,,0,0,0,0,0,,1
statenation.co,,,,,,,,,,0,0,0,0,0,,1
states-tv.com,,,,,,,,,,0,0,0,0,0,,1
stgeorgegazette.com,,,,,,,,,,0,0,0,0,0,,1
straightstoned.com,,,,,,,,,,0,0,0,0,0,,1
stuppid.com,,,,,,,,,,0,0,0,0,0,,1
success-street.com,,,,,,,,,,0,0,0,0,0,,1
supremepatriot.com,,,,,,,,,,0,0,0,0,0,,1
tdnewswire.com,,,,,,,,,,0,0,0,0,0,0,0
tdtalliance.com,,,,,,,,,,0,0,0,0,0,0.0495,0
telegraphsun.com,,,,,,,,,,0,0,0,0,0,,1
the-insider.co,,,,,,,,,,0,0,0,0,0,,1
theavocadonews.com,,,,,,,,,,0,0,0,0,0,,1
thebreakingnews.co,,,,,,,,,,0,0,0,0,0,,1
theexaminer.site,,,,,,,,,,0,0,0,0,0,,1
thefrt.com,,,,,,,,,,0,0,0,0,0,,1
theinternationalreporter.org,,,,,,,,,,0,0,0,0,0,,1
theinternetpost.net,,,,,,,,,,0,0,0,0,0,,1
thelastlineofdefense.org,,,,,,,,,,0,0,0,0,0,,1
themoralofthestory.us,,,,,,,,,,0,0,0,0,0,,1
thenationalsun.com,,,,,,,,,,0,0,0,0,0,,1
thenet24h.com,,,,,,,,,,0,0,0,0,0,,1
thenochill.com,,,,,,,,,,0,0,0,0,0,,1
thepoliticaltribune.com,,,,,,,,,,0,0,0,0,0,,1
thepremiumnews.com,,,,,,,,,,0,0,0,0,0,,1
theracketreport.com,,,,,,,,,,0,0,0,0,0,,1
thereporterz.com,,,,,,,,,,0,0,0,0,0,,1
therightists.com,,,,,,,,,,0,0,0,0,0,0.066,0
theseattletribune.com,,,,,,,,,,0,0,0,0,0,,1
thetrumpmedia.com,,,,,,,,,,0,0,0,0,0,,1
theusa-news.com,,,,,,,,,,0,0,0,0,0,,1
theusaconservative.com,,,,,,,,,,0,0,0,0,0,,1
thevalleyreport.com,,,,,,,,,,0,0,0,0,0,,1
thewashingtonpress.com,,,,,,,,,,0,0,0,0,0,,1
times.com.mx,,,,,,,,,,0,0,0,0,0,,1
tmzbreaking.com,,,,,,,,,,0,0,0,0,0,,1
tmzbusiness.com,,,,,,,,,,0,0,0,0,0,,1
tmzcomedy.com,,,,,,,,,,0,0,0,0,0,,1
tmzhiphop.com,,,,,,,,,,0,0,0,0,0,,1
tmzuncut.com,,,,,,,,,,0,0,0,0,0,,1
tmzurban.com,,,,,,,,,,0,0,0,0,0,,1
tmzworldnews.com,,,,,,,,,,0,0,0,0,0,,1
tmzworldstarnews.com,,,,,,,,,,0,0,0,0,0,,1
trueamericans.me,,,,,,,,,,0,0,0,0,0,,1
truetrumpers.com,,,,,,,,,,0,0,0,0,0,,1
truthkings.com,,,,,,,,,,0,0,0,0,0,,1
undergroundnewsreport.com,,,,,,,,,,0,0,0,0,0,,1
unitedmediapublishing.com,,,,,,,,,,0,0,0,0,0,,1
universepolitics.com,,,,,,,,,,0,0,0,0,0,,1
usa-conservative.com,,,,,,,,,,0,0,0,0,0,,1
usa-radio.com,,,,,,,,,,0,0,0,0,0,,1
usa-television.com,,,,,,,,,,0,0,0,0,0,,1
usadailyinfo.com,,,,,,,,,,0,0,0,0,0,,1
usadailypost.us,,,,,,,,,,0,0,0,0,0,,1
usadailytime.com,,,,,,,,,,0,0,0,0,0,,1
usadosenews.com,,,,,,,,,,0,0,0,0,0,,1
usafirstinformation.com,,,,,,,,,,0,0,0,0,0,,1
usanews4u.us,,,,,,,,,,0,0,0,0,0,,1
usanewsflash.com,,,,,,,,,,0,0,0,0,0,,1
usanewshome.com,,,,,,,,,,0,0,0,0,0,,1
usanewstoday.com,,,,,,,,,,0,0,0,0,0,,1
usapolitics24hrs.com,,,,,,,,,,0,0,0,0,0,,1
usapoliticsnow.com,,,,,,,,,,0,0,0,0,0,,1
usapoliticstoday.com,,,,,,,,,,0,0,0,0,0,,1
usapoliticszone.com,,,,,,,,,,0,0,0,0,0,,1
usasnich.com,,,,,,,,,,0,0,0,0,0,,1
usatodaynews.me,,,,,,,,,,0,0,0,0,0,,1
usatodaypolitics.com,,,,,,,,,,0,0,0,0,0,,1
usaworldbox.com,,,,,,,,,,0,0,0,0,0,,1
ushealthyadvisor.com,,,,,,,,,,0,0,0,0,0,,1
ushealthylife.com,,,,,,,,,,0,0,0,0,0,,1
usherald.com,,,,,,,,,,0,0,0,0,0,,1
usinfonews.com,,,,,,,,,,0,0,0,0,0,,1
uspoln.com,,,,,,,,,,0,0,0,0,0,,1
uspostman.com,,,,,,,,,,0,0,0,0,0,,1
vesselnews.io,,,,,,,,,,0,0,0,0,0,,1
viralactions.com,,,,,,,,,,0,0,0,0,0,,1
viralcords.com,,,,,,,,,,0,0,0,0,0,,1
viraldevil.com,,,,,,,,,,0,0,0,0,0,,1
viralmugshot.com,,,,,,,,,,0,0,0,0,0,,1
viralpropaganda.com,,,,,,,,,,0,0,0,0,0,,1
viralspeech.com,,,,,,,,,,0,0,0,0,0,,1
viralstuppid.com,,,,,,,,,,0,0,0,0,0,,1
voxtribune.com,,,,,,,,,,0,0,0,0,0,,1
washingtonevening.com,,,,,,,,,,0,0,0,0,0,,1
washingtonfeed.com,,,,,,,,,,0,0,0,0,0,,1
washingtonpost.com.co,,,,,,,,,,0,0,0,0,0,,1
wazanews.tk,,,,,,,,,,0,0,0,0,0,,1
wcpm3.com,,,,,,,,,,0,0,0,0,0,,1
weconservative.com,,,,,,,,,,0,0,0,0,0,,1
weekendherald.com,,,,,,,,,,0,0,0,0,0,,1
wetheproudpatriots.com,,,,,,,,,,0,0,0,0,0,,1
wftj8news.com,,,,,,,,,,0,0,0,0,0,,1
whatsupic.com,,,,,,,,,,0,0,0,0,0,,1
witscience.org,,,,,,,,,,0,0,0,0,0,,1
wleb21.com,,,,,,,,,,0,0,0,0,0,,1
wm21news.com,,,,,,,,,,0,0,0,0,0,,1
wmacnews.com,,,,,,,,,,0,0,0,0,0,,1
wmb36.com,,,,,,,,,,0,0,0,0,0,,1
world-politicus.com,,,,,,,,,,0,0,0,0,0,,1
worldinformation24.info,,,,,,,,,,0,0,0,0,0,,1
worldnewspolitics.com,,,,,,,,,,0,0,0,0,0,0.0754,0
worldpoliticsnow.com,,,,,,,,,,0,0,0,0,0,,1
worldpoliticus.com,,,,,,,,,,0,0,0,0,0,0.0116,0
wrejnews.com,,,,,,,,,,0,0,0,0,0,,1
wrpt16.com,,,,,,,,,,0,0,0,0,0,,1
wtoe5news.com,,,,,,,,,,0,0,0,0,0,,1
xbn-news.com,,,,,,,,,,0,0,0,0,0,,1
zootfeed.com,,,,,,,,,,0,0,0,0,0,,1
24x365live.com,,,,,,,,,,0,0,0,0,0,,1
a-news24.com,,,,,,,,,,0,0,0,0,0,,1
americantoday.us,,,,,,,,,,0,0,0,0,0,,1
antinews.com,,,,,,,,,,0,0,0,0,0,,1
armyusanews.com,,,,,,,,,,0,0,0,0,0,,1
benjaminfulford.typepad.com,,,,,,,,,,0,0,0,0,0,,1
breakingnewsblast.com,,,,,,,,,,0,0,0,0,0,,1
cnewsgo.com,,,,,,,,,,0,0,0,0,0,,1
coffeebreakforyou.com,,,,,,,,,,0,0,0,0,0,,1
conservative101.com,,,,,,,,,,0,0,0,0,0,,1
conservativepaper.com,,,,,,,,,,0,0,0,0,0,,1
conservativeview.info,,,,,,,,,,0,0,0,0,0,,1
dailyfeed.news,,,,,,,,,,0,0,0,0,0,,1
dailysidnews.com,,,,,,,,,,0,0,0,0,0,,1
dailythings.world,,,,,,,,,,0,0,0,0,0,,1
defenseusa.club,,,,,,,,,,0,0,0,0,0,,1
departedme.com,,,,,,,,,,0,0,0,0,0,,1
forfreedomworld.com,,,,,,,,,,0,0,0,0,0,,1
freeinfomedia.com,,,,,,,,,,0,0,0,0,0,,1
globalrevolutionnetwork.com,,,,,,,,,,0,0,0,0,0,,1
nativestuff.us,,,,,,,,,,0,0,0,0,0,,1
newsbreakhere.com,,,,,,,,,,0,0,0,0,0,,1
newsconservative.com,,,,,,,,,,0,0,0,0,0,,1
newsformetoday.com,,,,,,,,,,0,0,0,0,0,,1
newsoftrump.com,,,,,,,,,,0,0,0,0,0,,1
newsphd.com,,,,,,,,,,0,0,0,0,0,,1
newsuptoday.com,,,,,,,,,,0,0,0,0,0,,1
nnettle.com,,,,,,,,,,0,0,0,0,0,,1
patriotusa.website,,,,,,,,,,0,0,0,0,0,,1
politicspaper.com,,,,,,,,,,0,0,0,0,0,,1
rearfront.com,,,,,,,,,,0,0,0,0,0,,1
redpolitics.us,,,,,,,,,,0,0,0,0,0,,1
revolutions2040.com,,,,,,,,,,0,0,0,0,0,,1
teoinfo.com,,,,,,,,,,0,0,0,0,0,,1
the-global-news.com,,,,,,,,,,0,0,0,0,0,,1
theworldupdate.com,,,,,,,,,,0,0,0,0,0,,1
thirdestatenewsgroup.com,,,,,,,,,,0,0,0,0,0,,1
ustruthwire.com,,,,,,,,,,0,0,0,0,0,,1
usa360-tv.com,,,,,,,,,,0,0,0,0,0,,1
usadailythings24.com,,,,,,,,,,0,0,0,0,0,,1
uspoliticsinfo.com,,,,,,,,,,0,0,0,0,0,,1
usaconservativereport.com,,,,,,,,,,0,0,0,0,0,,1
veteransfordonaldtrump.com,,,,,,,,,,0,0,0,0,0,,1
weekendpoliticalnews.com,,,,,,,,,,0,0,0,0,0,,1
worldnewscircle.com,,,,,,,,,,0,0,0,0,0,,1
world.politics.com,,,,,,,,,,0,0,0,0,0,,1
databaseitalia.it,,,,,,,,,,0,0,0,0,0,,1
mariagrazias.com,,,,,,,,,,0,0,0,0,0,,1
musicaeanima.com,,,,,,,,,,0,0,0,0,0,,1
neovitruvian.com,,,,,,,,,,0,0,0,0,0,,1
thelivingspirits.net,,,,,,,,,,0,0,0,0,0,,1
aprilamente.info,,,,,,,,,,0,0,0,0,0,,1
disquisendo.wordpress.com,,,,,,,,,,0,0,0,0,0,,1
evidenzaliena.mastertopforum.eu,,,,,,,,,,0,0,0,0,0,,1
ecologiasociale.info,,,,,,,,,,0,0,0,0,0,,1
frasideilibri.com,,,,,,,,,,0,0,0,0,0,,1
ilmeteo.it,,,,,,,,,,0,0,0,0,0,,1
meteoweb.eu,,,,,,,,,,0,0,0,0,0,,1
nexusedizioni.it,,,,,,,,,,0,0,0,0,0,,1
nonsiamosoli.net,,,,,,,,,,0,0,0,0,0,,1
nogeoingegneria.com,,,,,,,,,,0,0,0,0,0,,1
pianetablunews.it,,,,,,,,,,0,0,0,0,0,,1
scienzaeconoscenza.it,,,,,,,,,,0,0,0,0,0,,1
0585news.com,,,,,,,,,,0,0,0,0,0,,1
100giornidaleoni.it,,,,,,,,,,0,0,0,0,0,,1
24orenotizie.com,,,,,,,,,,0,0,0,0,0,,1
5stellenews.com,,,,,,,,,,0,0,0,0,0,,1
agenews.eu,,,,,,,,,,0,0,0,0,0,,1
all-news.tv,,,,,,,,,,0,0,0,0,0,,1
allnews24.eu,,,,,,,,,,0,0,0,0,0,,1
attaccomirato.com,,,,,,,,,,0,0,0,0,0,,1
attivo.news,,,,,,,,,,0,0,0,0,0,,1
bastabugie.it,,,,,,,,,,0,0,0,0,0,,1
blognews24ore.com,,,,,,,,,,0,0,0,0,0,,1
borderlinez.com,,,,,,,,,,0,0,0,0,0,,1
buonamente.com,,,,,,,,,,0,0,0,0,0,,1
catenaumana.com,,,,,,,,,,0,0,0,0,0,,1
chesuccede.it,,,,,,,,,,0,0,0,0,0,,1
citymilanonews.com,,,,,,,,,,0,0,0,0,0,,1
comedonchisciotte.org,,,,,,,,,,0,0,0,0,0,,1
condividilo.org,,,,,,,,,,0,0,0,0,0,,1
controinformo.info,,,,,,,,,,0,0,0,0,0,,1
corrieredisera.it,,,,,,,,,,0,0,0,0,0,,1
curiosandoonline.com,,,,,,,,,,0,0,0,0,0,,1
detoxed.info,,,,,,,,,,0,0,0,0,0,,1
direttanews.it,,,,,,,,,,0,0,0,0,0,,1
divieto.reattivonews.com,,,,,,,,,,0,0,0,0,0,,1
essere-informati.it,,,,,,,,,,0,0,0,0,0,,1
eticamente.net,,,,,,,,,,0,0,0,0,0,,1
fenixx.org,,,,,,,,,,0,0,0,0,0,,1
funvideosonline.info,,,,,,,,,,0,0,0,0,0,,1
gazzetta24.com,,,,,,,,,,0,0,0,0,0,,1
gazzettanews24.com,,,,,,,,,,0,0,0,0,0,,1
giornale24ore.com,,,,,,,,,,0,0,0,0,0,,1
il-giornale.info,,,,,,,,,,0,0,0,0,0,,1
giornaleilsole.com,,,,,,,,,,0,0,0,0,0,,1
ilgiornaleitaliano.it,,,,,,,,,,0,0,0,0,0,,1
ilgiornalenews.com,,,,,,,,,,0,0,0,0,0,,1
globo365.info,,,,,,,,,,0,0,0,0,0,,1
grandeinganno.it,,,,,,,,,,0,0,0,0,0,,1
guarda.link,,,,,,,,,,0,0,0,0,0,,1
guarda.one,,,,,,,,,,0,0,0,0,0,,1
howtodofor.com,,,,,,,,,,0,0,0,0,0,,1
ilbellocheavanza.com,,,,,,,,,,0,0,0,0,0,,1
ilfarosulmondo.it,,,,,,,,,,0,0,0,0,0,,1
ilfattodalweb.com,,,,,,,,,,0,0,0,0,0,,1
ilmeglio-delweb.it,,,,,,,,,,0,0,0,0,0,,1
ilmondoquotidiano.altervista.org,,,,,,,,,,0,0,0,0,0,,1
ilmovimentovaavanti.altervista.org,,,,,,,,,,0,0,0,0,0,,1
ilnotiziario24.com,,,,,,,,,,0,0,0,0,0,,1
ilprimatonazionale.it,,,,,,,,,,0,0,0,0,0,,1
il-quotidiano.info,,,,,,,,,,0,0,0,0,0,,1
imigliori.info,,,,,,,,,,0,0,0,0,0,,1
imigliorivideo.co,,,,,,,,,,0,0,0,0,0,,1
informatitalia.blogspot.com,,,,,,,,,,0,0,0,0,0,,1
informazionelibera.eu,,,,,,,,,,0,0,0,0,0,,1
interagisco.net,,,,,,,,,,0,0,0,0,0,,1
italiani-informati.com,,,,,,,,,,0,0,0,0,0,,1
iozummo.com,,,,,,,,,,0,0,0,0,0,,1
italiainmovimento.it,,,,,,,,,,0,0,0,0,0,,1
italia.imigliori.org,,,,,,,,,,0,0,0,0,0,,1
italianotizie24.eu,,,,,,,,,,0,0,0,0,0,,1
italiapatriamia.eu,,,,,,,,,,0,0,0,0,0,,1
italianosveglia.com,,,,,,,,,,0,0,0,0,0,,1
italiarialzati.com,,,,,,,,,,0,0,0,0,0,,1
itruffatori.blogspot.com,,,,,,,,,,0,0,0,0,0,,1
jedanews.com,,,,,,,,,,0,0,0,0,0,0,0
kevideo.eu,,,,,,,,,,0,0,0,0,0,,1
lacrunadellago.net,,,,,,,,,,0,0,0,0,0,,1
larepubbica.it,,,,,,,,,,0,0,0,0,0,,1
larepubblica.info,,,,,,,,,,0,0,0,0,0,,1
lastnews24h.com,,,,,,,,,,0,0,0,0,0,,1
last-webs.com,,,,,,,,,,0,0,0,0,0,,1
leggimiora.com,,,,,,,,,,0,0,0,0,0,,1
libero-notizie.com,,,,,,,,,,0,0,0,0,0,,1
linktoday.it,,,,,,,,,,0,0,0,0,0,,1
infiltrato.it,,,,,,,,,,0,0,0,0,0,,1
livewebit.com,,,,,,,,,,0,0,0,0,0,,1
lolandesevolante.net,,,,,,,,,,0,0,0,0,0,,1
lonesto.it,,,,,,,,,,0,0,0,0,0,,1
mattino.ch,,,,,,,,,,0,0,0,0,0,,1
messaggiero.com,,,,,,,,,,0,0,0,0,0,,1
mittdolcino.com,,,,,,,,,,0,0,0,0,0,,1
morasta.it,,,,,,,,,,0,0,0,0,0,,1
newscronaca.it,,,,,,,,,,0,0,0,0,0,,1
newsitalys.com,,,,,,,,,,0,0,0,0,0,,1
news24roma.com,,,,,,,,,,0,0,0,0,0,,1
news24italia.it,,,,,,,,,,0,0,0,0,0,,1
noinvasione.com,,,,,,,,,,0,0,0,0,0,,1
notixonline.com,,,,,,,,,,0,0,0,0,0,,1
notixweb.com,,,,,,,,,,0,0,0,0,0,,1
notizie24h.net,,,,,,,,,,0,0,0,0,0,,1
notizieflash.eu,,,,,,,,,,0,0,0,0,0,,1
notizieregionali.com,,,,,,,,,,0,0,0,0,0,,1
nobufale.it,,,,,,,,,,0,0,0,0,0,,1
notizie-dal-web.it,,,,,,,,,,0,0,0,0,0,,1
notizieuniversali.it,,,,,,,,,,0,0,0,0,0,,1
numero6.org,,,,,,,,,,0,0,0,0,0,,1
oggi24ore.altervista.org,,,,,,,,,,0,0,0,0,0,,1
ogginotizie.info,,,,,,,,,,0,0,0,0,0,,1
oltrelebarricate.wordpress.com,,,,,,,,,,0,0,0,0,0,,1
orazero.org,,,,,,,,,,0,0,0,0,0,,1
perdavvero.com,,,,,,,,,,0,0,0,0,0,,1
piovegovernoladro.info,,,,,,,,,,0,0,0,0,0,,1
politikstube.com,,,,,,,,,,0,0,0,0,0,,1
rainews24.live,,,,,,,,,,0,0,0,0,0,,1
raffaelepalermonews.com,,,,,,,,,,0,0,0,0,0,,1
rassegnastampa.eu,,,,,,,,,,0,0,0,0,0,,1
rassegneitalia.info,,,,,,,,,,0,0,0,0,0,,1
reattivonews.com,,,,,,,,,,0,0,0,0,0,,1
repubblica24.com,,,,,,,,,,0,0,0,0,0,,1
ribelli.tv,,,,,,,,,,0,0,0,0,0,,1
riscattonazionale.altervista.org,,,,,,,,,,0,0,0,0,0,,1
rischiocalcolato.it,,,,,,,,,,0,0,0,0,0,,1
rivoluzioneoraomaipiu.com,,,,,,,,,,0,0,0,0,0,,1
robadapazzi.com,,,,,,,,,,0,0,0,0,0,,1
saper-link-news.com,,,,,,,,,,0,0,0,0,0,,1
segretodistato.com,,,,,,,,,,0,0,0,0,0,,1
semplicipensieri.com,,,,,,,,,,0,0,0,0,0,,1
senzacensura.org,,,,,,,,,,0,0,0,0,0,,1
siamorimastisoli.com,,,,,,,,,,0,0,0,0,0,,1
silenziefalsita.it,,,,,,,,,,0,0,0,0,0,,1
skynew.it,,,,,,,,,,0,0,0,0,0,,1
skytg24news.com,,,,,,,,,,0,0,0,0,0,,1
socialbuzz.it,,,,,,,,,,0,0,0,0,0,,1
socialnotixweb.com,,,,,,,,,,0,0,0,0,0,,1
soloitaliani.com,,,,,,,,,,0,0,0,0,0,,1
sputtaniamotutti.reattivonews.org,,,,,,,,,,0,0,0,0,0,,1
stopeuro.org,,,,,,,,,,0,0,0,0,0,,1
succedenelmondo.com,,,,,,,,,,0,0,0,0,0,,1
supernotizie.net,,,,,,,,,,0,0,0,0,0,,1
thetonicexpress.com,,,,,,,,,,0,0,0,0,0,,1
tg24italia.com,,,,,,,,,,0,0,0,0,0,,1
tg-news24.com,,,,,,,,,,0,0,0,0,0,,1
tg-quotidiano.net,,,,,,,,,,0,0,0,0,0,,1
tgcom24news.com,,,,,,,,,,0,0,0,0,0,,1
ticinolive.ch,,,,,,,,,,0,0,0,0,0,,1
trend-online.com,,,,,,,,,,0,0,0,0,0,,1
tuttiicriminidegliimmigrati.com,,,,,,,,,,0,0,0,0,0,,1
tutto24.info,,,,,,,,,,0,0,0,0,0,,1
tuttoinweb.com,,,,,,,,,,0,0,0,0,0,,1
ultimora24.it,,,,,,,,,,0,0,0,0,0,,1
videoenotizie.it,,,,,,,,,,0,0,0,0,0,,1
videoviraliweb.com,,,,,,,,,,0,0,0,0,0,,1
vocedelweb.com,,,,,,,,,,0,0,0,0,0,,1
voxnews.online,,,,,,,,,,0,0,0,0,0,,1
web-news24.com,,,,,,,,,,0,0,0,0,0,,1
webitalia360.com,,,,,,,,,,0,0,0,0,0,,1
webtg24.com,,,,,,,,,,0,0,0,0,0,,1
wowchevideo.com,,,,,,,,,,0,0,0,0,0,,1
zapping2017.myblog.it,,,,,,,,,,0,0,0,0,0,,1
zonagrigianews.com,,,,,,,,,,0,0,0,0,0,,1
5ideeinmovimento.blogspot.it,,,,,,,,,,0,0,0,0,0,,1
attivistam5snews.blogspot.it,,,,,,,,,,0,0,0,0,0,,1
benitomussolini.altervista.org,,,,,,,,,,0,0,0,0,0,,1
blogdieles2.altervista.org,,,,,,,,,,0,0,0,0,0,,1
blogdieles.altervista.org,,,,,,,,,,0,0,0,0,0,,1
bloginmovimento.altervista.org,,,,,,,,,,0,0,0,0,0,,1
controinformo.altervista.org,,,,,,,,,,0,0,0,0,0,,1
corrieredelmattino.altervista.org,,,,,,,,,,0,0,0,0,0,,1
cvdiariodelpollinho.altervista.org,,,,,,,,,,0,0,0,0,0,,1
direttainfo.blogspot.it,,,,,,,,,,0,0,0,0,0,,1
direttanfo.blogspot.it,,,,,,,,,,0,0,0,0,0,,1
essenzialmentedonna.altervista.org,,,,,,,,,,0,0,0,0,0,,1
europeannews.altervista.org,,,,,,,,,,0,0,0,0,0,,1
facebooknotizia.altervista.org,,,,,,,,,,0,0,0,0,0,,1
ilmessagero.altervista.org,,,,,,,,,,0,0,0,0,0,,1
ilradicale.altervista.org,,,,,,,,,,0,0,0,0,0,,1
informazionebycuriosity.altervista.org,,,,,,,,,,0,0,0,0,0,,1
jedasupport.altervista.org,,,,,,,,,,0,0,0,0,0,,1
lacucinasiciliana.altervista.org,,,,,,,,,,0,0,0,0,0,,1
lapillolarossa15.altervista.org,,,,,,,,,,0,0,0,0,0,,1
newstime24.altervista.org,,,,,,,,,,0,0,0,0,0,,1
nessuna-censura.com,,,,,,,,,,0,0,0,0,0,,1
notiziaitalica.altervista.org,,,,,,,,,,0,0,0,0,0,,1
notiziarioeuropeo.altervista.org,,,,,,,,,,0,0,0,0,0,,1
politicanews.altervista.org,,,,,,,,,,0,0,0,0,0,,1
ripuliamolitalia.altervista.org,,,,,,,,,,0,0,0,0,0,,1
rollingston.altervista.org,,,,,,,,,,0,0,0,0,0,,1
sadefenza.blogspot.it,,,,,,,,,,0,0,0,0,0,,1
siamorimastisoli.today,,,,,,,,,,0,0,0,0,0,,1
tg24h.altervista.org,,,,,,,,,,0,0,0,0,0,,1
tg24notizie.altervista.org,,,,,,,,,,0,0,0,0,0,,1
webnotice.altervista.org,,,,,,,,,,0,0,0,0,0,,1
webnews24h.it,,,,,,,,,,0,0,0,0,0,,1
cosmofruttariano3m.altervista.org,,,,,,,,,,0,0,0,0,0,,1
curiosityalive.altervista.org,,,,,,,,,,0,0,0,0,0,,1
ecocreando.weebly.com,,,,,,,,,,0,0,0,0,0,,1
guarireoggi.blogspot.it,,,,,,,,,,0,0,0,0,0,,1
ingannati.it,,,,,,,,,,0,0,0,0,0,,1
ilrisvegliodellamente.altervista.org,,,,,,,,,,0,0,0,0,0,,1
paradisefruit.altervista.org,,,,,,,,,,0,0,0,0,0,,1
thecancermagazine.blogspot.it,,,,,,,,,,0,0,0,0,0,,1
realscience.altervista.org,,,,,,,,,,0,0,0,0,0,,1
thedayafter2012.blogspot.com,,,,,,,,,,0,0,0,0,0,,1
alleanzadellasalute.info,,,,,,,,,,0,0,0,0,0,,1
assis.it,,,,,,,,,,0,0,0,0,0,,1
benesserefeed.it,,,,,,,,,,0,0,0,0,0,,1
comilva.org,,,,,,,,,,0,0,0,0,0,,1
eurosalus.com,,,,,,,,,,0,0,0,0,0,,1
informasalus.it,,,,,,,,,,0,0,0,0,0,,1
laleva.org,,,,,,,,,,0,0,0,0,0,,1
nuovamedicinagermanica.it,,,,,,,,,,0,0,0,0,0,,1
mammainrete.blogspot.com,,,,,,,,,,0,0,0,0,0,,1
medicinenon.it,,,,,,,,,,0,0,0,0,0,,1
mednat.org,,,,,,,,,,0,0,0,0,0,,1
vacciniinforma.com,,,,,,,,,,0,0,0,0,0,,1
vivoinsalute.com,,,,,,,,,,0,0,0,0,0,,1
attiviamoci.org,,,,,,,,,,0,0,0,0,0,,1
conoscenzealconfine.it,,,,,,,,,,0,0,0,0,0,,1
complottisti.info,,,,,,,,,,0,0,0,0,0,,1
contro.tv,,,,,,,,,,0,0,0,0,0,,1
ecplanet.org,,,,,,,,,,0,0,0,0,0,,1
effervescienza.com,,,,,,,,,,0,0,0,0,0,,1
filosofiaelogos.it,,,,,,,,,,0,0,0,0,0,,1
hackthematrix.it,,,,,,,,,,0,0,0,0,0,,1
ilnavigatorecurioso.it,,,,,,,,,,0,0,0,0,0,,1
ilpuntosulmistero.it,,,,,,,,,,0,0,0,0,0,,1
libreidee.org,,,,,,,,,,0,0,0,0,0,,1
liberamenteservo.com,,,,,,,,,,0,0,0,0,0,,1
luogocomune.net,,,,,,,,,,0,0,0,0,0,,1
misteriditalia.it,,,,,,,,,,0,0,0,0,0,,1
nibiru2012.it,,,,,,,,,,0,0,0,0,0,,1
pandora.tv,,,,,,,,,,0,0,0,0,0,,1
terrarealtime.blogspot.com,,,,,,,,,,0,0,0,0,0,,1
toba60.com,,,,,,,,,,0,0,0,0,0,,1
ununiverso.it,,,,,,,,,,0,0,0,0,0,,1
4threvolutionarywar.wordpress.com,,,,,,,,,,0,0,0,0,0,,1
alt-market.com,,,,,,,,,,0,0,0,0,0,,1
awdnews.com,,,,,,,,,,0,0,0,0,0,,1
bighairynews.com,,,,,,,,,,0,0,0,0,0,,1
concisepolitics.com,,,,,,,,,,0,0,0,0,0,,1
conservativerefocus.com,,,,,,,,,,0,0,0,0,0,,1
countdowntozerotime.com,,,,,,,,,,0,0,0,0,0,,1
counterpsyops.com,,,,,,,,,,0,0,0,0,0,0.1188,0
cryptogon.com,,,,,,,,,,0,0,0,0,0,,1
debunkingskeptics.com,,,,,,,,,,0,0,0,0,0,0.0647,0
dont-tread-on.me,,,,,,,,,,0,0,0,0,0,,1
dutchsinse.com,,,,,,,,,,0,0,0,0,0,,1
electionnightgatekeepers.com,,,,,,,,,,0,0,0,0,0,,1
endoftheamericandream.com,,,,,,,,,,0,0,0,0,0,,1
experimentalvaccines.org,,,,,,,,,,0,0,0,0,0,,1
expose1933.com,,,,,,,,,,0,0,0,0,0,,1
eyeopening.info,,,,,,,,,,0,0,0,0,0,,1
farmwars.info,,,,,,,,,,0,0,0,0,0,,1
freedomoutpost.com,,,,,,,,,,0,0,0,0,0,,1
freedomsphoenix.com,,,,,,,,,,0,0,0,0,0,,1
gangstergovernment.com,,,,,,,,,,0,0,0,0,0,,1
gatesofvienna.net,,,,,,,,,,0,0,0,0,0,,1
govtslaves.info,,,,,,,,,,0,0,0,0,0,,1
henrymakow.com,,,,,,,,,,0,0,0,0,0,,1
infostormer.com,,,,,,,,,,0,0,0,0,0,,1
investmentresearchdynamics.com,,,,,,,,,,0,0,0,0,0,,1
jimstone.is,,,,,,,,,,0,0,0,0,0,,1
militianews.com,,,,,,,,,,0,0,0,0,0,,1
nationalufocenter.com,,,,,,,,,,0,0,0,0,0,,1
naturalblaze.com,,,,,,,,,,0,0,0,0,0,,1
nomorefakenews.com,,,,,,,,,,0,0,0,0,0,0.045,0
oftwominds.com,,,,,,,,,,0,0,0,0,0,,1
orientalreview.org,,,,,,,,,,0,0,0,0,0,,1
patriotrising.com,,,,,,,,,,0,0,0,0,0,,1
patriotupdate.com,,,,,,,,,,0,0,0,0,0,,1
paulcraigroberts.org,,,,,,,,,,0,0,0,0,0,0,0
platosguns.com,,,,,,,,,,0,0,0,0,0,,1
politicalcult.com,,,,,,,,,,0,0,0,0,0,,1
pravda.ru,,,,,,,,,,0,0,0,0,0,,1
prepperwebsite.com,,,,,,,,,,0,0,0,0,0,,1
rumormillnews.com,,,,,,,,,,0,0,0,0,0,,1
silverbearcafe.com,,,,,,,,,,0,0,0,0,0,,1
silverdoctors.com,,,,,,,,,,0,0,0,0,0,,1
silverstealers.net,,,,,,,,,,0,0,0,0,0,,1
sonsoflibertyradio.com,,,,,,,,,,0,0,0,0,0,,1
theeconomiccollapseblog.com,,,,,,,,,,0,0,0,0,0,,1
theeventchronicle.com,,,,,,,,,,0,0,0,0,0,0.066,0
thelibertymill.com,,,,,,,,,,0,0,0,0,0,,1
themindunleashed.org,,,,,,,,,,0,0,0,0,0,,1
themuslimissue.wordpress.com,,,,,,,,,,0,0,0,0,0,,1
thephaser.com,,,,,,,,,,0,0,0,0,0,,1
thetruthwins.com,,,,,,,,,,0,0,0,0,0,,1
threepercenternation.com,,,,,,,,,,0,0,0,0,0,,1
topinfopost.com,,,,,,,,,,0,0,0,0,0,,1
ufoholic.com,,,,,,,,,,0,0,0,0,0,,1
undergroundworldnews.com,,,,,,,,,,0,0,0,0,0,,1
wakeupthesheep.com,,,,,,,,,,0,0,0,0,0,,1
washingtonsblog.com,,,,,,,,,,0,0,0,0,0,,1
weshapelife.org,,,,,,,,,,0,0,0,0,0,,1
82.221.129.208,,,,,,,,,,0,0,0,0,0,,1
abeldanger.net,,,,,,,,,,0,0,0,0,0,,1
americanreviewer.com,,,,,,,,,,0,0,0,0,0,,1
bullionbullscanada.com,,,,,,,,,,0,0,0,0,0,,1
conspiracyplanet.com,,,,,,,,,,0,0,0,0,0,0.0676,0
conspiracywire.com,,,,,,,,,,0,0,0,0,0,,1
disclosuremedia.net,,,,,,,,,,0,0,0,0,0,,1
ebolahoax.com,,,,,,,,,,0,0,0,0,0,,1
familysecuritymatters.org,,,,,,,,,,0,0,0,0,0,,1
fourwinds10.net,,,,,,,,,,0,0,0,0,0,,1
fprnradio.com,,,,,,,,,,0,0,0,0,0,,1
freedomforceinternational.com,,,,,,,,,,0,0,0,0,0,,1
itccs.org,,,,,,,,,,0,0,0,0,0,,1
jonesreport.com,,,,,,,,,,0,0,0,0,0,,1
libertymovementradio.com,,,,,,,,,,0,0,0,0,0,,1
nasamoonhoax.com,,,,,,,,,,0,0,0,0,0,,1
nationindistress.weebly.com,,,,,,,,,,0,0,0,0,0,,1
nodisinfo.com,,,,,,,,,,0,0,0,0,0,,1
oilgeopolitics.net,,,,,,,,,,0,0,0,0,0,,1
pamelageller.com,,,,,,,,,,0,0,0,0,0,,1
politicalblindspot.com,,,,,,,,,,0,0,0,0,0,,1
prisonplanet.tv,,,,,,,,,,0,0,0,0,0,,1
secretsofthefed.com,,,,,,,,,,0,0,0,0,0,,1
sentinelblog.com,,,,,,,,,,0,0,0,0,0,,1
silver-coin-investor.com,,,,,,,,,,0,0,0,0,0,,1
theextinctionprotocol.com,,,,,,,,,,0,0,0,0,0,,1
truthbroadcastnetwork.com,,,,,,,,,,0,0,0,0,0,,1
truthfrequencyradio.com,,,,,,,,,,0,0,0,0,0,,1
wakingupwisconsin.com,,,,,,,,,,0,0,0,0,0,,1
willyloman.wordpress.com,,,,,,,,,,0,0,0,0,0,,1
accademiadellaliberta.blogspot.it,,,,,,,,,,0,0,0,0,0,,1
alcyonpleiadi.blogspot.it,,,,,,,,,,0,0,0,0,0,,1
altrarealta.blogspot.it,,,,,,,,,,0,0,0,0,0,,1
appunti2008.blogspot.it,,,,,,,,,,0,0,0,0,0,,1
aurorasito.wordpress.com,,,,,,,,,,0,0,0,0,0,,1
compressamente.blogspot.it,,,,,,,,,,0,0,0,0,0,,1
controinformoblog.altervista.org,,,,,,,,,,0,0,0,0,0,,1
cortesovrana.it,,,,,,,,,,0,0,0,0,0,,1
delta-leveritanascoste.blogspot.it,,,,,,,,,,0,0,0,0,0,,1
freeondarevolution.blogspot.it,,,,,,,,,,0,0,0,0,0,,1
ilnuovomondodanielereale.blogspot.it,,,,,,,,,,0,0,0,0,0,,1
ilsapereepotere.blogspot.it,,,,,,,,,,0,0,0,0,0,,1
ilsapereepotere2.blogspot.com,,,,,,,,,,0,0,0,0,0,,1
jhwhinri.blogspot.it,,,,,,,,,,0,0,0,0,0,,1
laveritadininconaco.altervista.org,,,,,,,,,,0,0,0,0,0,,1
madreterra.myblog.it,,,,,,,,,,0,0,0,0,0,,1
mondonews1.blogspot.it,,,,,,,,,,0,0,0,0,0,,1
neovitruvian.wordpress.com,,,,,,,,,,0,0,0,0,0,,1
notiziedalpopolo.altervista.org,,,,,,,,,,0,0,0,0,0,,1
nwonuovoordinemondiale.wordpress.com,,,,,,,,,,0,0,0,0,0,,1
olivieromannucci.blogspot.it,,,,,,,,,,0,0,0,0,0,,1
paoloferrarocdd.blogspot.it,,,,,,,,,,0,0,0,0,0,,1
pianetax.wordpress.com,,,,,,,,,,0,0,0,0,0,,1
presadicoscienza.altervista.org,,,,,,,,,,0,0,0,0,0,,1
questaitalia.wordpress.com,,,,,,,,,,0,0,0,0,0,,1
raggioindaco.wordpress.com,,,,,,,,,,0,0,0,0,0,,1
sitoaurora.wordpress.com,,,,,,,,,,0,0,0,0,0,,1
sulatestagiannilannes.blogspot.com,,,,,,,,,,0,0,0,0,0,,1
tankerenemymeteo.blogspot.it,,,,,,,,,,0,0,0,0,0,,1
terrarealtime2.blogspot.com,,,,,,,,,,0,0,0,0,0,,1
ununiverso.altervista.org,,,,,,,,,,0,0,0,0,0,,1
veritanwo.altervista.org,,,,,,,,,,0,0,0,0,0,,1
younetspiegalevele.altervista.org,,,,,,,,,,0,0,0,0,0,,1
wwwblogdicristian.blogspot.it,,,,,,,,,,0,0,0,0,0,,1
aattp.org,,,,,,,,,,0.5,0.5,1,0.5,0.5,0.0978,0
abncnews.com,,,,,,,,,,0.5,0.5,1,0.5,0.5,,1
againstcronycapitalism.org,,,,,,,,,,0.5,0.5,1,0.5,0.5,,1
alexanderhiggins.com,,,,,,,,,,0.5,0.5,1,0.5,0.5,0.165,0
alexpoucher.com,,,,,,,,,,0.5,0.5,1,0.5,0.5,,1
americannewsx.com,,,,,,,,,,0.5,0.5,1,0.5,0.5,,1
anotherdayintheempire.com,,,,,,,,,,0.5,0.5,1,0.5,0.5,,1
beingliberal.org,,,,,,,,,,0.5,0.5,1,0.5,0.5,,1
blue-route.org,,,,,,,,,,0.5,0.5,1,0.5,0.5,,1
bluetribune.com,,,,,,,,,,0.5,0.5,1,0.5,0.5,,1
counterinformation.wordpress.com,,,,,,,,,,0.5,0.5,1,0.5,0.5,,1
counterpropa.com,,,,,,,,,,0.5,0.5,1,0.5,0.5,,1
counterpunch.com,,,,,,,,,,0.5,0.5,1,0.5,0.5,,1
dailygotham.com,,,,,,,,,,0.5,0.5,1,0.5,0.5,,1
democraticreview.com,,,,,,,,,,0.5,0.5,1,0.5,0.5,,1
democratizeus.com,,,,,,,,,,0.5,0.5,1,0.5,0.5,,1
dieharddemocrat.com,,,,,,,,,,0.5,0.5,1,0.5,0.5,,1
dissent.tv,,,,,,,,,,0.5,0.5,1,0.5,0.5,,1
economyincrisis.org,,,,,,,,,,0.5,0.5,1,0.5,0.5,,1
equalvoiceforfamilies.org,,,,,,,,,,0.5,0.5,1,0.5,0.5,,1
feministe.us,,,,,,,,,,0.5,0.5,1,0.5,0.5,,1
forwardprogressives.com,,,,,,,,,,0.5,0.5,1,0.5,0.5,,1
freakoutnation.com,,,,,,,,,,0.5,0.5,1,0.5,0.5,,1
glennbeckunhinged.com,,,,,,,,,,0.5,0.5,1,0.5,0.5,,1
gopocalypse.org,,,,,,,,,,0.5,0.5,1,0.5,0.5,,1
joemygod.com,,,,,,,,,,0.5,0.5,1,0.5,0.5,,1
juancole.com,,,,,,,,,,0.5,0.5,1,0.5,0.5,,1
justicewriters.com,,,,,,,,,,0.5,0.5,1,0.5,0.5,,1
latinorebels.com,,,,,,,,,,0.5,0.5,1,0.5,0.5,,1
leanleft.com,,,,,,,,,,0.5,0.5,1,0.5,0.5,,1
leftliberal.com,,,,,,,,,,0.5,0.5,1,0.5,0.5,,1
leftsideofhistory.com,,,,,,,,,,0.5,0.5,1,0.5,0.5,,1
leftwingnation.org,,,,,,,,,,0.5,0.5,1,0.5,0.5,,1
liberalmountain.com,,,,,,,,,,0.5,0.5,1,0.5,0.5,,1
liberalsociety.com,,,,,,,,,,0.5,0.5,1,0.5,0.5,,1
lidblog.com,,,,,,,,,,0.5,0.5,1,0.5,0.5,,1
michaelmoore.com,,,,,,,,,,0.5,0.5,1,0.5,0.5,,1
news.groopspeak.com,,,,,,,,,,0.5,0.5,1,0.5,0.5,,1
offthemainpage.com,,,,,,,,,,0.5,0.5,1,0.5,0.5,,1
oliverwillis.com,,,,,,,,,,0.5,0.5,1,0.5,0.5,,1
oppositionreport.com,,,,,,,,,,0.5,0.5,1,0.5,0.5,,1
politicalupdater.com,,,,,,,,,,0.5,0.5,1,0.5,0.5,,1
progressiveliberal.net,,,,,,,,,,0.5,0.5,1,0.5,0.5,,1
proudemocrat.com,,,,,,,,,,0.5,0.5,1,0.5,0.5,,1
rawprogressive.com,,,,,,,,,,0.5,0.5,1,0.5,0.5,,1
realprogressivesusa.com,,,,,,,,,,0.5,0.5,1,0.5,0.5,,1
rebelpundit.com,,,,,,,,,,0.5,0.5,1,0.5,0.5,,1
reclaimdemocracy.org,,,,,,,,,,0.5,0.5,1,0.5,0.5,,1
resistancereport.com,,,,,,,,,,0.5,0.5,1,0.5,0.5,,1
resistmedia.org,,,,,,,,,,0.5,0.5,1,0.5,0.5,,1
restoreamericanglory.com,,,,,,,,,,0.5,0.5,1,0.5,0.5,,1
reverbpress.com,,,,,,,,,,0.5,0.5,1,0.5,0.5,,1
rewire.news,,,,,,,,,,0.5,0.5,1,0.5,0.5,,1
samuel-warde.com,,,,,,,,,,0.5,0.5,1,0.5,0.5,,1
sourceplanet.net,,,,,,,,,,0.5,0.5,1,0.5,0.5,,1
talkleft.com,,,,,,,,,,0.5,0.5,1,0.5,0.5,,1
theimmoralminority.blogspot.ca,,,,,,,,,,0.5,0.5,1,0.5,0.5,,1
theleftcoaster.com,,,,,,,,,,0.5,0.5,1,0.5,0.5,,1
thepeoplesview.net,,,,,,,,,,0.5,0.5,1,0.5,0.5,,1
thepoliticalorder.com,,,,,,,,,,0.5,0.5,1,0.5,0.5,,1
thepoliticalvoice.com,,,,,,,,,,0.5,0.5,1,0.5,0.5,,1
thepopulist.buzz,,,,,,,,,,0.5,0.5,1,0.5,0.5,,1
truth-out.org,,,,,,,,,,0.5,0.5,1,0.5,0.5,,1
truthexaminer.com,,,,,,,,,,0.5,0.5,1,0.5,0.5,,1
usaonlinetoday.com,,,,,,,,,,0.5,0.5,1,0.5,0.5,,1
voices4hillary.com,,,,,,,,,,0.5,0.5,1,0.5,0.5,,1
warisacrime.org,,,,,,,,,,0.5,0.5,1,0.5,0.5,,1
washingtonjournal.com,,,,,,,,,,0.5,0.5,1,0.5,0.5,,1
winningdemocrats.com,,,,,,,,,,0.5,0.5,1,0.5,0.5,,1
youngprogressivevoices.com,,,,,,,,,,0.5,0.5,1,0.5,0.5,,1
zcomm.org/zmag,,,,,,,,,,0.5,0.5,1,0.5,0.5,,1
allthatsfab.com,,,,,,,,,,0.5,0.5,1,0.5,0.5,,1
citypaper.com,,,,,,,,,,0.5,0.5,1,0.5,0.5,,1
themaven.net,,,,,,,,,,0.5,0.5,1,0.5,0.5,,1
deepstatenation.com,,,,,,,,,,0.5,0.5,1,0.5,0.5,,1
ir.net,,,,,,,,,,0.5,0.5,1,0.5,0.5,,1
liberalamerica.life,,,,,,,,,,0.5,0.5,1,0.5,0.5,,1
liberalexaminer.com,,,,,,,,,,0.5,0.5,1,0.5,0.5,,1
meduza.io,,,,,,,,,,0.5,0.5,1,0.5,0.5,,1
molad.org,,,,,,,,,,0.5,0.5,1,0.5,0.5,,1
ncpolicywatch.com,,,,,,,,,,0.5,0.5,1,0.5,0.5,,1
out.com,,,,,,,,,,0.5,0.5,1,0.5,0.5,,1
photographyisnotacrime.com,,,,,,,,,,0.5,0.5,1,0.5,0.5,,1
politicaltribune.org,,,,,,,,,,0.5,0.5,1,0.5,0.5,,1
redyouth.org,,,,,,,,,,0.5,0.5,1,0.5,0.5,,1
sourcewatch.org,,,,,,,,,,0.5,0.5,1,0.5,0.5,,1
takepart.com,,,,,,,,,,0.5,0.5,1,0.5,0.5,,1
theestablishment.co,,,,,,,,,,0.5,0.5,1,0.5,0.5,,1
theintellectualist.co,,,,,,,,,,0.5,0.5,1,0.5,0.5,,1
thesternfacts.com,,,,,,,,,,0.5,0.5,1,0.5,0.5,,1
verifiedpolitics.com,,,,,,,,,,0.5,0.5,1,0.5,0.5,,1
vermontindependent.org,,,,,,,,,,0.5,0.5,1,0.5,0.5,,1
vote.us.org,,,,,,,,,,0.5,0.5,1,0.5,0.5,,1
24dailynew.com,,,,,,,,,,0.5,0.5,1,0.5,0.5,,1
24usnews.com,,,,,,,,,,0.5,0.5,1,0.5,0.5,,1
63red.com,,,,,,,,,,0.5,0.5,1,0.5,0.5,,1
afr.net,,,,,,,,,,0.5,0.5,1,0.5,0.5,,1
allenbwest.com,,,,,,,,,,0.5,0.5,1,0.5,0.5,,1
allenwestrepublic.com,,,,,,,,,,0.5,0.5,1,0.5,0.5,,1
allpoliticalnews.com,,,,,,,,,,0.5,0.5,1,0.5,0.5,,1
altdrudge.com,,,,,,,,,,0.5,0.5,1,0.5,0.5,,1
americanconservativeherald.com,,,,,,,,,,0.5,0.5,1,0.5,0.5,,1
americandailypatriot.com,,,,,,,,,,0.5,0.5,1,0.5,0.5,,1
americanfreedomblog.com,,,,,,,,,,0.5,0.5,1,0.5,0.5,,1
americanlens.com,,,,,,,,,,0.5,0.5,1,0.5,0.5,,1
americanpoliticnews.com,,,,,,,,,,0.5,0.5,1,0.5,0.5,,1
americantruepatriots.com,,,,,,,,,,0.5,0.5,1,0.5,0.5,,1
americanupdate.com,,,,,,,,,,0.5,0.5,1,0.5,0.5,,1
americauncensored.com,,,,,,,,,,0.5,0.5,1,0.5,0.5,,1
americauncensored.net,,,,,,,,,,0.5,0.5,1,0.5,0.5,,1
americonnews.com,,,,,,,,,,0.5,0.5,1,0.5,0.5,,1
analogpolitics.com,,,,,,,,,,0.5,0.5,1,0.5,0.5,,1
angelagrahamwest.org,,,,,,,,,,0.5,0.5,1,0.5,0.5,,1
animeright.news,,,,,,,,,,0.5,0.5,1,0.5,0.5,,1
anncoulter.com,,,,,,,,,,0.5,0.5,1,0.5,0.5,,1
arcmedia.org,,,,,,,,,,0.5,0.5,1,0.5,0.5,,1
barbwire.com,,,,,,,,,,0.5,0.5,1,0.5,0.5,,1
behindthetyranny.com,,,,,,,,,,0.5,0.5,1,0.5,0.5,,1
blackandblondemedia.com,,,,,,,,,,0.5,0.5,1,0.5,0.5,,1
blacklivesmatterexposed.com,,,,,,,,,,0.5,0.5,1,0.5,0.5,,1
blogslucianneloves.com,,,,,,,,,,0.5,0.5,1,0.5,0.5,,1
bloodyrubbish.com,,,,,,,,,,0.5,0.5,1,0.5,0.5,,1
bluedimension.us,,,,,,,,,,0.5,0.5,1,0.5,0.5,,1
bluelivesmatter.blue,,,,,,,,,,0.5,0.5,1,0.5,0.5,,1
bookwormroom.com,,,,,,,,,,0.5,0.5,1,0.5,0.5,,1
borntoberight.com,,,,,,,,,,0.5,0.5,1,0.5,0.5,,1
bulletsfirst.net,,,,,,,,,,0.5,0.5,1,0.5,0.5,,1
christianfightback.com,,,,,,,,,,0.5,0.5,1,0.5,0.5,,1
citizensfortrump.com,,,,,,,,,,0.5,0.5,1,0.5,0.5,,1
comicallyincorrect.com,,,,,,,,,,0.5,0.5,1,0.5,0.5,,1
committeetodefendthepresident.com,,,,,,,,,,0.5,0.5,1,0.5,0.5,,1
consamerica.com,,,,,,,,,,0.5,0.5,1,0.5,0.5,,1
conservativeclub.net,,,,,,,,,,0.5,0.5,1,0.5,0.5,,1
conservativeconstitutionalists.com,,,,,,,,,,0.5,0.5,1,0.5,0.5,,1
conservativedailyreview.com,,,,,,,,,,0.5,0.5,1,0.5,0.5,,1
conservativedeplorable.com,,,,,,,,,,0.5,0.5,1,0.5,0.5,,1
conservativehq.com,,,,,,,,,,0.5,0.5,1,0.5,0.5,,1
conservativeintel.com,,,,,,,,,,0.5,0.5,1,0.5,0.5,,1
conservativenews.com,,,,,,,,,,0.5,0.5,1,0.5,0.5,,1
conservativepressnetwork.com,,,,,,,,,,0.5,0.5,1,0.5,0.5,,1
conservativerevival.com,,,,,,,,,,0.5,0.5,1,0.5,0.5,0,0
conservatives4palin.com,,,,,,,,,,0.5,0.5,1,0.5,0.5,,1
conservativeshere.com,,,,,,,,,,0.5,0.5,1,0.5,0.5,,1
conservativevideos.com,,,,,,,,,,0.5,0.5,1,0.5,0.5,,1
conservativeworlddaily.com,,,,,,,,,,0.5,0.5,1,0.5,0.5,,1
conservly.com,,,,,,,,,,0.5,0.5,1,0.5,0.5,,1
consjournal.com,,,,,,,,,,0.5,0.5,1,0.5,0.5,,1
conspatriot.com,,,,,,,,,,0.5,0.5,1,0.5,0.5,,1
constitution.com,,,,,,,,,,0.5,0.5,1,0.5,0.5,,1
controversialtimes.com,,,,,,,,,,0.5,0.5,1,0.5,0.5,,1
cosmo-politics.com,,,,,,,,,,0.5,0.5,1,0.5,0.5,,1
counter-currents.com,,,,,,,,,,0.5,0.5,1,0.5,0.5,,1
craigjames.com,,,,,,,,,,0.5,0.5,1,0.5,0.5,,1
crtv.com,,,,,,,,,,0.5,0.5,1,0.5,0.5,,1
cscmediagroupus.com,,,,,,,,,,0.5,0.5,1,0.5,0.5,,1
cynthiafarahat.com,,,,,,,,,,0.5,0.5,1,0.5,0.5,,1
dailyherald.news,,,,,,,,,,0.5,0.5,1,0.5,0.5,,1
dailyinfo.co,,,,,,,,,,0.5,0.5,1,0.5,0.5,,1
dailynews24-7.com,,,,,,,,,,0.5,0.5,1,0.5,0.5,,1
dailynewscycle.com,,,,,,,,,,0.5,0.5,1,0.5,0.5,,1
dailynewshouse.com,,,,,,,,,,0.5,0.5,1,0.5,0.5,,1
dailynewspolitic.com,,,,,,,,,,0.5,0.5,1,0.5,0.5,,1
danaloeschradio.com,,,,,,,,,,0.5,0.5,1,0.5,0.5,,1
dcwhispers.com,,,,,,,,,,0.5,0.5,1,0.5,0.5,,1
defund.com,,,,,,,,,,0.5,0.5,1,0.5,0.5,,1
deneenborelli.com,,,,,,,,,,0.5,0.5,1,0.5,0.5,,1
dennismichaellynch.com,,,,,,,,,,0.5,0.5,1,0.5,0.5,,1
donaldtrumpnews.net,,,,,,,,,,0.5,0.5,1,0.5,0.5,,1
everydaynews.us,,,,,,,,,,0.5,0.5,1,0.5,0.5,,1
excaliburreport.com,,,,,,,,,,0.5,0.5,1,0.5,0.5,,1
fightingfortrump.com,,,,,,,,,,0.5,0.5,1,0.5,0.5,,1
fixthisnation.com,,,,,,,,,,0.5,0.5,1,0.5,0.5,,1
foramerica.org,,,,,,,,,,0.5,0.5,1,0.5,0.5,,1
foundingbloggers.com,,,,,,,,,,0.5,0.5,1,0.5,0.5,,1
freedomfirst.news,,,,,,,,,,0.5,0.5,1,0.5,0.5,,1
freedomforce.com,,,,,,,,,,0.5,0.5,1,0.5,0.5,,1
freepatriotpost.com,,,,,,,,,,0.5,0.5,1,0.5,0.5,,1
futureinamerica.com,,,,,,,,,,0.5,0.5,1,0.5,0.5,,1
goppresidential.com,,,,,,,,,,0.5,0.5,1,0.5,0.5,,1
gotnews.com,,,,,,,,,,0.5,0.5,1,0.5,0.5,,1
guerrilla.news,,,,,,,,,,0.5,0.5,1,0.5,0.5,,1
hillary4prisoner.com,,,,,,,,,,0.5,0.5,1,0.5,0.5,,1
hillarydaily.com,,,,,,,,,,0.5,0.5,1,0.5,0.5,,1
hughhewitt.com,,,,,,,,,,0.5,0.5,1,0.5,0.5,,1
ih8hillary.com,,,,,,,,,,0.5,0.5,1,0.5,0.5,,1
ihavethetruth.com,,,,,,,,,,0.5,0.5,1,0.5,0.5,,1
informedowners.com,,,,,,,,,,0.5,0.5,1,0.5,0.5,,1
instaworldnews.com,,,,,,,,,,0.5,0.5,1,0.5,0.5,,1
iotwreport.com,,,,,,,,,,0.5,0.5,1,0.5,0.5,,1
jamieglazov.com,,,,,,,,,,0.5,0.5,1,0.5,0.5,,1
janmorganmedia.com,,,,,,,,,,0.5,0.5,1,0.5,0.5,,1
jookos.com,,,,,,,,,,0.5,0.5,1,0.5,0.5,,1
knoxreport.com,,,,,,,,,,0.5,0.5,1,0.5,0.5,,1
lauraingraham.com,,,,,,,,,,0.5,0.5,1,0.5,0.5,,1
lettucetalkaboutit.com,,,,,,,,,,0.5,0.5,1,0.5,0.5,,1
libertyfederation.com,,,,,,,,,,0.5,0.5,1,0.5,0.5,,1
libertyisviral.com,,,,,,,,,,0.5,0.5,1,0.5,0.5,,1
libertyjuice.com,,,,,,,,,,0.5,0.5,1,0.5,0.5,,1
libertyunyielding.com,,,,,,,,,,0.5,0.5,1,0.5,0.5,,1
libertyviral.com,,,,,,,,,,0.5,0.5,1,0.5,0.5,,1
lonelyconservative.com,,,,,,,,,,0.5,0.5,1,0.5,0.5,,1
loudobbs.com,,,,,,,,,,0.5,0.5,1,0.5,0.5,,1
makeamericagreattoday.com,,,,,,,,,,0.5,0.5,1,0.5,0.5,,1
marklevinshow.com,,,,,,,,,,0.5,0.5,1,0.5,0.5,,1
marksteyn.com,,,,,,,,,,0.5,0.5,1,0.5,0.5,,1
menrec.com,,,,,,,,,,0.5,0.5,1,0.5,0.5,,1
michellemalkin.com,,,,,,,,,,0.5,0.5,1,0.5,0.5,,1
minutemennews.com,,,,,,,,,,0.5,0.5,1,0.5,0.5,,1
mrcblog.com,,,,,,,,,,0.5,0.5,1,0.5,0.5,,1
mrctv.org,,,,,,,,,,0.5,0.5,1,0.5,0.5,,1
newcriterion.com,,,,,,,,,,0.5,0.5,1,0.5,0.5,,1
newobserveronline.com,,,,,,,,,,0.5,0.5,1,0.5,0.5,,1
news-4.us,,,,,,,,,,0.5,0.5,1,0.5,0.5,,1
newscrap.org,,,,,,,,,,0.5,0.5,1,0.5,0.5,,1
newsdiscoverer.com,,,,,,,,,,0.5,0.5,1,0.5,0.5,,1
newsflashonline.info,,,,,,,,,,0.5,0.5,1,0.5,0.5,,1
newsleaks.co,,,,,,,,,,0.5,0.5,1,0.5,0.5,,1
newsninja2012.com,,,,,,,,,,0.5,0.5,1,0.5,0.5,,1
newzeal.blogspot.com,,,,,,,,,,0.5,0.5,1,0.5,0.5,,1
nextnewsnetwork.com,,,,,,,,,,0.5,0.5,1,0.5,0.5,0.165,0
nutbarfactor.com,,,,,,,,,,0.5,0.5,1,0.5,0.5,,1
offthewire.com,,,,,,,,,,0.5,0.5,1,0.5,0.5,,1
patdollard.com,,,,,,,,,,0.5,0.5,1,0.5,0.5,,1
patriot.tv,,,,,,,,,,0.5,0.5,1,0.5,0.5,,1
patriotbeacon.com,,,,,,,,,,0.5,0.5,1,0.5,0.5,,1
patrioticfolks.com,,,,,,,,,,0.5,0.5,1,0.5,0.5,,1
patriotjournal.com,,,,,,,,,,0.5,0.5,1,0.5,0.5,,1
patriotoutdoornews.com,,,,,,,,,,0.5,0.5,1,0.5,0.5,,1
patriotreporting.com,,,,,,,,,,0.5,0.5,1,0.5,0.5,,1
patriottribune.com,,,,,,,,,,0.5,0.5,1,0.5,0.5,,1
politcalnews4you.com,,,,,,,,,,0.5,0.5,1,0.5,0.5,,1
politicalalley.com,,,,,,,,,,0.5,0.5,1,0.5,0.5,,1
politicalillusionsexposed.com,,,,,,,,,,0.5,0.5,1,0.5,0.5,,1
politicalinbox.com,,,,,,,,,,0.5,0.5,1,0.5,0.5,,1
politicaljungle.net,,,,,,,,,,0.5,0.5,1,0.5,0.5,,1
politicaloutcast.com,,,,,,,,,,0.5,0.5,1,0.5,0.5,,1
politicalpool.com,,,,,,,,,,0.5,0.5,1,0.5,0.5,,1
proud-patriots.com,,,,,,,,,,0.5,0.5,1,0.5,0.5,,1
quinhillyer.com,,,,,,,,,,0.5,0.5,1,0.5,0.5,,1
readmeeveryday.com,,,,,,,,,,0.5,0.5,1,0.5,0.5,,1
redbox.news,,,,,,,,,,0.5,0.5,1,0.5,0.5,,1
redconservativeclub.com,,,,,,,,,,0.5,0.5,1,0.5,0.5,,1
redherald.com,,,,,,,,,,0.5,0.5,1,0.5,0.5,,1
redhotconservative.com,,,,,,,,,,0.5,0.5,1,0.5,0.5,,1
rednationrising.us,,,,,,,,,,0.5,0.5,1,0.5,0.5,,1
rednationweekly.com,,,,,,,,,,0.5,0.5,1,0.5,0.5,,1
rednecknewswire.com,,,,,,,,,,0.5,0.5,1,0.5,0.5,,1
redpeople.us,,,,,,,,,,0.5,0.5,1,0.5,0.5,,1
redrightrepublic.com,,,,,,,,,,0.5,0.5,1,0.5,0.5,,1
redstatepundit.com,,,,,,,,,,0.5,0.5,1,0.5,0.5,,1
refinedright.com,,,,,,,,,,0.5,0.5,1,0.5,0.5,,1
revealingpolitics.com,,,,,,,,,,0.5,0.5,1,0.5,0.5,,1
reviveusa.com,,,,,,,,,,0.5,0.5,1,0.5,0.5,,1
rightbias.com,,,,,,,,,,0.5,0.5,1,0.5,0.5,,1
rightedition.com,,,,,,,,,,0.5,0.5,1,0.5,0.5,,1
rightforever.com,,,,,,,,,,0.5,0.5,1,0.5,0.5,,1
rightpundits.com,,,,,,,,,,0.5,0.5,1,0.5,0.5,,1
rightvoicemedia.com,,,,,,,,,,0.5,0.5,1,0.5,0.5,,1
savingourfuture.com,,,,,,,,,,0.5,0.5,1,0.5,0.5,,1
secretnewsusa.com,,,,,,,,,,0.5,0.5,1,0.5,0.5,,1
sgsnews.com,,,,,,,,,,0.5,0.5,1,0.5,0.5,,1
shark-tank.com,,,,,,,,,,0.5,0.5,1,0.5,0.5,,1
sharpelbowsstl.blogspot.ca,,,,,,,,,,0.5,0.5,1,0.5,0.5,,1
silenceisconsent.net,,,,,,,,,,0.5,0.5,1,0.5,0.5,,1
sistertoldjah.com,,,,,,,,,,0.5,0.5,1,0.5,0.5,,1
skepchick.org,,,,,,,,,,0.5,0.5,1,0.5,0.5,,1
sourcesnews.com,,,,,,,,,,0.5,0.5,1,0.5,0.5,,1
spartareport.com,,,,,,,,,,0.5,0.5,1,0.5,0.5,,1
stacyontheright.com,,,,,,,,,,0.5,0.5,1,0.5,0.5,,1
stridentconservative.com,,,,,,,,,,0.5,0.5,1,0.5,0.5,,1
tammybruce.com,,,,,,,,,,0.5,0.5,1,0.5,0.5,,1
teapartytribune.com,,,,,,,,,,0.5,0.5,1,0.5,0.5,,1
theamericancause.org,,,,,,,,,,0.5,0.5,1,0.5,0.5,,1
theconservativemonitor.com,,,,,,,,,,0.5,0.5,1,0.5,0.5,,1
theconservativerepublic.com,,,,,,,,,,0.5,0.5,1,0.5,0.5,,1
thedailydeplorables.com,,,,,,,,,,0.5,0.5,1,0.5,0.5,,1
thedailynewsbox.com,,,,,,,,,,0.5,0.5,1,0.5,0.5,,1
thedailypatriots.com,,,,,,,,,,0.5,0.5,1,0.5,0.5,,1
thedeplorablearmy.com,,,,,,,,,,0.5,0.5,1,0.5,0.5,,1
thenewscommenter.com,,,,,,,,,,0.5,0.5,1,0.5,0.5,,1
thenewsdoctors.com,,,,,,,,,,0.5,0.5,1,0.5,0.5,,1
thepoliticalherald.com,,,,,,,,,,0.5,0.5,1,0.5,0.5,,1
therealside.com,,,,,,,,,,0.5,0.5,1,0.5,0.5,,1
therebel.media,,,,,,,,,,0.5,0.5,1,0.5,0.5,,1
therepublicannews.net,,,,,,,,,,0.5,0.5,1,0.5,0.5,,1
thestarchronicle.com,,,,,,,,,,0.5,0.5,1,0.5,0.5,,1
thinkrightpolitics.com,,,,,,,,,,0.5,0.5,1,0.5,0.5,,1
tmn.today,,,,,,,,,,0.5,0.5,1,0.5,0.5,,1
to-day-news-24.com,,,,,,,,,,0.5,0.5,1,0.5,0.5,,1
topallnew.com,,,,,,,,,,0.5,0.5,1,0.5,0.5,,1
toprightnews.com,,,,,,,,,,0.5,0.5,1,0.5,0.5,,1
topsecretinfodump.com,,,,,,,,,,0.5,0.5,1,0.5,0.5,,1
topsecretinfoexposed.com,,,,,,,,,,0.5,0.5,1,0.5,0.5,,1
topsecretleaks.com,,,,,,,,,,0.5,0.5,1,0.5,0.5,,1
totalconservative.com,,,,,,,,,,0.5,0.5,1,0.5,0.5,,1
totalworldnews.com,,,,,,,,,,0.5,0.5,1,0.5,0.5,,1
tothedeathmedia.com,,,,,,,,,,0.5,0.5,1,0.5,0.5,,1
triadconservative.com,,,,,,,,,,0.5,0.5,1,0.5,0.5,,1
trpolitics.com,,,,,,,,,,0.5,0.5,1,0.5,0.5,,1
truedaily.news,,,,,,,,,,0.5,0.5,1,0.5,0.5,,1
trumpers.online,,,,,,,,,,0.5,0.5,1,0.5,0.5,,1
truthfeed.com,,,,,,,,,,0.5,0.5,1,0.5,0.5,,1
truthrevolt.org,,,,,,,,,,0.5,0.5,1,0.5,0.5,,1
uconservative.net,,,,,,,,,,0.5,0.5,1,0.5,0.5,,1
ufpnews.com,,,,,,,,,,0.5,0.5,1,0.5,0.5,,1
unhyphenatedamerica.org,,,,,,,,,,0.5,0.5,1,0.5,0.5,,1
usadailynews24.com,,,,,,,,,,0.5,0.5,1,0.5,0.5,,1
usadailyreports.com,,,,,,,,,,0.5,0.5,1,0.5,0.5,,1
usaelectionsnews.com,,,,,,,,,,0.5,0.5,1,0.5,0.5,,1
usahealthylife.com,,,,,,,,,,0.5,0.5,1,0.5,0.5,,1
usainfonews.com,,,,,,,,,,0.5,0.5,1,0.5,0.5,,1
usanewsoftheday.org,,,,,,,,,,0.5,0.5,1,0.5,0.5,,1
usapubliclife.com,,,,,,,,,,0.5,0.5,1,0.5,0.5,,1
usarelated.com,,,,,,,,,,0.5,0.5,1,0.5,0.5,,1
usaviralpolitics.com,,,,,,,,,,0.5,0.5,1,0.5,0.5,,1
usconservative.com,,,,,,,,,,0.5,0.5,1,0.5,0.5,,1
usjournalreview.com,,,,,,,,,,0.5,0.5,1,0.5,0.5,,1
usnewz24.com,,,,,,,,,,0.5,0.5,1,0.5,0.5,,1
uspoliticsinsider.com,,,,,,,,,,0.5,0.5,1,0.5,0.5,,1
utnews.info,,,,,,,,,,0.5,0.5,1,0.5,0.5,,1
vanguardofliberty.org,,,,,,,,,,0.5,0.5,1,0.5,0.5,,1
victoriajackson.com,,,,,,,,,,0.5,0.5,1,0.5,0.5,,1
viraldeplorables.com,,,,,,,,,,0.5,0.5,1,0.5,0.5,,1
viralhubbub.com,,,,,,,,,,0.5,0.5,1,0.5,0.5,,1
viralpatriot.com,,,,,,,,,,0.5,0.5,1,0.5,0.5,,1
viralpatriots.com,,,,,,,,,,0.5,0.5,1,0.5,0.5,,1
visiontoamerica.com,,,,,,,,,,0.5,0.5,1,0.5,0.5,,1
westsentinel.com,,,,,,,,,,0.5,0.5,1,0.5,0.5,,1
wethepeoplefree.com,,,,,,,,,,0.5,0.5,1,0.5,0.5,,1
worlddailyonline.com,,,,,,,,,,0.5,0.5,1,0.5,0.5,,1
worldnewsandrumors.space,,,,,,,,,,0.5,0.5,1,0.5,0.5,,1
youngcons.com,,,,,,,,,,0.5,0.5,1,0.5,0.5,,1
acculturated.com,,,,,,,,,,0.5,0.5,1,0.5,0.5,,1
asiannews.it,,,,,,,,,,0.5,0.5,1,0.5,0.5,,1
americanexperiment.org,,,,,,,,,,0.5,0.5,1,0.5,0.5,,1
dangerous.com,,,,,,,,,,0.5,0.5,1,0.5,0.5,,1
news.grabien.com,,,,,,,,,,0.5,0.5,1,0.5,0.5,,1
imprimis.hillsdale.edu,,,,,,,,,,0.5,0.5,1,0.5,0.5,,1
notliberal.com,,,,,,,,,,0.5,0.5,1,0.5,0.5,,1
numbersusa.com,,,,,,,,,,0.5,0.5,1,0.5,0.5,,1
sharylattkisson.com,,,,,,,,,,0.5,0.5,1,0.5,0.5,,1
thecitizenpress.com,,,,,,,,,,0.5,0.5,1,0.5,0.5,,1
theconservativeopinion.com,,,,,,,,,,0.5,0.5,1,0.5,0.5,,1
therantidote.com,,,,,,,,,,0.5,0.5,1,0.5,0.5,,1
vivaliberty.com,,,,,,,,,,0.5,0.5,1,0.5,0.5,,1
westernfreepress.com,,,,,,,,,,0.5,0.5,1,0.5,0.5,,1
world.wng.org,,,,,,,,,,0.5,0.5,1,0.5,0.5,,1
aheadoftheherd.com,,,,,,,,,,0.5,0.5,1,0.5,0.5,,1
counterjihad.com,,,,,,,,,,0.5,0.5,1,0.5,0.5,,1
defenddemocracy.press,,,,,,,,,,0.5,0.5,1,0.5,0.5,,1
dollarvigilante.com,,,,,,,,,,0.5,0.5,1,0.5,0.5,,1
elelephantintheroom.blogspot.com,,,,,,,,,,0.5,0.5,1,0.5,0.5,,1
firearmscoalition.org,,,,,,,,,,0.5,0.5,1,0.5,0.5,,1
horowitzfreedomcenter.org,,,,,,,,,,0.5,0.5,1,0.5,0.5,,1
jamesrgrangerjr.com,,,,,,,,,,0.5,0.5,1,0.5,0.5,,1
journal-neo.org,,,,,,,,,,0.5,0.5,1,0.5,0.5,0.132,0
katehon.com,,,,,,,,,,0.5,0.5,1,0.5,0.5,0,0
liveactionnews.org,,,,,,,,,,0.5,0.5,1,0.5,0.5,,1
365usanews.com,,,,,,,,,,0.5,0.5,1,0.5,0.5,,1
antoniusaquinas.wp.com,,,,,,,,,,0.5,0.5,1,0.5,0.5,,1
brotherjohnf.com,,,,,,,,,,0.5,0.5,1,0.5,0.5,,1
conservativestate.com,,,,,,,,,,0.5,0.5,1,0.5,0.5,,1
countercurrentnews.com,,,,,,,,,,0.5,0.5,1,0.5,0.5,,1
dailypoliticsusa.com,,,,,,,,,,0.5,0.5,1,0.5,0.5,,1
darkpolitricks.com,,,,,,,,,,0.5,0.5,1,0.5,0.5,,1
extraclubmagazine.com,,,,,,,,,,0.5,0.5,1,0.5,0.5,,1
freedomworldnews.com,,,,,,,,,,0.5,0.5,1,0.5,0.5,,1
heresyblog.net,,,,,,,,,,0.5,0.5,1,0.5,0.5,,1
lifeandabout.com,,,,,,,,,,0.5,0.5,1,0.5,0.5,,1
molonlabemedia.com,,,,,,,,,,0.5,0.5,1,0.5,0.5,,1
openmindmagazine.com,,,,,,,,,,0.5,0.5,1,0.5,0.5,,1
patdollar.com,,,,,,,,,,0.5,0.5,1,0.5,0.5,,1
presstv.ir,,,,,,,,,,0.5,0.5,1,0.5,0.5,,1
qpolitical.com,,,,,,,,,,0.5,0.5,1,0.5,0.5,0.0584,0
sjlendman.blogspot.com,,,,,,,,,,0.5,0.5,1,0.5,0.5,,1
therealstrategy.com,,,,,,,,,,0.5,0.5,1,0.5,0.5,,1
thewatchtowers.com,,,,,,,,,,0.5,0.5,1,0.5,0.5,,1
addictinginfo.org,,,,,,,,,,0.25,0,0,0.125,0,,1
americanborderpatrol.com,,,,,,,,,,0.25,0,0,0.125,0,,1
americantoday.news,,,,,,,,,,0.25,0,0,0.125,0,,1
americaslastlineofdefense.org,,,,,,,,,,0.25,0,0,0.125,0,,1
attitude.co.uk,,,,,,,,,,0.25,0,0,0.125,0,,1
barnesreview.org,,,,,,,,,,0.25,0,0,0.125,0,,1
bluenationreview.com,,,,,,,,,,0.25,0,0,0.125,0,,1
breakpoint.org,,,,,,,,,,0.25,0,0,0.125,0,,1
cbinfo24.com,,,,,,,,,,0.25,0,0,0.125,0,,1
cnnnext.com,,,,,,,,,,0.25,0,0,0.125,0,,1
conservativeangle.com,,,,,,,,,,0.25,0,0,0.125,0,,1
creativitymovement.net,,,,,,,,,,0.25,0,0,0.125,0,,1
darkmoon.me,,,,,,,,,,0.25,0,0,0.125,0,,1
davejanda.com,,,,,,,,,,0.25,0,0,0.125,0,,1
davidduke.com,,,,,,,,,,0.25,0,0,0.125,0,,1
drrichswier.com,,,,,,,,,,0.25,0,0,0.125,0,,1
economicnoise.com,,,,,,,,,,0.25,0,0,0.125,0,,1
factrider.com,,,,,,,,,,0.25,0,0,0.125,0,,1
financialsurvivalnetwork.com,,,,,,,,,,0.25,0,0,0.125,0,,1
guccifer2.wordpress.com,,,,,,,,,,0.25,0,0,0.125,0,,1
heightpost.com,,,,,,,,,,0.25,0,0,0.125,0,,1
ideaspots.com,,,,,,,,,,0.25,0,0,0.125,0,,1
independentminute.com,,,,,,,,,,0.25,0,0,0.125,0,0,0
informetoday.com,,,,,,,,,,0.25,0,0,0.125,0,,1
kagfeed.com,,,,,,,,,,0.25,0,0,0.125,0,,1
loanpride.com,,,,,,,,,,0.25,0,0,0.125,0,,1
macedoniaonline.eu,,,,,,,,,,0.25,0,0,0.125,0,,1
mad-yet.blogspot.com,,,,,,,,,,0.25,0,0,0.125,0,,1
madpatriots.com,,,,,,,,,,0.25,0,0,0.125,0,,1
mminfo24.com,,,,,,,,,,0.25,0,0,0.125,0,,1
newswire-24.com,,,,,,,,,,0.25,0,0,0.125,0,,1
northcrane.com,,,,,,,,,,0.25,0,0,0.125,0,,1
nutritionalanarchy.com,,,,,,,,,,0.25,0,0,0.125,0,,1
pollhype.com,,,,,,,,,,0.25,0,0,0.125,0,,1
postcard.news,,,,,,,,,,0.25,0,0,0.125,0,,1
postillon.com,,,,,,,,,,0.25,0,0,0.125,0,,1
realtimepolitics.com,,,,,,,,,,0.25,0,0,0.125,0,,1
rightalert.com,,,,,,,,,,0.25,0,0,0.125,0,,1
rwnofficial.com,,,,,,,,,,0.25,0,0,0.125,0,,1
sovereignman.com,,,,,,,,,,0.25,0,0,0.125,0,,1
thegoldandoilguy.com,,,,,,,,,,0.25,0,0,0.125,0,,1
theinformedamerican.net,,,,,,,,,,0.25,0,0,0.125,0,,1
thenationalmarijuananews.com,,,,,,,,,,0.25,0,0,0.125,0,,1
therooster.com,,,,,,,,,,0.25,0,0,0.125,0,,1
thesmokersclub.com,,,,,,,,,,0.25,0,0,0.125,0,,1
tomwoods.com,,,,,,,,,,0.25,0,0,0.125,0,,1
truthfeednews.com,,,,,,,,,,0.25,0,0,0.125,0,,1
universaleinfo.com,,,,,,,,,,0.25,0,0,0.125,0,,1
urdoca.com,,,,,,,,,,0.25,0,0,0.125,0,,1
usdefensewatch.com,,,,,,,,,,0.25,0,0,0.125,0,,1
wolfstreet.com,,,,,,,,,,0.25,0,0,0.125,0,,1
aanirfan.blogspot.co.uk,,,,,,,,,,0.25,0,0,0.125,0,,1
anonnews.co,,,,,,,,,,0.25,0,0,0.125,0,,1
automaticearth.com,,,,,,,,,,0.25,0,0,0.125,0,,1
boilingfrogspost.com,,,,,,,,,,0.25,0,0,0.125,0,,1
bvanews.com,,,,,,,,,,0.25,0,0,0.125,0,,1
conservativeoutfitters.com,,,,,,,,,,0.25,0,0,0.125,0,,1
dcleaks.com,,,,,,,,,,0.25,0,0,0.125,0,,1
morningledger.com,,,,,,,,,,0.25,0,0,0.125,0,,1
newcenturytimes.com,,,,,,,,,,0.25,0,0,0.125,0,,1
politicsintheusa.com,,,,,,,,,,0.25,0,0,0.125,0,,1
powerpoliticians.com,,,,,,,,,,0.25,0,0,0.125,0,,1
theantimedia.org,,,,,,,,,,0.25,0,0,0.125,0,,1
thegoldandoilguy.com/articles,,,,,,,,,,0.25,0,0,0.125,0,,1
usviewer.com,,,,,,,,,,0.25,0,0,0.125,0,,1
veteransnewsnow.com,,,,,,,,,,0.25,0,0,0.125,0,,1
wikileaks.com,,,,,,,,,,0.25,0,0,0.125,0,,1
abriluno.com,,,,,,,,,,0,0,0,0,0,,1
allnews4us.com,,,,,,,,,,0,0,0,0,0,,1
alternativemediasyndicate.net,,,,,,,,,,0,0,0,0,0,,1
bigamericannews.com,,,,,,,,,,0,0,0,0,0,,1
breakingnews365.net,,,,,,,,,,0,0,0,0,0,,1
cannasos.com,,,,,,,,,,0,0,0,0,0,,1
channel33news.com,,,,,,,,,,0,0,0,0,0,,1
christwire.org,,,,,,,,,,0,0,0,0,0,,1
cnoticias.net,,,,,,,,,,0,0,0,0,0,,1
coed.com,,,,,,,,,,0,0,0,0,0,,1
conservativefighters.com,,,,,,,,,,0,0,0,0,0,,1
dailyheadlines.com,,,,,,,,,,0,0,0,0,0,,1
deadlyclear.wordpress.com,,,,,,,,,,0,0,0,0,0,,1
fakingnews.com,,,,,,,,,,0,0,0,0,0,,1
immediatesafety.org,,,,,,,,,,0,0,0,0,0,,1
itaglive.com,,,,,,,,,,0,0,0,0,0,,1
jewsnews.co.il,,,,,,,,,,0,0,0,0,0,,1
liberaldarkness.com,,,,,,,,,,0,0,0,0,0,,1
libertyblitzkrieg.com,,,,,,,,,,0,0,0,0,0,,1
libertywriters.com,,,,,,,,,,0,0,0,0,0,,1
mediamass.net,,,,,,,,,,0,0,0,0,0,,1
mentor2day.com,,,,,,,,,,0,0,0,0,0,,1
myfreshnews.com,,,,,,,,,,0,0,0,0,0,,1
newsfrompolitics.com,,,,,,,,,,0,0,0,0,0,,1
newslogue.com,,,,,,,,,,0,0,0,0,0,,1
newsmutiny.com,,,,,,,,,,0,0,0,0,0,,1
newswatch28.com,,,,,,,,,,0,0,0,0,0,,1
noticias-frescas.com,,,,,,,,,,0,0,0,0,0,,1
notizzia.com,,,,,,,,,,0,0,0,0,0,,1
politicalsitenews.com,,,,,,,,,,0,0,0,0,0,,1
reagancoalition.com,,,,,,,,,,0,0,0,0,0,,1
reporter.bz,,,,,,,,,,0,0,0,0,0,,1
smag31.com,,,,,,,,,,0,0,0,0,0,,1
subjectpolitics.com,,,,,,,,,,0,0,0,0,0,0.0257,0
thebigriddle.com,,,,,,,,,,0,0,0,0,0,,1
thetruthdivision.com,,,,,,,,,,0,0,0,0,0,,1
trend-news.com,,,,,,,,,,0,0,0,0,0,,1
usamagazinestudio.com,,,,,,,,,,0,0,0,0,0,,1
viralliberty.com,,,,,,,,,,0,0,0,0,0,,1
viralnewssocial.com,,,,,,,,,,0,0,0,0,0,,1
24newsflash.com,,,,,,,,,,0,0,0,0,0,,1
70news.wordpress.com,,,,,,,,,,0,0,0,0,0,,1
abcnewsgo.co,,,,,,,,,,0,0,0,0,0,,1
alternativemediasyndicate.com,,,,,,,,,,0,0,0,0,0,,1
americanoverlook.com,,,,,,,,,,0,0,0,0,0,,1
blackinusrancenews.com,,,,,,,,,,0,0,0,0,0,,1
cbsnews.com.co,,,,,,,,,,0,0,0,0,0,,1
channel-7-news.com,,,,,,,,,,0,0,0,0,0,,1
conservativeinfidel.com,,,,,,,,,,0,0,0,0,0,,1
ddemocraticunderground.com,,,,,,,,,,0,0,0,0,0,,1
drudgereport.com.co,,,,,,,,,,0,0,0,0,0,,1
empirehearland.com,,,,,,,,,,0,0,0,0,0,,1
en-vovle.com,,,,,,,,,,0,0,0,0,0,,1
enabon.com,,,,,,,,,,0,0,0,0,0,,1
enduringvision.com,,,,,,,,,,0,0,0,0,0,,1
eutopia.buzz,,,,,,,,,,0,0,0,0,0,,1
givemeliberity01.com,,,,,,,,,,0,0,0,0,0,,1
goneleft.com,,,,,,,,,,0,0,0,0,0,,1
gopthedailydose.com,,,,,,,,,,0,0,0,0,0,,1
healthycareandbeauty.com,,,,,,,,,,0,0,0,0,0,,1
itmakessenseblog.com,,,,,,,,,,0,0,0,0,0,,1
iwanttoexplore.com,,,,,,,,,,0,0,0,0,0,,1
ladylibertynews.com,,,,,,,,,,0,0,0,0,0,,1
learnprogress.org,,,,,,,,,,0,0,0,0,0,,1
maganews.co,,,,,,,,,,0,0,0,0,0,,1
megynkelly.us,,,,,,,,,,0,0,0,0,0,,1
mpidailymagazine.com,,,,,,,,,,0,0,0,0,0,,1
mrconservative.com,,,,,,,,,,0,0,0,0,0,,1
myzonetoday.com,,,,,,,,,,0,0,0,0,0,,1
nationonenews.com,,,,,,,,,,0,0,0,0,0,,1
newsbbc.net,,,,,,,,,,0,0,0,0,0,,1
newsmagazine.com,,,,,,,,,,0,0,0,0,0,,1
onlineconservativepress.com,,,,,,,,,,0,0,0,0,0,,1
politicalo.com,,,,,,,,,,0,0,0,0,0,,1
politicalupdator.com,,,,,,,,,,0,0,0,0,0,,1
politicono.com,,,,,,,,,,0,0,0,0,0,,1
proamericanews.com,,,,,,,,,,0,0,0,0,0,,1
proudcons.com,,,,,,,,,,0,0,0,0,0,,1
rhotv.com,,,,,,,,,,0,0,0,0,0,,1
thatviralfeed.net,,,,,,,,,,0,0,0,0,0,,1
theamericanindependent.wordpress.com,,,,,,,,,,0,0,0,0,0,,1
thecontroversialfiles.net,,,,,,,,,,0,0,0,0,0,,1
thelastgreatstand.com,,,,,,,,,,0,0,0,0,0,,1
trumpvision365.com,,,,,,,,,,0,0,0,0,0,,1
usa2016elections.com,,,,,,,,,,0,0,0,0,0,,1
usadailypolitics.com,,,,,,,,,,0,0,0,0,0,,1
usainfobox.com,,,,,,,,,,0,0,0,0,0,,1
usanewsinsider.com,,,,,,,,,,0,0,0,0,0,,1
usanewspolitics.com,,,,,,,,,,0,0,0,0,0,,1
usaonlinepolitics.com,,,,,,,,,,0,0,0,0,0,,1
usaphase.com,,,,,,,,,,0,0,0,0,0,,1
usatoday.com.co,,,,,,,,,,0,0,0,0,0,,1
usatwentyfour.com,,,,,,,,,,0,0,0,0,0,,1
usconservativetoday.com,,,,,,,,,,0,0,0,0,0,,1
usfanzone.com,,,,,,,,,,0,0,0,0,0,,1
uspoliticslive.com,,,,,,,,,,0,0,0,0,0,,1
washingtonfed.com,,,,,,,,,,0,0,0,0,0,,1
webdaily.com,,,,,,,,,,0,0,0,0,0,,1
worldpoliticsus.com,,,,,,,,,,0,0,0,0,0,,1
worldrumor.com,,,,,,,,,,0,0,0,0,0,,1
worldstoriestoday.com,,,,,,,,,,0,0,0,0,0,,1
yourfunpage.com,,,,,,,,,,0,0,0,0,0,,1
twitter.com/capnews,,,,,,,,,,0,0,0,0,0,,1
clickhole.com,,,,,,,,,,0,0,0,0,0,,1
creambmp.com,,,,,,,,,,0,0,0,0,0,,1
derfmagazine.com,,,,,,,,,,0,0,0,0,0,,1
duhprogressive.com,,,,,,,,,,0,0,0,0,0,,1
empirenews.com,,,,,,,,,,0,0,0,0,0,,1
cc.com/indecision,,,,,,,,,,0,0,0,0,0,,1
msnbc.co,,,,,,,,,,0,0,0,0,0,,1
news-hound.com,,,,,,,,,,0,0,0,0,0,,1
politicalears.com,,,,,,,,,,0,0,0,0,0,,1
sprotspickle.com,,,,,,,,,,0,0,0,0,0,,1
theuspatriot.com,,,,,,,,,,0,0,0,0,0,,1
activistmommy.com,,,,,,,,,,0,0,0,0,0,,1
ageofshitlords.com,,,,,,,,,,0,0,0,0,0,,1
english.alarabiya.net,,,,,,,,,,0,0,0,0,0,0.1911,0
english.almanar.com.lb,,,,,,,,,,0,0,0,0,0,0.1757,0
americamaxnews.com,,,,,,,,,,0,0,0,0,0,0.066,0
americanconservativemovement.com,,,,,,,,,,0,0,0,0,0,0.066,0
archaeology-world.com,,,,,,,,,,0,0,0,0,0,0.165,0
en.bbarta24.net,,,,,,,,,,0,0,0,0,0,0.165,0
english.cctv.com,,,,,,,,,,0,0,0,0,0,0.1772,0
america.cgtn.com,,,,,,,,,,0,0,0,0,0,0.165,0
facebook.com/conservativepoliticstoday,,,,,,,,,,0,0,0,0,0,,1
thedcgazette.com,,,,,,,,,,0,0,0,0,0,,1
everytown.org,,,,,,,,,,0,0,0,0,0,0.1744,0
en.farsnews.com,,,,,,,,,,0,0,0,0,0,,1
geologyin.com,,,,,,,,,,0,0,0,0,0,,1
hardnews.network,,,,,,,,,,0,0,0,0,0,0.165,0
en.hawarnews.com,,,,,,,,,,0,0,0,0,0,,1
jewwatch.com,,,,,,,,,,0,0,0,0,0,,1
knightstemplarinternational.com,,,,,,,,,,0,0,0,0,0,,1
ladbible.com,,,,,,,,,,0,0,0,0,0,,1
magapill.com,,,,,,,,,,0,0,0,0,0,0.165,0
en.mehrnews.com,,,,,,,,,,0,0,0,0,0,0.1721,0
en.mercopress.com,,,,,,,,,,0,0,0,0,0,0.1685,0
front.moveon.org,,,,,,,,,,0,0,0,0,0,0.1909,0
home.nra.org,,,,,,,,,,0,0,0,0,0,0.1815,0
newsservis.com,,,,,,,,,,0,0,0,0,0,,1
youtube.com/nextnewsnetwork,,,,,,,,,,0,0,0,0,0,,1
northorlandonews.com,,,,,,,,,,0,0,0,0,0,0.1061,0
northpalmbeachtoday.com,,,,,,,,,,0,0,0,0,0,0.1061,0
northpinellasnews.com,,,,,,,,,,0,0,0,0,0,0.1061,0
ntd.tv,,,,,,,,,,0,0,0,0,0,0,0
pascoreporter.com,,,,,,,,,,0,0,0,0,0,0.1061,0
patriotbeat.com,,,,,,,,,,0,0,0,0,0,,1
prideof-america.org,,,,,,,,,,0,0,0,0,0,,1
progresstribune.com,,,,,,,,,,0,0,0,0,0,0.165,0
en.protothema.gr,,,,,,,,,,0,0,0,0,0,,1
rightalerts.com,,,,,,,,,,0,0,0,0,0,,1
rodong.rep.kp/en,,,,,,,,,,0,0,0,0,0,,1
scconnnews.com,,,,,,,,,,0,0,0,0,0,0.1061,0
shafaaq.com,,,,,,,,,,0,0,0,0,0,,1
shariawatch.org.uk,,,,,,,,,,0,0,0,0,0,,1
skepticink.com,,,,,,,,,,0,0,0,0,0,0.1759,0
southlaketoday.com,,,,,,,,,,0,0,0,0,0,0.1061,0
speisa.com,,,,,,,,,,0,0,0,0,0,0.0695,0
studionewsnetwork.com,,,,,,,,,,0,0,0,0,0,0.165,0
sumtertimes.com,,,,,,,,,,0,0,0,0,0,0.1061,0
telesurtv.net,,,,,,,,,,0,0,0,0,0,,1
economictimes.indiatimes.com,,,,,,,,,,0,0,0,0,0,0.2015,0
eng.majalla.com,,,,,,,,,,0,0,0,0,0,0.1691,0
mynewsguru.com,,,,,,,,,,0,0,0,0,0,0.066,0
thepeoplestruth.com,,,,,,,,,,0,0,0,0,0,,1
sonsoflibertymedia.com,,,,,,,,,,0,0,0,0,0,0,0
facebook.com/thewashingtonstandard,,,,,,,,,,0,0,0,0,0,,1
usright-left.com,,,,,,,,,,0,0,0,0,0,,1
en.radiovaticana.va,,,,,,,,,,0,0,0,0,0,,1
westeldoradonews.com,,,,,,,,,,0,0,0,0,0,0.1061,0
westernsentinel.com,,,,,,,,,,0,0,0,0,0,,1
facebook.com/womensrightsnews,,,,,,,,,,0,0,0,0,0,,1
maga2020.us,,,,,,,,,,0,0,0,0,0,,1
ahtribune.com,,,,,,,,,,0,0,0,0,0,,1
ae911truth.org,,,,,,,,,,0,0,0,0,0,0.0825,0
www1.cbn.com,,,,,,,,,,0,0,0,0,0,0.203,0
fabiosa.com,,,,,,,,,,0,0,0,0,0,0.1688,0
faithit.com,,,,,,,,,,0,0,0,0,0,,1
ff911truthandunity.org,,,,,,,,,,0,0,0,0,0,,1
healthandmoneynews.wordpress.com,,,,,,,,,,0,0,0,0,0,,1
hellochristian.com,,,,,,,,,,0,0,0,0,0,0.165,0
herb.co,,,,,,,,,,0,0,0,0,0,0.165,0
higherperspectives.com,,,,,,,,,,0,0,0,0,0,0.165,0
homeopathyjournal.net,,,,,,,,,,0,0,0,0,0,,1
jeffereyjaxen.com,,,,,,,,,,0,0,0,0,0,,1
littlethings.com,,,,,,,,,,0,0,0,0,0,0.1815,0
sp.neuronation.com/en,,,,,,,,,,0,0,0,0,0,,1
online-updates.net,,,,,,,,,,0,0,0,0,0,0.165,0
sitsshow.blogspot.com,,,,,,,,,,0,0,0,0,0,,1
swprs.org,,,,,,,,,,0,0,0,0,0,0.165,0
thriveglobal.com,,,,,,,,,,0,0,0,0,0,0.1914,0
english.ahram.org.eg,,,,,,,,,,0.75,1,1,0.875,0.75,,1
aawsat.com/english,,,,,,,,,,0.75,1,1,0.875,0.75,,1
newideal.aynrand.org,,,,,,,,,,0.75,1,1,0.875,0.75,,1
cjnews.com,,,,,,,,,,0.75,1,1,0.875,0.75,,1
deseretnews.com,,,,,,,,,,0.75,1,1,0.875,0.75,,1
ilgiornale.it,,,,,,,,,,0.75,1,1,0.875,0.75,,1
leicestermercury.co.uk,,,,,,,,,,0.75,1,1,0.875,0.75,,1
lynx.media,,,,,,,,,,0.75,1,1,0.875,0.75,,1
asia.nikkei.com,,,,,,,,,,0.75,1,1,0.875,0.75,,1
cato.org/regulation,,,,,,,,,,0.75,1,1,0.875,0.75,,1
chronicle.augusta.com,,,,,,,,,,0.75,1,1,0.875,0.75,,1
thebrunswicknews.com,,,,,,,,,,0.75,1,1,0.875,0.75,,1
citizen.co.za,,,,,,,,,,0.75,1,1,0.875,0.75,,1
jpost.com/jerusalem-report,,,,,,,,,,0.75,1,1,0.875,0.75,,1
international.thenewslens.com,,,,,,,,,,0.75,1,1,0.875,0.75,,1
timesofindia.indiatimes.com,,,,,,,,,,0.75,1,1,0.875,0.75,,1
watchdog.org,,,,,,,,,,0.75,1,1,0.875,0.75,,1
magazine.atavist.com,,,,,,,,,,0.75,1,1,0.875,0.75,,1
boston.cbslocal.com,,,,,,,,,,0.75,1,1,0.875,0.75,,1
losangeles.cbslocal.com,,,,,,,,,,0.75,1,1,0.875,0.75,,1
ciponline.org,,,,,,,,,,0.75,1,1,0.875,0.75,,1
channel4.com/news,,,,,,,,,,0.75,1,1,0.875,0.75,,1
chicago.suntimes.com,,,,,,,,,,0.75,1,1,0.875,0.75,,1
earth.columbia.edu,,,,,,,,,,0.75,1,1,0.875,0.75,,1
facebook.com/news,,,,,,,,,,0.75,1,1,0.875,0.75,,1
fightforthefuture.org,,,,,,,,,,0.75,1,1,0.875,0.75,,1
news.google.com,,,,,,,,,,0.75,1,1,0.875,0.75,,1
greentechmedia.com,,,,,,,,,,0.75,1,1,0.875,0.75,,1
highline.huffingtonpost.com,,,,,,,,,,0.75,1,1,0.875,0.75,,1
daily.jstor.org,,,,,,,,,,0.75,1,1,0.875,0.75,,1
denver.cbslocal.com,,,,,,,,,,0.75,1,1,0.875,0.75,,1
sacramento.cbslocal.com,,,,,,,,,,0.75,1,1,0.875,0.75,,1
lastampa.it,,,,,,,,,,0.75,1,1,0.875,0.75,,1
lawandcrime.com,,,,,,,,,,0.75,1,1,0.875,0.75,,1
news.mongabay.com,,,,,,,,,,0.75,1,1,0.875,0.75,,1
newsandgutsmedia.com,,,,,,,,,,0.75,1,1,0.875,0.75,,1
nhk.or.jp/nhkworld,,,,,,,,,,0.75,1,1,0.875,0.75,,1
oilandwaterdontmix.org,,,,,,,,,,0.75,1,1,0.875,0.75,,1
phillytrib.com,,,,,,,,,,0.75,1,1,0.875,0.75,,1
phillyvoice.com,,,,,,,,,,0.75,1,1,0.875,0.75,,1
rightweb.irc-online.org,,,,,,,,,,0.75,1,1,0.875,0.75,,1
mysanantonio.com,,,,,,,,,,0.75,1,1,0.875,0.75,,1
shameproject.com,,,,,,,,,,0.75,1,1,0.875,0.75,,1
theautomaticearth.com,,,,,,,,,,0.75,1,1,0.875,0.75,0.0825,0
chinapost.nownews.com,,,,,,,,,,0.75,1,1,0.875,0.75,,1
thecitizen.org.au,,,,,,,,,,0.75,1,1,0.875,0.75,,1
newsite.thehindu.com,,,,,,,,,,0.75,1,1,0.875,0.75,,1
theguardian.com/observer,,,,,,,,,,0.75,1,1,0.875,0.75,,1
news.trust.org,,,,,,,,,,0.75,1,1,0.875,0.75,,1
wamu.org,,,,,,,,,,0.75,1,1,0.875,0.75,,1
worldpolicy.org,,,,,,,,,,0.75,1,1,0.875,0.75,,1
yaleglobal.yale.edu,,,,,,,,,,0.75,1,1,0.875,0.75,,1
1010wins.radio.com,,,,,,,,,,1,1,1,1,1,,1
news.abs-cbn.com,,,,,,,,,,1,1,1,1,1,,1
ad.nl,,,,,,,,,,1,1,1,1,1,,1
securingdemocracy.gmfus.org,,,,,,,,,,1,1,1,1,1,,1
news.amomama.com,,,,,,,,,,1,1,1,1,1,,1
atimes.com,,,,,,,,,,1,1,1,1,1,,1
us.blastingnews.com,,,,,,,,,,1,1,1,1,1,,1
philadelphia.cbslocal.com,,,,,,,,,,1,1,1,1,1,,1
dailybusinessreview.com,,,,,,,,,,1,1,1,1,1,,1
dpa-international.com,,,,,,,,,,1,1,1,1,1,,1
elkodaily.com,,,,,,,,,,1,1,1,1,1,,1
news.err.ee,,,,,,,,,,1,1,1,1,1,,1
freewheelus.com,,,,,,,,,,1,1,1,1,1,,1
gbtimes.com,,,,,,,,,,1,1,1,1,1,,1
greenvilleonline.com,,,,,,,,,,1,1,1,1,1,,1
news.harvard.edu,,,,,,,,,,1,1,1,1,1,,1
hoax-slayer.com,,,,,,,,,,1,1,1,1,1,,1
ijr.org,,,,,,,,,,1,1,1,1,1,,1
journals.cambridge.org,,,,,,,,,,1,1,1,1,1,,1
freemedia.at,,,,,,,,,,1,1,1,1,1,,1
kbmt–12newsnow.com,,,,,,,,,,1,1,1,1,1,,1
pittsburgh.cbslocal.com,,,,,,,,,,1,1,1,1,1,,1
ktuu.com,,,,,,,,,,1,1,1,1,1,,1
kusi.com,,,,,,,,,,1,1,1,1,1,,1
limacharlienews.com,,,,,,,,,,1,1,1,1,1,,1
mediashift.org,,,,,,,,,,1,1,1,1,1,,1
theneed2know.com,,,,,,,,,,1,1,1,1,1,,1
newsfactsnetwork.com,,,,,,,,,,1,1,1,1,1,,1
newzjunky.com,,,,,,,,,,1,1,1,1,1,,1
prnewswire.mediaroom.com,,,,,,,,,,1,1,1,1,1,,1
rfi.fr/en,,,,,,,,,,1,1,1,1,1,,1
roanoke.com,,,,,,,,,,1,1,1,1,1,,1
news.sky.com,,,,,,,,,,1,1,1,1,1,,1
stocknewsusa.com,,,,,,,,,,1,1,1,1,1,,1
news.hjnews.com,,,,,,,,,,1,1,1,1,1,,1
observatory.journalism.wisc.edu,,,,,,,,,,1,1,1,1,1,,1
outlook.monmouth.edu,,,,,,,,,,1,1,1,1,1,,1
c-span.org/wj,,,,,,,,,,1,1,1,1,1,,1
wetm–mytwintiers.com,,,,,,,,,,1,1,1,1,1,,1
en.wikinews.org,,,,,,,,,,1,1,1,1,1,,1
host.madison.com,,,,,,,,,,1,1,1,1,1,,1
newschannel5.com,,,,,,,,,,1,1,1,1,1,,1
wvec–13newsnow.com,,,,,,,,,,1,1,1,1,1,,1
wxia–11alive.com,,,,,,,,,,1,1,1,1,1,,1
additudemag.com,,,,,,,,,,1,1,1,1,1,,1
allianceforscience.cornell.edu,,,,,,,,,,1,1,1,1,1,,1
sites.agu.org,,,,,,,,,,1,1,1,1,1,,1
ajph.aphapublications.org,,,,,,,,,,1,1,1,1,1,,1
journal.frontiersin.org,,,,,,,,,,1,1,1,1,1,,1
web.randi.org,,,,,,,,,,1,1,1,1,1,,1
medicaldaily.com,,,,,,,,,,1,1,1,1,1,0.1815,0
ncdc.noaa.gov,,,,,,,,,,1,1,1,1,1,,1
theness.com,,,,,,,,,,1,1,1,1,1,,1
ncbi.nlm.nih.gov,,,,,,,,,,1,1,1,1,1,,1
journals.sagepub.com,,,,,,,,,,1,1,1,1,1,,1
scripps.ucsd.edu,,,,,,,,,,1,1,1,1,1,,1
significancemagazine.com,,,,,,,,,,1,1,1,1,1,,1
skyandtelescope.com,,,,,,,,,,1,1,1,1,1,,1
understandrealitythroughscience.blogspot.com,,,,,,,,,,1,1,1,1,1,,1
unenvironment.org,,,,,,,,,,1,1,1,1,1,,1
science.energy.gov,,,,,,,,,,1,1,1,1,1,,1
public.wmo.int,,,,,,,,,,1,1,1,1,1,,1
cnn-business-news.ga,,,,,,,,,,0,0,0,0,0,,1
kbc14.com,,,,,,,,,,0,0,0,0,0,,1
kcst7.com,,,,,,,,,,0,0,0,0,0,,1
kf13.com,,,,,,,,,,0,0,0,0,0,,1
krb7.com,,,,,,,,,,0,0,0,0,0,,1
kty24news.com,,,,,,,,,,0,0,0,0,0,,1
nydailynews-tv.com,,,,,,,,,,0,0,0,0,0,,1
observeronline.news,,,,,,,,,,0,0,0,0,0,,1
themiamigazette.com,,,,,,,,,,0,0,0,0,0,,1
werk35.com,,,,,,,,,,0,0,0,0,0,,1
westfieldpost.com,,,,,,,,,,0,0,0,0,0,,1
wrpm33.com,,,,,,,,,,0,0,0,0,0,,1
wy21news.com,,,,,,,,,,0,0,0,0,0,,1
blog.veterantv.net,,,,,,,,,,0,0.5,1,0.25,0,,1
freedomjunkshun.com,,,,,,,,,,0,0.5,1,0.25,0,,1
nunadisbereel.com,,,,,,,,,,0,0.5,1,0.25,0,,1
politicass.com,,,,,,,,,,0,0.5,1,0.25,0,,1
therealshtick.com,,,,,,,,,,0,0.5,1,0.25,0,,1
bestthings.us,,,,,,,,,,0.25,0,0,0.125,0,,1
blackinsurancenews.com,,,,,,,,,,0.25,0,0,0.125,0,,1
bluelinestrong.net,,,,,,,,,,0.25,0,0,0.125,0,,1
city-herald.com,,,,,,,,,,0.25,0,0,0.125,0,,1
conservative7.com,,,,,,,,,,0.25,0,0,0.125,0,,1
conservativepoliticus.com,,,,,,,,,,0.25,0,0,0.125,0,,1
dailystormer.com,,,,,,,,,,0.25,0,0,0.125,0,,1
ilovenativeamericans.us,,,,,,,,,,0.25,0,0,0.125,0,,1
mediamaxzone.com,,,,,,,,,,0.25,0,0,0.125,0,,1
nativeamericans.us,,,,,,,,,,0.25,0,0,0.125,0,,1
positivedaily.com,,,,,,,,,,0.25,0,0,0.125,0,,1
reflectionofmind.org,,,,,,,,,,0.25,0,0,0.125,0,,1
thesolexchange.com,,,,,,,,,,0.25,0,0,0.125,0,,1
topinfopost.con,,,,,,,,,,0.25,0,0,0.125,0,,1
urbanimagemagazine.com,,,,,,,,,,0.25,0,0,0.125,0,,1
welovenative.com,,,,,,,,,,0.25,0,0,0.125,0,,1
cato.org/blog,,,,,,,,,,0.5,0.5,1,0.5,0.5,,1
davidstockmanscontracorner.com,,,,,,,,,,0.5,0.5,1,0.5,0.5,,1
deadlinelive.info,,,,,,,,,,0.5,0.5,1,0.5,0.5,,1
filmsforaction.org,,,,,,,,,,0.5,0.5,1,0.5,0.5,,1
fusion.net,,,,,,,,,,0.5,0.5,1,0.5,0.5,,1
geopolmonitor.com,,,,,,,,,,0.5,0.5,1,0.5,0.5,,1
jackpineradicals.com,,,,,,,,,,0.5,0.5,1,0.5,0.5,,1
newcoldwar.org,,,,,,,,,,0.5,0.5,1,0.5,0.5,,1
presidentialvoting2016.com,,,,,,,,,,0.5,0.5,1,0.5,0.5,,1
americankabuki.blogspot.com,,,,,,,,,,0,0,0,0,0,,1
checkoutthehealthyworld.com,,,,,,,,,,0,0,0,0,0,,1
collectivelyconscious.net,,,,,,,,,,0,0,0,0,0,,1
galacticconnection.com,,,,,,,,,,0,0,0,0,0,,1
in5d.com,,,,,,,,,,0,0,0,0,0,,1
lifeprevention.com,,,,,,,,,,0,0,0,0,0,,1
rawforbeauty.com,,,,,,,,,,0,0,0,0,0,,1
realplanetnews.com,,,,,,,,,,0,0,0,0,0,,1
worldwidehealthy.com,,,,,,,,,,0,0,0,0,0,,1
bigbluedimension.com,,,,,,,,,,0.25,0.5,1,0.375,0.25,,1
magafeed.com,,,,,,,,,,0.25,0.5,1,0.375,0.25,,1
megafreshnews.com,,,,,,,,,,0.25,0.5,1,0.375,0.25,,1
dagospia.com,,,,,,,,,,,,,,,0.2739,0
4chan.org,,,,,,,,,,,,,,,0.2805,0
ria.ru,,,,,,,,,,,,,,,0.278,0
worldviewweekend.com,,,,,,,,,,,,,,,0.2706,0
rairfoundation.com,,,,,,,,,,,,,,,0.264,0
blckbx.tv,,,,,,,,,,,,,,,0.264,0
truthpress.com,,,,,,,,,,,,,,,0.264,0
populistpress.com,,,,,,,,,,,,,,,0.264,0
patriotfetch.com,,,,,,,,,,,,,,,0.264,0
goodsciencing.com,,,,,,,,,,,,,,,0.264,0
mtonews.com,,,,,,,,,,,,,,,0.264,0
waronfakes.com,,,,,,,,,,,,,,,0.264,0
stormer-daily.rw,,,,,,,,,,,,,,,0.264,0
2020electioncenter.com,,,,,,,,,,,,,,,0.264,0
yaliberty.org,,,,,,,,,,,,,,,0.2541,0
expose-news.com,,,,,,,,,,,,,,,0.2335,0
24jours.com,,,,,,,,,,,,,,,0.2145,0
it.sputniknews.com,,,,,,,,,,,,,,,0.2145,0
drnorthrup.com,,,,,,,,,,,,,,,0.2013,0
jbs.org,,,,,,,,,,,,,,,0.198,0
hagmannreport.com,,,,,,,,,,,,,,,0.198,0
dailysceptic.org,,,,,,,,,,,,,,,0.1896,0
presscalifornia.com,,,,,,,,,,,,,,,0.165,0
principia-scientific.com,,,,,,,,,,,,,,,0.1584,0
nationandstate.com,,,,,,,,,,,,,,,0.165,0
patrioticpost.com,,,,,,,,,,,,,,,0.165,0
de.rt.com,,,,,,,,,,,,,,,0.1643,0
vaccinepapers.org,,,,,,,,,,,,,,,0.165,0
z3news.com,,,,,,,,,,,,,,,0.165,0
freeworldnews.tv,,,,,,,,,,,,,,,0.165,0
fr.sputniknews.com,,,,,,,,,,,,,,,0.1714,0
americangulag.org,,,,,,,,,,,,,,,0.1485,0
thecovidworld.com,,,,,,,,,,,,,,,0.1485,0
conservative-headlines.org,,,,,,,,,,,,,,,0.1122,0
thealternativedaily.com,,,,,,,,,,,,,,,0.1155,0
doctors4covidethics.org,,,,,,,,,,,,,,,0.1221,0
altermedzentrum.com,,,,,,,,,,,,,,,0.099,0
snanews.de,,,,,,,,,,,,,,,0.0924,0
truth11.com,,,,,,,,,,,,,,,0.0759,0
covid19criticalcare.com,,,,,,,,,,,,,,,0.0726,0
nmws.us,,,,,,,,,,,,,,,0.066,0
dailystormer.su,,,,,,,,,,,,,,,0.0726,0
tashnews.com,,,,,,,,,,,,,,,0.066,0
borderlandalternativemedia.com,,,,,,,,,,,,,,,0.066,0
theirishsentinel.com,,,,,,,,,,,,,,,0.066,0
americasfrontlinedoctors.org,,,,,,,,,,,,,,,0.0495,0
santeplusmag.com,,,,,,,,,,,,,,,0.0267,0
ripostelaique.com,,,,,,,,,,,,,,,0.0147,0
politicslive.net,,,,,,,,,,,,,,,0,0
patriotfront.us,,,,,,,,,,,,,,,0.0046,0
christiansfortruth.com,,,,,,,,,,,,,,,0.0059,0
worldcouncilforhealth.org,,,,,,,,,,,,,,,0,0
anyavien.com,,,,,,,,,,,,,,,0,0
metrowesttimes.com,,,,,,,,,,,,,,,0,0
lesmoutonsrebelles.com,,,,,,,,,,,,,,,0,0
identityevropa.com,,,,,,,,,,,,,,,0,0
usadailyreview.com,,,,,,,,,,,,,,,0,0
2020conservative.com,,,,,,,,,,,,,,,0,0
afn.net,,,,,,,,,,,,,,,0,0
alphanews.org,,,,,,,,,,,,,,,0,0
altleft.news,,,,,,,,,,,,,,,0,0
americanlibertyemail.com,,,,,,,,,,,,,,,0,0
americanpartisan.org,,,,,,,,,,,,,,,0,0
americaoutloud.com,,,,,,,,,,,,,,,0,0
amg-news.com,,,,,,,,,,,,,,,0,0
beachbroadcastnews.com,,,,,,,,,,,,,,,0,0
cnnsofake.news,,,,,,,,,,,,,,,0,0
diamondandsilkinc.com,,,,,,,,,,,,,,,0,0
europereloaded.com,,,,,,,,,,,,,,,0,0
gender.news,,,,,,,,,,,,,,,0,0
homevaccineeducationnetwork.com,,,,,,,,,,,,,,,0,0
libertyplanets.com,,,,,,,,,,,,,,,0,0
libertywire.net,,,,,,,,,,,,,,,0,0
medicalcensorship.com,,,,,,,,,,,,,,,0,0
micdroppolitics.com,,,,,,,,,,,,,,,0,0
newnationalist.net,,,,,,,,,,,,,,,0,0
redpillpodcasts.com,,,,,,,,,,,,,,,0,0
roguereview.net,,,,,,,,,,,,,,,0,0
thebluestateconservative.com,,,,,,,,,,,,,,,0,0
thepulse.one,,,,,,,,,,,,,,,0,0
thepuristonline.com,,,,,,,,,,,,,,,0,0
theragingpatriot.org,,,,,,,,,,,,,,,0,0
vaccinesafety.info,,,,,,,,,,,,,,,0,0
vernoncoleman.org,,,,,,,,,,,,,,,0,0
westernjournal.com/commentary,,,,,,,,,,,,,,,0,0
winterwatch.net,,,,,,,,,,,,,,,0,0
worldgreynews.com,,,,,,,,,,,,,,,0,0
worldlifestyle.com,,,,,,,,,,,,,,,0,0
jw.org,,,,,,,,,,,,,,,0.297,0
origo.hu,,,,,,,,,,,,,,,0.2871,0
conservativeundergroundnews.com,,,,,,,,,,,,,,,0.264,0
shafaq.com,,,,,,,,,,,,,,,0.264,0
thecountersignal.com,,,,,,,,,,,,,,,0.264,0
desantisdaily.com,,,,,,,,,,,,,,,0.264,0
fireboebert.com,,,,,,,,,,,,,,,0.264,0
patriotpulse.net,,,,,,,,,,,,,,,0.264,0
cureus.com,,,,,,,,,,,,,,,0.264,0
youm7.com,,,,,,,,,,,,,,,0.2607,0
informer.rs,,,,,,,,,,,,,,,0.2145,0
thieme.de,,,,,,,,,,,,,,,0.1973,0
trialsitenews.com,,,,,,,,,,,,,,,0.1914,0
en.granma.cu,,,,,,,,,,,,,,,0.17,0
weibo.com,,,,,,,,,,,,,,,0.1696,0
visiontimes.com,,,,,,,,,,,,,,,0.1683,0
neiowanews.com,,,,,,,,,,,,,,,0.168,0
wellnessachiever.net,,,,,,,,,,,,,,,0.1678,0
fr24news.com,,,,,,,,,,,,,,,0.1678,0
rightsmarts.com,,,,,,,,,,,,,,,0.165,0
thedailycheck.net,,,,,,,,,,,,,,,0.165,0
populartechnology.net,,,,,,,,,,,,,,,0.165,0
presidentialhill.com,,,,,,,,,,,,,,,0.165,0
propornot.com,,,,,,,,,,,,,,,0.165,0
gopdailybrief.com,,,,,,,,,,,,,,,0.165,0
gmowatch.com,,,,,,,,,,,,,,,0.165,0
newsglobal.com,,,,,,,,,,,,,,,0.165,0
muricatoday.com,,,,,,,,,,,,,,,0.165,0
medusamagazine.com,,,,,,,,,,,,,,,0.165,0
ivmmeta.com,,,,,,,,,,,,,,,0.165,0
thegrayzone.com,,,,,,,,,,,,,,,0.165,0
thepatriotjournal.com,,,,,,,,,,,,,,,0.165,0
deepstatejournal.com,,,,,,,,,,,,,,,0.165,0
extraordinaryinfo.com,,,,,,,,,,,,,,,0.165,0
citizensjournal.us,,,,,,,,,,,,,,,0.165,0
xinhuanet.com,,,,,,,,,,,,,,,0.1642,0
vancouvertimes.org,,,,,,,,,,,,,,,0.148,0
northdsmnews.com,,,,,,,,,,,,,,,0.1061,0
swindiananews.com,,,,,,,,,,,,,,,0.1061,0
swgeorgianews.com,,,,,,,,,,,,,,,0.1061,0
westindynews.com,,,,,,,,,,,,,,,0.1061,0
wcindiananews.com,,,,,,,,,,,,,,,0.1061,0
ecgeorgianews.com,,,,,,,,,,,,,,,0.1049,0
desmoinessun.com,,,,,,,,,,,,,,,0.1049,0
elkharttimes.com,,,,,,,,,,,,,,,0.1049,0
eciowanews.com,,,,,,,,,,,,,,,0.1049,0
dubuquetimes.com,,,,,,,,,,,,,,,0.1049,0
cedarrapidstoday.com,,,,,,,,,,,,,,,0.1049,0
iowacitytoday.com,,,,,,,,,,,,,,,0.099,0
amestoday.com,,,,,,,,,,,,,,,0.099,0
boulderleader.com,,,,,,,,,,,,,,,0.099,0
alohastatenews.com,,,,,,,,,,,,,,,0.099,0
hawkeyereporter.com,,,,,,,,,,,,,,,0.099,0
theregionnews.com,,,,,,,,,,,,,,,0.099,0
centraliowatimes.com,,,,,,,,,,,,,,,0.0421,0
farsnews.ir,,,,,,,,,,,,,,,0.0396,0
swlouisiananews.com,,,,,,,,,,,,,,,0.0079,0
southiowanews.com,,,,,,,,,,,,,,,0.0079,0
westbanklanews.com,,,,,,,,,,,,,,,0.0079,0
waterlootimes.com,,,,,,,,,,,,,,,0.0079,0
riverbendtimes.com,,,,,,,,,,,,,,,0.0079,0
swiowatimes.com,,,,,,,,,,,,,,,0.0079,0
southdsmnews.com,,,,,,,,,,,,,,,0.0079,0
southlouisiananews.com,,,,,,,,,,,,,,,0.0079,0
westmassnews.com,,,,,,,,,,,,,,,0.0079,0
southmainenews.com,,,,,,,,,,,,,,,0.0079,0
geneseenews.com,,,,,,,,,,,,,,,0.0079,0
westpennyroyalnews.com,,,,,,,,,,,,,,,0.0079,0
wciowanews.com,,,,,,,,,,,,,,,0.0079,0
floridaparishnews.com,,,,,,,,,,,,,,,0.0079,0
swbluegrassnews.com,,,,,,,,,,,,,,,0.0079,0
riverparishnews.com,,,,,,,,,,,,,,,0.0079,0
northshorelanews.com,,,,,,,,,,,,,,,0.0079,0
nwiowanews.com,,,,,,,,,,,,,,,0.0079,0
wyandottetimes.com,,,,,,,,,,,,,,,0.0079,0
nolareporter.com,,,,,,,,,,,,,,,0.0079,0
northbaltimorejournal.com,,,,,,,,,,,,,,,0.0079,0
northbluegrassnews.com,,,,,,,,,,,,,,,0.0079,0
northbostonnews.com,,,,,,,,,,,,,,,0.0079,0
northiowareporter.com,,,,,,,,,,,,,,,0.0079,0
northkentuckynews.com,,,,,,,,,,,,,,,0.0079,0
nwlouisiananews.com,,,,,,,,,,,,,,,0.0079,0
sekentuckynews.com,,,,,,,,,,,,,,,0.0079,0
pelicanstatenews.com,,,,,,,,,,,,,,,0.0079,0
pinestatenews.com,,,,,,,,,,,,,,,0.0079,0
seiowanews.com,,,,,,,,,,,,,,,0.0079,0
sebluegrassnews.com,,,,,,,,,,,,,,,0.0079,0
portlandmainenews.com,,,,,,,,,,,,,,,0.0079,0
rivervalleytoday.com,,,,,,,,,,,,,,,0.0079,0
shreveportreporter.com,,,,,,,,,,,,,,,0.0079,0
siouxcitytimes.com,,,,,,,,,,,,,,,0.0079,0
nekentuckynews.com,,,,,,,,,,,,,,,0.0079,0
ncmassnews.com,,,,,,,,,,,,,,,0.0079,0
nckentuckynews.com,,,,,,,,,,,,,,,0.0079,0
nelouisiananews.com,,,,,,,,,,,,,,,0.0079,0
battlecreektimes.com,,,,,,,,,,,,,,,0,0
bristolreporter.com,,,,,,,,,,,,,,,0,0
eastmichigannews.com,,,,,,,,,,,,,,,0,0
downeasttimes.com,,,,,,,,,,,,,,,0,0
downrivertoday.com,,,,,,,,,,,,,,,0,0
batonrougereporter.com,,,,,,,,,,,,,,,0,0
easternwaynetoday.com,,,,,,,,,,,,,,,0,0
eastkentuckytimes.com,,,,,,,,,,,,,,,0,0
eastlouisvillenews.com,,,,,,,,,,,,,,,0,0
baystatenews.com,,,,,,,,,,,,,,,0,0
beantowntimes.com,,,,,,,,,,,,,,,0,0
annearundeltoday.com,,,,,,,,,,,,,,,0,0
bowlinggreentoday.com,,,,,,,,,,,,,,,0,0
bluegrasstimes.com,,,,,,,,,,,,,,,0,0
capecodledger.com,,,,,,,,,,,,,,,0,0
baltimorecitywire.com,,,,,,,,,,,,,,,0,0
eastpennyroyalnews.com,,,,,,,,,,,,,,,0,0
mexicobusinessdaily.com,,,,,,,,,,,,,,,0,0
midcoasttoday.com,,,,,,,,,,,,,,,0,0
micatholictribune.com,,,,,,,,,,,,,,,0,0
micapitolnews.com,,,,,,,,,,,,,,,0,0
mibusinessdaily.com,,,,,,,,,,,,,,,0,0
miamistandard.news,,,,,,,,,,,,,,,0,0
metrolexnews.com,,,,,,,,,,,,,,,0,0
merrimackvalleynews.com,,,,,,,,,,,,,,,0,0
mdstatewire.com,,,,,,,,,,,,,,,0,0
mdbusinessdaily.com,,,,,,,,,,,,,,,0,0
midmassnews.com,,,,,,,,,,,,,,,0,0
montgomerymdnews.com,,,,,,,,,,,,,,,0,0
manilabusinessdaily.com,,,,,,,,,,,,,,,0,0
mainelakesnews.com,,,,,,,,,,,,,,,0,0
mainehighlandsnews.com,,,,,,,,,,,,,,,0,0
houmathibodauxnews.com,,,,,,,,,,,,,,,0,0
eckansasnews.com,,,,,,,,,,,,,,,0,0
elizabethtowntimes.com,,,,,,,,,,,,,,,0,0
grandrapidsreporter.com,,,,,,,,,,,,,,,0,0
greatlakeswire.com,,,,,,,,,,,,,,,0,0
hollandreporter.com,,,,,,,,,,,,,,,0,0
hopkinsvilletimes.com,,,,,,,,,,,,,,,0,0
howardconews.com,,,,,,,,,,,,,,,0,0
macombtoday.com,,,,,,,,,,,,,,,0,0
hutchtoday.com,,,,,,,,,,,,,,,0,0
jacksonpurchasenews.com,,,,,,,,,,,,,,,0,0
kalamazootimes.com,,,,,,,,,,,,,,,0,0
lafayettereporter.com,,,,,,,,,,,,,,,0,0
lansingsun.com,,,,,,,,,,,,,,,0,0
lawrencereporter.com,,,,,,,,,,,,,,,0,0
lewistontimes.com,,,,,,,,,,,,,,,0,0
littleappletimes.com,,,,,,,,,,,,,,,0,0
louisvillecitywire.com,,,,,,,,,,,,,,,0,0
mabusinessdaily.com,,,,,,,,,,,,,,,0,0
jocotoday.com,,,,,,,,,,,,,,,0,0
andersoninstitute.com,,,,,,,,,,,,,,,0,0
bluestatebluesnews.com,,,,,,,,,,,,,,,0,0
bostonbroadside.com,,,,,,,,,,,,,,,0,0
c19budesonide.com,,,,,,,,,,,,,,,0,0
c19colchicine.com,,,,,,,,,,,,,,,0,0
c19curcumin.com,,,,,,,,,,,,,,,0,0
c19early.com,,,,,,,,,,,,,,,0,0
c19favipiravir.com,,,,,,,,,,,,,,,0,0
c19fluvoxamine.com,,,,,,,,,,,,,,,0,0
c19hcq.com,,,,,,,,,,,,,,,0,0
c19melatonin.com,,,,,,,,,,,,,,,0,0
c19nitazoxanide.com,,,,,,,,,,,,,,,0,0
c19ns.com,,,,,,,,,,,,,,,0,0
c19proxalutamide.com,,,,,,,,,,,,,,,0,0
c19pvpi.com,,,,,,,,,,,,,,,0,0
c19quercetin.com,,,,,,,,,,,,,,,0,0
c19vitamind.com,,,,,,,,,,,,,,,0,0
c19zinc.com,,,,,,,,,,,,,,,0,0
conservativeglobe.com,,,,,,,,,,,,,,,0,0
dissident-mag.com,,,,,,,,,,,,,,,0,0
gript.ie,,,,,,,,,,,,,,,0,0
headlineusa.com,,,,,,,,,,,,,,,0,0
icandecide.org,,,,,,,,,,,,,,,0,0
israel365news.com,,,,,,,,,,,,,,,0,0
livingstonetoday.com,,,,,,,,,,,,,,,0,0
mena.org.eg/en,,,,,,,,,,,,,,,0,0
morningpoll.com,,,,,,,,,,,,,,,0,0
nationalzero.com,,,,,,,,,,,,,,,0,0
nckansasnews.com,,,,,,,,,,,,,,,0,0
nekansasnews.com,,,,,,,,,,,,,,,0,0
northwichitanews.com,,,,,,,,,,,,,,,0,0
nwkansasnews.com,,,,,,,,,,,,,,,0,0
patriotuproar.com,,,,,,,,,,,,,,,0,0
rightnewswire.com,,,,,,,,,,,,,,,0,0
sckansasnews.com,,,,,,,,,,,,,,,0,0
sekansasnews.com,,,,,,,,,,,,,,,0,0
southwichitanews.com,,,,,,,,,,,,,,,0,0
springfieldcitywire.com,,,,,,,,,,,,,,,0,0
steadfastclash.com,,,,,,,,,,,,,,,0,0
sunflowerstatenews.com,,,,,,,,,,,,,,,0,0
swkansasnews.com,,,,,,,,,,,,,,,0,0
thegoptimes.com,,,,,,,,,,,,,,,0,0
thejewishvoice.com,,,,,,,,,,,,,,,0,0
thelibertyrevolution.com,,,,,,,,,,,,,,,0,0
topekasun.com,,,,,,,,,,,,,,,0,0
usacrime.com/hoodsite,,,,,,,,,,,,,,,0,0
westdsmnews.com,,,,,,,,,,,,,,,0,0
wichitastandard.com,,,,,,,,,,,,,,,0,0
wndnewscenter.org,,,,,,,,,,,,,,,0,0
yournews.com,,,,,,,,,,,,,,,0,0
